motif_id	motif_name	category	summary	related_deities	related_shrines	related_regions	related_clans	related_myths	earliest_sources	symbolic_meaning	ritual_meaning	political_meaning	archaeological_possible_relation	related_folklore	notes
MOTIF-001	国譲り	王権神話	出雲が地上の支配を皇統に譲る神話	DEI-001|DEI-011|DEI-012|DEI-013	SHR-001|SHR-007|SHR-008	出雲・常陸・下総	CLN-001|CLN-008|CLN-009	MYTH-002	古事記|書紀|神賀詞	祭祀権の譲渡	出雲祭祀の朝廷化	ヤマト王権の出雲服属の神話化(L2)	銅鐸祭祀の終焉(IZM-009)	-	HYP-004
MOTIF-002	天孫降臨	王権神話	ニニギが高千穂に降臨	DEI-015|DEI-007	SHR-042|SHR-067	日向・大隅	-	MYTH-067	古事記|書紀	皇統の天上起源	皇統の正統化	日向高千穂と霧島高千穂の論争	-	-	高千穂比定論争
MOTIF-003	国生み・国産み	王権神話	イザナギ・イザナミによる島々の生成	DEI-005|DEI-006	-	日本列島全体	-	-	古事記|書紀	国土の神聖性起源	全国祭祀の根拠	日本列島=神聖空間化	-	-	列島誕生の神話
MOTIF-004	三種神器	王権神話	草薙剣・八咫鏡・八尺瓊勾玉	DEI-003	SHR-002|SHR-126|SHR-011	伊勢・尾張・大和	皇統	-	古事記|書紀	皇位の象徴	皇統正統化	皇統の物質的根拠	古墳出土剣鏡玉	-	皇位継承の中核
MOTIF-005	神武東征	王権神話	神武天皇の日向→大和東遷	DEI-051|DEI-016	-	日向〜大和	皇統	MYTH-049|MYTH-050	古事記|書紀	皇統の地理的確立	大和王権成立	弥生人東遷の神話化説(L2-L4)	大和盆地の弥生集落	落人伝承との混同注意	皇紀基準
MOTIF-006	崇神朝祭祀整備	王権神話	大物主祟りを大田田根子で鎮める	DEI-014	SHR-010	大和(三輪)	CLN-015	MYTH-059	書紀崇神紀	古層神祇制度の起点	王権祭祀の確立	纒向期祭祀の起源神話	纒向遺跡	-	祟り神信仰の原型
MOTIF-007	国造神賀詞奏上	王権神話	出雲国造による朝廷祭祀	DEI-013	SHR-001	出雲・大和	CLN-001	-	続日本紀|延喜式	祭祀朝貢	出雲祭祀の中央化	出雲国造の地位確認	-	-	霊亀2年(716)初奏上
MOTIF-008	出雲振根説話	王権神話	崇神朝の出雲神宝献上事件	-	-	出雲	CLN-001	MYTH-006	書紀崇神紀	祭祀権の収奪	出雲のヤマト服属	6世紀史実反映説(L2)	-	-	書紀のみ
MOTIF-009	八幡神顕現	王権神話	欽明朝に八幡神宇佐顕現	DEI-035	SHR-016	豊前(宇佐)	-	MYTH-071	宇佐宮御託宣集	皇統との結合	八幡=応神同体	古代北部九州祭祀の神話化	-	-	全国八幡信仰起点
MOTIF-010	神功皇后三韓征討	王権神話	神功皇后による朝鮮半島征討伝	-	SHR-073|SHR-009|SHR-015	筑紫・朝鮮半島	CLN-021|CLN-029|CLN-016	MYTH-039	書紀	古代対朝鮮交渉の神話化	八幡信仰の前提	古代国際関係(L2)	-	-	史実性は議論
MOTIF-011	皇統正統化編集	王権神話	古事記書紀による神話編集	-	-	大和	皇統	-	古事記|書紀	-	国家祭祀の構築	8世紀のヤマト王権による神話化	-	-	編纂年(712/720)と描く時代の分離
MOTIF-012	倭王権神話化	王権神話	倭国(古墳期)→ヤマト王権の神話化	-	-	大和	-	-	書紀	古墳時代国家形成	王権神話化	古墳期史実の神話的再構成(L2)	前方後円墳	-	-
MOTIF-013	出雲国引き	王権神話	八束水臣津野命の国引き	DEI-024	-	出雲・新羅・隠岐・高志	-	MYTH-001	出雲国風土記	国土創成	出雲創成	地方独自神話の保存	-	-	記紀には欠落
MOTIF-014	垂仁朝伊勢創建	王権神話	倭姫命の御杖代巡幸と伊勢創建	DEI-003	SHR-002	伊勢	-	-	書紀垂仁紀	皇祖神の地理的確立	国家祭祀	元伊勢諸候補との論争	-	-	倭姫命世記
MOTIF-015	神武即位	王権神話	神武の橿原宮即位	-	-	大和	皇統	-	書紀神武紀	皇統の起点	皇紀の根拠	BCE 660 は文献世界観	-	-	皇紀基準
MOTIF-016	黄泉国	冥界他界	イザナミが葬られた地下世界	DEI-005|DEI-006	SHR-027	出雲(揖夜)	-	MYTH-013	古事記|書紀	冥界	生死観	冥界=地下の起源	-	黄泉戸喫	イザナギ訪問
MOTIF-017	根の堅州国	冥界他界	スサノオの世界、大国主の試練の地	DEI-002|DEI-001	-	出雲西部?	-	MYTH-007	古事記	冥界訪問	王権神器獲得	根の国=地下/別世界/出雲	-	-	書紀本文には欠落
MOTIF-018	常世国	冥界他界	海の彼方の理想郷	DEI-020	-	海上	-	MYTH-029	古事記|風土記	他界	海洋民の他界観	常世=海の彼方	-	浦島伝	スクナビコナ常世帰還
MOTIF-019	死者の国	冥界他界	死後の世界の表象	DEI-001	-	全国	-	-	諸資料	生死観	平田篤胤幽冥論	死後管掌神=大国主	-	-	諸地方の冥界譚
MOTIF-020	補陀落浄土	冥界他界	那智から船出する浄土	-	SHR-091|SHR-093	紀伊	-	MYTH-051	諸記録	浄土	熊野信仰	補陀落渡海(L1)	-	-	平安〜江戸期
MOTIF-021	月山(死後世界)	冥界他界	月山は死後の世界	DEI-004	SHR-113	出羽	-	MYTH-085	出羽三山社伝	山岳=死後	出羽三山三世観	-	-	-	羽黒=現世、湯殿=未来
MOTIF-022	死と再生	冥界他界	岩戸籠もり等の死再生	DEI-003	-	全国	-	-	古事記|書紀	生命の循環	冬至祭祀	-	-	-	岩戸神話の核
MOTIF-023	黄泉比良坂	冥界他界	生界と冥界の境	DEI-005|DEI-006	SHR-027	出雲(揖夜)	-	MYTH-013	古事記|書紀	境界	冥界信仰	黄泉=出雲東端	-	-	千引石で塞ぐ
MOTIF-024	千引石	冥界他界	生死を分ける石	DEI-005|DEI-006	-	出雲	-	-	古事記	境界石	岩石信仰	-	諸地方の千引石	-	-
MOTIF-025	蘇生(医療)	冥界他界	大国主の母神蘇生など	DEI-001|DEI-020	-	全国	-	IZM-035	古事記	医療神話	医薬祭祀	-	-	-	貝比売・蛤貝比売
MOTIF-026	八岐大蛇	蛇神龍神	スサノオが退治した八頭八尾の蛇	DEI-002	SHR-025|SHR-026	出雲(肥河)	-	MYTH-004	古事記|書紀	蛇神	出雲祭祀の核	斐伊川氾濫/製鉄民/部族抗争	砂鉄文化	-	HYP-002
MOTIF-027	蛇神信仰	蛇神龍神	全国の蛇を神とする信仰	DEI-014	SHR-010	全国	-	-	諸記録	水神=蛇=農耕	農耕祭祀	-	-	全国蛇婿入り譚	-
MOTIF-028	龍蛇神	蛇神龍神	龍と蛇の融合神格	-	SHR-001|SHR-006	出雲・諏訪	-	MYTH-007|MYTH-024	諸記録	水神	諏訪龍神・出雲海蛇	-	-	-	-
MOTIF-029	三輪山型神婚	蛇神龍神	夜訪れる神(蛇)が朝に蛇と判明	DEI-014	SHR-010	大和	-	MYTH-060	古事記|書紀	異類婚	蛇神祭祀	-	-	全国蛇婿入り	-
MOTIF-030	諏訪龍蛇神	蛇神龍神	諏訪湖の龍蛇神	DEI-010	SHR-006	諏訪	-	MYTH-024	諸資料	諏訪明神の正体	諏訪湖祭祀	-	諏訪湖御渡	-	-
MOTIF-031	九頭龍	蛇神龍神	戸隠等の九つ頭の龍	-	-	信濃・全国	-	-	諸社伝	龍王	山岳水神	-	-	-	戸隠九頭龍信仰
MOTIF-032	海蛇(セグロウミヘビ)	蛇神龍神	出雲神在月の竜蛇神	-	SHR-001	出雲	-	-	出雲社伝	神の使い	神迎神事	-	-	-	冬季の漂着海蛇神格化
MOTIF-033	河童	蛇神龍神	水辺の精霊	-	-	全国	-	-	諸民俗	水妖	水辺信仰	-	-	遠野河童	-
MOTIF-034	水神=蛇	蛇神龍神	水神の蛇形象	-	-	全国	-	-	諸民俗	水と蛇の同一視	農耕祭祀	-	-	-	-
MOTIF-035	大物主の蛇身	蛇神龍神	大物主が蛇の姿	DEI-014	SHR-010	大和	CLN-015	MYTH-060	書紀	神の本体	大神神社祭祀	-	-	-	崇神紀百襲姫譚
MOTIF-036	諏訪御渡	蛇神龍神	諏訪湖の氷の裂け目=神の渡御	DEI-010	SHR-043	諏訪	-	MYTH-024	地方民俗	冬季気象の祭祀化	諏訪年占	-	-	-	八剣神社判定
MOTIF-037	白蛇信仰	蛇神龍神	白蛇を神の使いとする	DEI-019	-	全国	-	-	諸社伝	弁才天との習合	-	-	-	-	厳島・竹生島
MOTIF-038	諸地方の龍神	蛇神龍神	各地の龍神信仰	-	-	全国	-	-	諸社伝	水神	全国水辺祭祀	-	-	-	-
MOTIF-039	古代蛇神祭祀	蛇神龍神	弥生・古墳期の蛇神祭祀	-	-	全国	-	-	考古学	-	古代蛇神祭祀	子持勾玉(三輪山)等	-	-	-
MOTIF-040	蛇腹巻き伝承	蛇神龍神	蛇に巻かれる神話	-	-	全国	-	-	諸民俗	守護神	-	-	-	-	諸地方
MOTIF-041	海宮神話	海洋海神	山幸彦の海宮訪問	DEI-037|DEI-039	SHR-068|SHR-083	日向・対馬	-	MYTH-041	古事記|書紀	海洋他界	皇統と海神族の結合	海人族と皇統	-	-	皇統の祖母=豊玉姫
MOTIF-042	ワタツミ三神	海洋海神	綿津見の三柱の神	-	SHR-079|SHR-082	筑前・対馬	CLN-021	-	古事記	海そのもの	海洋祭祀	阿曇族祭祀の核	-	-	底津/中津/上津
MOTIF-043	住吉三神	海洋海神	底筒・中筒・表筒の海路守護神	-	SHR-015|SHR-080	摂津・筑前	CLN-029	MYTH-043	古事記|書紀	海路守護	海上交通祭祀	国家海路祭祀	-	-	禊で生成
MOTIF-044	宗像三女神	海洋海神	タギリ・タギツ・イチキシマ	DEI-017|DEI-018|DEI-019	SHR-009|SHR-077|SHR-078	筑前	CLN-016	MYTH-036	古事記|書紀	海上交通	国家海路祭祀	古代対外交渉	沖ノ島祭祀遺物	-	誓約で生成
MOTIF-045	神功皇后航海	海洋海神	三韓征討時の航海	-	SHR-073|SHR-009|SHR-015	筑紫	CLN-021|CLN-029	MYTH-039	書紀	古代対朝鮮	-	-	-	-	-
MOTIF-046	阿曇磯良	海洋海神	阿曇族の海人英雄	-	SHR-079	筑前	CLN-021	MYTH-040	筑前風土記逸文	海人族祖	阿曇祭祀の核	-	-	貝の付着	-
MOTIF-047	海上交通祭祀	海洋海神	古代の航海祭祀	-	SHR-009|SHR-015	全海岸線	-	MYTH-047	諸記録	-	全国海路祭祀	-	-	-	-
MOTIF-048	沖ノ島祭祀	海洋海神	古墳期〜平安期の国家祭祀	DEI-017	SHR-077	玄界灘	CLN-016	MYTH-037	発掘調査	「海の正倉院」	国家対外祭祀	国宝祭祀遺物	-	-	2017年世界遺産
MOTIF-049	海幸山幸	海洋海神	海幸彦・山幸彦の兄弟譚	DEI-037|DEI-038	SHR-065	日向	CLN-037	MYTH-041	古事記|書紀	海と山	皇統と隼人	隼人=海幸末裔	-	-	-
MOTIF-050	補陀落渡海	海洋海神	那智から船出する	-	SHR-091|SHR-093	紀伊	-	MYTH-051	諸記録	浄土	熊野信仰	平安〜江戸	-	-	即身渡海
MOTIF-051	籠神社元伊勢	海洋海神	伊勢以前の祭祀地	-	SHR-085	丹後	CLN-028	MYTH-046	籠神社社伝	伊勢前史	-	元伊勢候補(L2)	-	-	海部氏系図(国宝)
MOTIF-052	安曇野移住	海洋海神	阿曇族の信濃移住	-	-	信濃	CLN-021	MYTH-103	地名研究	海人族の内陸進出	-	古代海人ネットワーク(L2-L3)	-	-	安曇=阿曇
MOTIF-053	隼人海洋	海洋海神	隼人の海洋系譜	-	-	南九州	CLN-037	-	書紀	海幸彦末裔	隼人軍事氏族	-	-	-	-
MOTIF-054	禊	海洋海神	イザナギの禊から三貴子・住吉三神誕生	DEI-005	SHR-015	筑紫日向(神話空間)	-	MYTH-043	古事記	浄化	禊神事	全国の禊	-	-	-
MOTIF-055	船霊	海洋海神	船の守護神	-	-	全国海岸	-	-	諸民俗	漁業守護	漁撈祭祀	-	-	-	-
MOTIF-056	太陽神	太陽月星	アマテラス、皇祖神	DEI-003	SHR-002	伊勢	皇統	-	古事記|書紀	光明	国家祭祀	皇統の中軸	-	-	-
MOTIF-057	天岩戸	太陽月星	アマテラスの岩戸籠もり	DEI-003	SHR-064|SHR-074(関連)	日向(高千穂)	-	MYTH-078	古事記|書紀	太陽蘇生	冬至祭祀	-	-	岩戸神楽	-
MOTIF-058	日没信仰	太陽月星	日御碕神社	DEI-003	SHR-022	出雲	-	-	日御碕社伝	夜の守護	国家祭祀(西方)	伊勢=日昇/日御碕=日没社伝	-	-	-
MOTIF-059	月神	太陽月星	ツクヨミ	DEI-004	-	伊勢別宮	-	-	古事記|書紀	月	夜の祭祀	-	-	-	月読宮(伊勢)
MOTIF-060	月山信仰	太陽月星	月山修験	-	SHR-113	出羽	-	MYTH-085	出羽三山社伝	月=死後	月山修験	-	-	-	-
MOTIF-061	妙見信仰	太陽月星	北極星(北辰)信仰	-	-	全国	-	-	諸社伝	北辰	中世以降	中国系	-	秩父神社	-
MOTIF-062	北辰信仰	太陽月星	北極星=天皇	-	-	皇都	-	-	諸記録	-	皇統	中国陰陽道の影響	-	-	-
MOTIF-063	日輪	太陽月星	太陽の意匠	DEI-003	-	-	-	-	諸資料	-	-	-	-	-	-
MOTIF-064	三日月信仰	太陽月星	月の象徴	DEI-004	-	-	-	-	-	-	-	-	-	-	月読宮との関連
MOTIF-065	七夕	太陽月星	星祭り	-	-	全国	-	-	諸記録	-	夏祭祀	中国渡来	-	-	古代以来
MOTIF-066	山岳信仰	山神山岳	山自体を神とする信仰	-	全国	全国	-	-	諸資料	山=神	最古層神道	-	-	-	-
MOTIF-067	神体山	山神山岳	山自体が神体	DEI-014	SHR-010|SHR-039	大和(三輪)・諏訪(守屋)	-	MYTH-058	古事記	山=神体	本殿無し祭祀	-	三輪山祭祀遺跡	-	-
MOTIF-068	神奈備	山神山岳	神聖な山	-	-	全国	-	-	諸記録	-	最古層	-	-	-	-
MOTIF-069	修験道	山神山岳	山岳での修行と神仏習合	-	出羽三山|白山|熊野	全国	-	MYTH-053	諸修験書	山岳修行	全国修験	役小角伝	-	山伏	-
MOTIF-070	山伏	山神山岳	修験者	-	-	全国	-	-	諸資料	-	修験儀礼	-	-	-	-
MOTIF-071	大山祇	山神山岳	山神総体	DEI-046	SHR-032	伊予	-	-	古事記	山神総祖	-	-	-	-	伊予一宮
MOTIF-072	大山咋	山神山岳	日吉山王神	DEI-047	SHR-014(山王)	近江	-	-	古事記	山王	山王神道	-	-	-	-
MOTIF-073	山の神(マタギ)	山神山岳	狩猟者守護	-	-	東北・諏訪	-	MYTH-008	諸民俗	狩猟神	マタギ祭祀	-	-	-	女神
MOTIF-074	富士山信仰	山神山岳	浅間大神(コノハナサクヤ)	DEI-048	SHR-031|SHU-007	駿河甲斐	-	-	浅間社伝	富士=神山	富士講	-	山頂祭祀	-	-
MOTIF-075	白山信仰	山神山岳	ククリヒメ祭祀	DEI-059	SHR-047|SHU-004	加賀越前美濃	-	-	白山社伝	山岳神	白山修験	-	-	-	全国白山神社2700+
MOTIF-076	立山信仰	山神山岳	立山地獄信仰	-	SHU-005	越中	-	-	立山社伝	地獄	立山修験	-	-	-	女人禁制
MOTIF-077	出羽三山	山神山岳	月山・羽黒・湯殿山	-	SHR-113|SHR-114|SHR-115	出羽	-	MYTH-084	出羽三山社伝	三世観	出羽修験	-	-	即身仏	羽黒=現世
MOTIF-078	戸隠	山神山岳	天手力雄命祭祀	-	SHU-006	信濃	-	-	戸隠社伝	岩戸神	戸隠修験	-	-	九頭龍	-
MOTIF-079	御嶽	山神山岳	木曽御嶽	-	SHU-017	信濃美濃	-	-	御嶽社伝	-	御嶽講	近世盛行	-	-	御嶽教
MOTIF-080	八ヶ岳	山神山岳	諏訪盆地北方	-	-	信濃	-	-	諸民俗	-	諏訪信仰圏	-	縄文遺跡集中	-	-
MOTIF-081	金山彦神	鍛冶製鉄	金属神総体	-	南宮大社	美濃	-	-	古事記	金属神	鍛冶守護	-	-	-	南宮大社=美濃一宮
MOTIF-082	金屋子神	鍛冶製鉄	出雲の製鉄神	-	金屋子神社	奥出雲	山内・絲原・桜井	-	諸社伝	製鉄神	たたら祭祀	近世のたたら(L1)	-	-	-
MOTIF-083	天目一箇神	鍛冶製鉄	忌部氏祖伝の鍛冶神	-	-	忌部諸地	CLN-013	-	古語拾遺	鍛冶	-	-	-	-	-
MOTIF-084	ヤマタノオロチ製鉄説	鍛冶製鉄	オロチ=製鉄民征服譚	DEI-002	-	出雲	-	MYTH-095	HYP-002	製鉄/征服	-	古代製鉄証拠不在(IZM-094)反証	砂鉄文化	-	L4
MOTIF-085	草薙剣	鍛冶製鉄	皇統の剣	DEI-016	SHR-126	尾張	CLN-030	-	古事記|書紀	皇統の剣	王権祭祀	出雲産鉄剣説	-	-	尾張氏継承
MOTIF-086	七支刀	鍛冶製鉄	石上神宮所蔵の国宝	-	SHR-011	大和(石上)	CLN-009	-	書紀|発掘	-	物部氏祭祀	CE369銘文	-	-	国宝
MOTIF-087	出雲たたら	鍛冶製鉄	近世以降の確実な製鉄	-	-	奥出雲	山内・絲原・桜井	-	近世史料	-	日本刀供給	-	菅谷たたら	-	-
MOTIF-088	吉備製鉄	鍛冶製鉄	古代の製鉄遺跡群	-	-	備中備前	CLN-026	-	発掘調査	-	-	温羅伝承との連結	-	-	-
MOTIF-089	温羅	鍛冶製鉄	吉備の渡来製鉄民伝	-	-	備中	-	-	諸地方伝承	製鉄民	-	渡来製鉄民説(L2)	-	-	吉備津彦退治譚
MOTIF-090	鍛冶神信仰	鍛冶製鉄	全国の鍛冶守護	-	南宮大社|稲荷	全国	-	-	諸社伝	-	鍛冶守護	-	-	-	-
MOTIF-091	カグツチ	火山火神	イザナミ死因の火神	-	愛宕|秋葉	全国	-	-	古事記	火	火祭祀	-	-	-	-
MOTIF-092	阿蘇火山	火山火神	阿蘇カルデラの神格化	DEI-064	SHR-059	肥後	CLN-036	MYTH-069	阿蘇社伝	火山	阿蘇祭祀	7万年前カルデラ	-	-	-
MOTIF-093	阿蘇カルデラ	火山火神	地形の神話化	-	SHR-059	肥後	CLN-036	MYTH-075	阿蘇社伝|地質学	-	-	地質的事実(L4)	-	-	-
MOTIF-094	霧島火山	火山火神	霧島山岳信仰	-	SHR-067	大隅	-	-	霧島社伝	-	霧島修験	-	-	-	高千穂峯比定論争
MOTIF-095	富士火山	火山火神	富士山の火山活動	-	SHR-031|SHU-007	駿河	-	-	浅間社伝	-	富士信仰	-	-	-	-
MOTIF-096	立山地獄	火山火神	立山火山地形	-	SHU-005	越中	-	-	立山社伝	地獄	立山修験	-	-	-	-
MOTIF-097	浅間信仰	火山火神	浅間山	-	-	信濃上野	-	-	-	-	-	-	-	-	コノハナ祭祀
MOTIF-098	火渡り	火山火神	修験の火渡り神事	-	大峰|出羽三山	全国	-	-	諸修験	浄化	修験儀礼	-	-	-	-
MOTIF-099	愛宕権現	火山火神	愛宕神社の火神	-	愛宕神社	山城	-	-	諸記録	火防	-	-	-	-	全国愛宕神社
MOTIF-100	秋葉権現	火山火神	秋葉山の火神	-	秋葉山本宮秋葉神社	遠江	-	-	諸記録	火防	-	近世以降	-	-	-
MOTIF-101	水神	水神	全国の水神	-	-	全国	-	-	諸記録	-	-	-	-	-	諸地方
MOTIF-102	龍神	水神	水神の龍化	-	-	全国	-	-	諸資料	-	-	-	-	-	諸地方
MOTIF-103	那智の滝	水神	日本三大名瀑	-	SHR-093	紀伊	-	MYTH-055	那智社伝	滝信仰	-	-	-	-	-
MOTIF-104	廣瀬大社	水神	大和の水神	-	SHR-103	大和	-	-	延喜式	水神	-	龍田大社と一対	-	-	-
MOTIF-105	川の神	水神	諸河川の神	-	-	全国	-	-	諸民俗	-	-	-	-	-	諸地方
MOTIF-106	井戸神	水神	井戸の神	-	-	全国	-	-	諸民俗	-	-	-	-	-	-
MOTIF-107	雨神	水神	雨乞いの神	-	-	全国	-	-	諸民俗	-	雨乞神事	-	-	-	-
MOTIF-108	春日御湯立	水神	湯立神事	-	SHR-012	大和	-	-	諸記録	-	浄化	-	-	-	-
MOTIF-109	淡水信仰	水神	琵琶湖等の淡水神	-	-	近江	-	-	諸民俗	-	-	-	-	-	-
MOTIF-110	海神(海そのもの)	水神	海そのものの神	-	-	全国海岸	-	-	諸資料	海	-	-	-	-	-
MOTIF-111	稲作儀礼	農耕祭祀	田植・収穫祭祀	-	-	全国	-	-	諸民俗	-	農耕祭祀	-	-	-	-
MOTIF-112	田の神	農耕祭祀	山と田を往復する神	-	-	全国	-	-	諸民俗	-	-	-	-	-	柳田國男
MOTIF-113	山の神→田の神	農耕祭祀	季節循環	-	-	全国	-	-	諸民俗	山=田	-	-	-	-	-
MOTIF-114	御田植祭	農耕祭祀	全国の御田植	-	諸社	全国	-	-	諸記録	-	-	-	-	-	-
MOTIF-115	大嘗祭	農耕祭祀	天皇即位の祭祀	-	-	全国	皇統	-	諸正史	-	-	古代以来	-	-	-
MOTIF-116	新嘗祭	農耕祭祀	収穫感謝	-	-	全国	皇統	-	諸正史	-	-	-	-	-	-
MOTIF-117	神嘗祭	農耕祭祀	伊勢神嘗	-	SHR-002	伊勢	-	-	諸記録	-	-	-	-	-	-
MOTIF-118	御饌神事	農耕祭祀	神への食物奉献	-	-	全国	-	-	諸記録	-	-	-	-	-	-
MOTIF-119	五穀豊穣	農耕祭祀	豊作祈願	-	-	全国	-	-	諸民俗	-	-	-	-	-	-
MOTIF-120	御頭祭(諏訪)	農耕祭祀	狩猟祭祀の継続	DEI-010	SHR-040	諏訪	CLN-018	MYTH-017	守矢家文書	狩猟供犠	諏訪縄文継承	縄文狩猟祭祀(L3)	-	-	鹿頭75
MOTIF-121	御霊信仰	怨霊御霊	非業の死者の神格化	-	-	全国	-	MYTH-100	諸記録	怨霊鎮め	御霊会	平安末以降	-	-	-
MOTIF-122	菅原道真天神	怨霊御霊	学問の神	-	SHR-072	筑前大和	CLN-006	-	諸記録	-	-	全国天満宮	-	-	-
MOTIF-123	平将門大明神	怨霊御霊	関東の怨霊神	-	SHR-019	関東	-	-	諸社伝	-	-	江戸期合祀	-	-	-
MOTIF-124	崇徳上皇	怨霊御霊	讃岐に流刑された上皇の怨霊	-	-	全国	-	-	諸記録	-	-	平安末	-	-	-
MOTIF-125	御霊会	怨霊御霊	御霊鎮めの祭祀	-	SHR-017	山城	-	-	諸記録	-	-	祇園御霊会	-	-	-
MOTIF-126	鎮魂祭	怨霊御霊	霊を鎮める	-	-	皇都	-	-	諸記録	-	古代鎮魂	-	-	-	-
MOTIF-127	祟り神	怨霊御霊	祟る神	DEI-014	SHR-010	大和	-	MYTH-059	書紀	-	崇神朝祟り	-	-	-	-
MOTIF-128	大物主祟り	怨霊御霊	崇神朝の祟り	DEI-014	SHR-010	大和	CLN-015	MYTH-059	書紀	-	-	纒向期祭祀の起源	-	-	-
MOTIF-129	八幡神(承平天慶反乱)	怨霊御霊	将門乱後の八幡信仰強化	DEI-035	SHR-016	全国	-	-	諸記録	-	-	-	-	-	-
MOTIF-130	早良親王	怨霊御霊	桓武朝の御霊	-	-	山城	-	-	諸記録	-	-	平安初期	-	-	-
MOTIF-131	磐座	祭祀構造物	神霊の降臨する岩	-	諸社	全国	-	-	諸資料	岩石信仰	最古層祭祀	縄文〜古代	-	-	-
MOTIF-132	神籬	祭祀構造物	臨時の神聖空間	-	-	全国	-	-	諸記録	-	最古層祭祀	-	-	-	-
MOTIF-133	神奈備山	祭祀構造物	神聖な山	-	-	全国	-	-	諸記録	-	-	-	-	-	-
MOTIF-134	神体山	祭祀構造物	山自体が神体	DEI-014	SHR-010|SHR-039	大和諏訪	-	-	諸社伝	-	-	-	-	-	-
MOTIF-135	神木	祭祀構造物	御神木	-	諸社	全国	-	-	諸民俗	樹木霊	-	-	-	-	-
MOTIF-136	御柱	祭祀構造物	諏訪四宮の御柱	DEI-010	SHR-039|SHR-040|SHR-041|SHR-042	諏訪	CLN-017	MYTH-016	諏訪社伝	樹木再生	諏訪共同体	縄文起源説(L3)	-	-	-
MOTIF-137	諸柱信仰	祭祀構造物	柱を立てる祭祀	-	-	全国	-	-	諸民俗	-	-	-	-	-	-
MOTIF-138	注連縄	祭祀構造物	神聖空間の境界	-	-	全国	-	-	諸資料	-	祭祀	-	-	-	-
MOTIF-139	神璽	祭祀構造物	神の依代	-	-	-	-	-	-	-	-	-	-	-	-
MOTIF-140	神宝	祭祀構造物	神社の宝物	-	諸社	-	-	-	諸記録	-	-	-	-	-	-
MOTIF-141	神鏡	祭祀構造物	八咫鏡	DEI-003	SHR-002	伊勢	皇統	-	古事記|書紀	太陽神	皇統正統化	古墳出土鏡	-	-	-
MOTIF-142	神剣	祭祀構造物	草薙剣・布都御魂	DEI-016	SHR-126|SHR-011	尾張大和	尾張氏物部氏	-	古事記|書紀	武神王権	-	古墳出土剣	-	-	-
MOTIF-143	勾玉	祭祀構造物	八尺瓊勾玉、玉作部	-	SHR-029	出雲玉造	玉作部	-	古事記	-	玉作祭祀	花仙山	-	-	-
MOTIF-144	神面	祭祀構造物	神楽面等	-	諸社	全国	-	-	諸民俗	-	神楽	-	-	-	-
MOTIF-145	玉串	祭祀構造物	神事の捧物	-	-	全国	-	-	諸記録	-	祭祀	-	-	-	-
MOTIF-146	ミシャグジ	在来縄文	諏訪在来縄文系土着信仰	-	SHR-040|SHR-048	諏訪・全国	CLN-018	MYTH-019	守矢家文書	樹石・蛇神	諏訪在来祭祀	縄文期信仰の生証拠(L3)	-	全国御社宮司	-
MOTIF-147	洩矢神	在来縄文	諏訪在来神	-	SHR-045	諏訪	CLN-018	MYTH-015	守矢家文書	敗者神	守矢氏祖	-	-	-	-
MOTIF-148	アラハバキ	在来縄文	東北客人神	-	門客人神社	東北関東	-	MYTH-081	諸民俗	客人神	-	縄文/アイヌ系説(L3-L4)	-	-	-
MOTIF-149	客人神	在来縄文	まろうど神	-	-	全国	-	-	諸民俗	-	-	折口マレビト論	-	-	-
MOTIF-150	御釜神	在来縄文	釜の神	-	-	出羽	-	-	諸民俗	-	-	-	-	-	-
MOTIF-151	荒神	在来縄文	三宝荒神	-	-	全国	-	-	諸民俗	火・台所	家神	-	-	-	-
MOTIF-152	ダイダラボッチ	在来縄文	地形を作る巨人	DEI-024(関連)	-	全国	-	MYTH-031	諸民俗	巨人	-	地形人格化	-	-	-
MOTIF-153	山童	在来縄文	山中の異形	-	-	全国	-	-	諸民俗	-	-	-	-	-	-
MOTIF-154	早池峰山岳	在来縄文	早池峰山の山岳精霊	-	SHR-116	陸中	-	MYTH-089	遠野物語	-	-	-	-	-	-
MOTIF-155	縄文海進記憶	在来縄文	縄文期の海面上昇神話化説	-	-	全国	-	MYTH-092	HYP-001	地理記憶	-	大胆仮説(L5)	-	-	-
MOTIF-156	阿曇族	海人渡来	北部九州海人族	-	SHR-079	筑前	CLN-021	MYTH-040	新撰姓氏録	海人族	阿曇祭祀	-	-	-	-
MOTIF-157	住吉族	海人渡来	摂津海人族	-	SHR-015	摂津	CLN-029	-	諸記録	海人族	住吉祭祀	-	-	-	-
MOTIF-158	宗像族	海人渡来	北部九州海人族	-	SHR-009	筑前	CLN-016	-	諸記録	海人族	宗像祭祀	-	-	-	-
MOTIF-159	海部族	海人渡来	丹後海人族	-	SHR-085	丹後	CLN-028	-	諸記録	海人族	海部祭祀	-	-	-	-
MOTIF-160	尾張族	海人渡来	尾張海陸豪族	-	SHR-126	尾張	CLN-030	-	諸記録	-	尾張祭祀	-	-	-	-
MOTIF-161	秦氏	海人渡来	山城渡来氏族	-	SHR-035|SHR-034	山城	CLN-022	-	諸記録	渡来	治水織物酒造	伏見稲荷|松尾大社	-	-	-
MOTIF-162	漢氏(東漢)	海人渡来	大和渡来氏族	-	-	大和	CLN-033	-	諸記録	-	軍事武器	-	-	-	-
MOTIF-163	西文氏	海人渡来	河内渡来氏族	-	-	河内	CLN-034	-	諸記録	-	文書	-	-	-	-
MOTIF-164	高麗氏	海人渡来	武蔵渡来氏族	-	-	武蔵	CLN-035	-	諸記録	-	高麗郡	-	-	-	-
MOTIF-165	隼人	海人渡来	南九州在地集団	-	-	薩摩大隅	CLN-037	-	書紀	-	隼人楯舞	海幸末裔説	-	-	-
MOTIF-166	本地垂迹	神仏習合	神=仏の権現	-	諸社	全国	-	-	中世神道書	神仏習合の核	-	平安〜中世	-	-	-
MOTIF-167	蔵王権現	神仏習合	大峰修験の主神	-	SHU-009	大和(吉野)	-	-	諸修験書	修験	-	役小角感得	-	-	釈迦・観音・弥勒
MOTIF-168	熊野権現	神仏習合	熊野三山の本地	-	SHR-005|SHR-090|SHR-091	紀伊	-	MYTH-052	中世神道	修験	-	阿弥陀薬師観音	-	-	-
MOTIF-169	八幡大菩薩	神仏習合	八幡神=阿弥陀	DEI-035	SHR-016	全国	-	-	諸記録	-	-	平安期	-	-	-
MOTIF-170	牛頭天王	神仏習合	スサノオ=牛頭天王	DEI-002|DEI-030	SHR-017	山城	-	MYTH-094	諸記録	疫神	祇園信仰	平安末以降	-	-	-
MOTIF-171	大黒天=大国主	神仏習合	大国主の習合	DEI-001	SHR-001	出雲・全国	-	-	中世神道	-	-	中世以降	-	-	-
MOTIF-172	弁才天=市杵島姫	神仏習合	イチキシマヒメ習合	DEI-019	厳島|竹生島|江島	全国	-	-	中世神道	-	-	日本三大弁才天	-	-	-
MOTIF-173	山王神道	神仏習合	日吉大社の神仏習合	DEI-047	SHR-014(山王)	近江山城	-	-	山王神道書	-	-	平安〜	-	-	-
MOTIF-174	両部神道	神仏習合	伊勢神宮の神仏習合	DEI-003	SHR-002	伊勢	-	-	両部神道書	-	-	中世神道	-	-	-
MOTIF-175	修験権現	神仏習合	各修験霊場の権現	-	SHU-001〜025	全国	-	-	諸修験書	-	-	平安〜中世	-	-	-
MOTIF-176	生贄(ニエ)	生贄供犠	神への奉献	-	-	全国	-	-	諸記録	-	-	-	-	-	諸地方
MOTIF-177	人身御供伝	生贄供犠	人身の供犠伝	-	-	全国	-	-	諸民俗	-	-	-	-	-	諸地方の伝
MOTIF-178	動物供犠	生贄供犠	動物の供犠	-	SHR-040	諏訪・全国	-	MYTH-017	諸民俗	-	狩猟祭祀	-	-	-	-
MOTIF-179	即身仏	生贄供犠	湯殿山の即身仏	-	SHR-115	出羽	-	MYTH-086	諸資料	-	湯殿山修験	江戸期	-	-	-
MOTIF-180	殉死	生贄供犠	古墳殉死の代替=埴輪	-	-	全国	-	-	書紀垂仁紀	-	-	古墳期	古墳殉死遺構	-	-
MOTIF-181	供犠の終焉	生贄供犠	人身御供の禁止	-	-	-	-	-	諸記録	-	-	古代以降	-	-	-
MOTIF-182	隼人楯	生贄供犠	朝廷儀礼の隼人	-	-	大和	CLN-037	MYTH-079	続日本紀|延喜式	服属	-	古代	-	-	-
MOTIF-183	隼人舞	生贄供犠	朝廷舞	-	-	大和	CLN-037	-	諸記録	-	-	-	-	-	-
MOTIF-184	死贄	生贄供犠	殉死	-	-	-	-	-	-	-	-	-	-	-	-
MOTIF-185	死者の代行	生贄供犠	形象埴輪等	-	-	全国	-	-	発掘調査	-	-	殉死の代替(L1)	形象埴輪	-	-
MOTIF-186	神婚	系譜婚姻	神と人(神)の婚姻	-	-	全国	-	MYTH-060	古事記	-	-	-	-	-	全国神婚譚
MOTIF-187	異類婚	系譜婚姻	人と異類の婚姻	-	-	全国	-	-	諸民俗	-	-	-	-	-	諸地方
MOTIF-188	蛇婿	系譜婚姻	三輪山型	DEI-014	SHR-010	大和・全国	-	MYTH-060	古事記	-	-	全国譚	-	-	-
MOTIF-189	海宮婚	系譜婚姻	豊玉姫型	DEI-039	-	日向対馬	-	MYTH-042	古事記	-	-	皇統と海神族	-	-	-
MOTIF-190	婚姻政略	系譜婚姻	豪族間婚姻	-	-	全国	-	-	諸正史	-	-	古代政治	-	-	-
MOTIF-191	神武祖系譜	系譜婚姻	神武の祖系譜	-	-	全国	皇統	-	古事記|書紀	-	-	-	-	-	-
MOTIF-192	出雲国造系譜	系譜婚姻	出雲国造の系譜	DEI-013	SHR-001	出雲	CLN-001	-	先代旧事本紀	-	-	-	-	-	-
MOTIF-193	物部祖系譜	系譜婚姻	物部氏祖系譜	DEI-012|DEI-041	SHR-008|SHR-011	大和下総	CLN-009	-	先代旧事本紀	-	-	祖神論争	-	-	-
MOTIF-194	中臣祖系譜	系譜婚姻	中臣藤原氏祖系譜	DEI-011|DEI-043	SHR-007|SHR-012	常陸大和	CLN-008	-	諸正史	-	-	-	-	-	-
MOTIF-195	多氏	系譜婚姻	皇別氏族	-	-	大和	CLN-031	-	諸記録	-	-	-	-	-	-
MOTIF-196	土蜘蛛	先住征服	古代の在地集団蔑称	-	-	全国	-	MYTH-004	諸風土記|書紀	先住民	-	縄文系・先住民の歴史記憶	-	-	-
MOTIF-197	八十健兄弟	先住征服	大国主の競合者	-	-	出雲	-	IZM-032	古事記	-	-	-	-	-	因幡白兎前段
MOTIF-198	蝦夷	先住征服	東北の在地集団	-	-	東北	CLN-038	MYTH-082	続日本紀	-	-	古代抗争	-	-	阿弖流為
MOTIF-199	熊襲	先住征服	南九州の在地集団	-	-	南九州	-	-	書紀	-	-	日本武尊征討伝	-	-	-
MOTIF-200	出雲振根殺害	先住征服	崇神朝の出雲服属	-	-	出雲	CLN-001	MYTH-006	書紀崇神紀	-	-	-	-	-	-
MOTIF-201	諏訪洩矢神戦争	先住征服	諏訪在来神の敗北	-	SHR-045	諏訪	CLN-018	MYTH-015	守矢家文書	-	諏訪在来層	縄文系信仰の包摂	-	-	藤刀vs鉄輪
MOTIF-202	田村麻呂征討	先住征服	平安期の蝦夷征討	-	-	東北	-	MYTH-083	諸地方伝承	-	-	古代東北征討	-	-	-
MOTIF-203	温羅退治	先住征服	吉備津彦の温羅退治	-	-	備中	CLN-026	MOTIF-089	諸地方伝承	-	-	渡来製鉄民征服(L2)	-	-	-
MOTIF-204	落人伝承	先住征服	平家落人など	-	-	山間部全国	-	MYTH-044	諸地方伝承	-	-	-	-	-	-
MOTIF-205	出雲国譲り(被征服側)	先住征服	出雲視点の国譲り	DEI-001	SHR-001	出雲	CLN-001	MYTH-002	神賀詞	-	-	出雲祭祀の中央化	-	-	-
MOTIF-206	古事記編纂	神話編集	712年成立	-	-	大和	皇統	-	古事記	-	-	-	-	-	太安万侶
MOTIF-207	日本書紀編纂	神話編集	720年成立	-	-	大和	皇統	-	日本書紀	-	-	-	-	-	舎人親王
MOTIF-208	風土記編纂	神話編集	和銅6年詔	-	-	全国	-	-	諸風土記	-	-	地方伝承の文字化	-	-	-
MOTIF-209	出雲国造神賀詞	神話編集	地方視点の神話	DEI-013	SHR-001	出雲	CLN-001	MOTIF-007	続日本紀|延喜式	-	-	出雲側視点(L1、HYP-008)	-	-	-
MOTIF-210	延喜式	神話編集	927年成立	-	-	全国	-	-	延喜式	-	-	式内社制度	-	-	-
MOTIF-211	新撰姓氏録	神話編集	815年成立	-	-	全国	-	-	新撰姓氏録	-	-	氏族系譜の整理	-	-	-
MOTIF-212	先代旧事本紀	神話編集	平安初期	-	-	-	CLN-009	-	先代旧事本紀	-	-	物部氏家伝(偽書説)	-	-	-
MOTIF-213	古語拾遺	神話編集	807年(斎部広成)	-	-	-	CLN-013	-	古語拾遺	-	-	忌部氏視点	-	-	-
MOTIF-214	中世神道書	神話編集	中世の神道思想	-	-	全国	-	-	諸中世神道書	-	-	神仏習合の体系化	-	-	-
MOTIF-215	神道五部書	神話編集	伊勢神道	-	SHR-002	伊勢	-	-	諸資料	-	-	伊勢神道思想	-	-	-
MOTIF-216	倭姫命世記	神話編集	伊勢神宮の中世神道書	-	SHR-002	伊勢	-	-	倭姫命世記	-	-	-	-	-	-
MOTIF-217	古事記伝	神話編集	本居宣長の註釈	-	-	-	-	-	古事記伝	-	-	国学	-	-	1798
MOTIF-218	国学	神話編集	近世国学	-	-	-	-	-	諸国学書	-	-	近世神道再評価	-	-	-
MOTIF-219	平田篤胤幽冥論	神話編集	大国主幽冥主宰論	DEI-001	SHR-001	出雲・全国	-	MYTH-010	霊能真柱|玉襷	-	-	近代神道の死生観	-	-	-
MOTIF-220	国家神道	神話編集	近代国家神道	DEI-003	SHR-002	全国	皇統	-	近代	-	-	近代国家祭祀	-	-	-
MOTIF-221	神鹿	動物霊	鹿島・春日の神鹿	-	SHR-007|SHR-012	常陸大和	CLN-008	MYTH-029	春日大社社伝	-	-	-	-	-	-
MOTIF-222	八咫烏	動物霊	神武熊野の道案内	DEI-051	SHR-095	紀伊大和	CLN-040	MYTH-050	古事記|書紀	-	-	山城賀茂氏祖	-	-	-
MOTIF-223	神馬(駒形)	動物霊	駒形大神	-	SHR-111	陸中	-	-	延喜式	-	-	馬産地	-	-	-
MOTIF-224	神牛	動物霊	牛頭天王・八幡神牛	DEI-030	SHR-017|SHR-016	山城豊前	-	-	諸社伝	-	-	-	-	-	-
MOTIF-225	白兎	動物霊	因幡の白兎	DEI-001	白兎神社	因幡	-	IZM-033	古事記	-	-	医療神話	-	-	-
MOTIF-226	鯉(鯉魚)	動物霊	鯉信仰	-	-	-	-	-	諸民俗	-	-	-	-	-	-
MOTIF-227	鯨(鯨神)	動物霊	鯨信仰	-	-	太地・東北	-	-	諸民俗	-	-	-	-	-	-
MOTIF-228	狼(オオカミ)	動物霊	山犬信仰	-	三峰神社等	武蔵秩父	-	-	諸民俗	-	-	-	-	-	-
MOTIF-229	蜘蛛(土蜘蛛)	動物霊	先住民の象徴	-	-	全国	-	MOTIF-196	諸記録	-	-	先住民蔑称	-	-	-
MOTIF-230	蝶	動物霊	死者の霊	-	-	全国	-	-	諸民俗	-	-	-	-	-	-
MOTIF-231	神在祭	祭祀儀礼	旧暦10月の出雲信仰	-	SHR-001|SHR-023|SHR-028	出雲	-	MYTH-008	出雲社伝	-	全国神々の集合	-	-	-	神有月
MOTIF-232	御柱祭	祭祀儀礼	諏訪四宮の式年祭	DEI-010	SHR-039〜042	諏訪	CLN-017	MOTIF-136	諏訪社伝	-	-	縄文起源説(L3)	-	-	7年に一度
MOTIF-233	御頭祭	祭祀儀礼	諏訪上社前宮	DEI-010	SHR-040	諏訪	CLN-018	MOTIF-120	守矢家文書	-	-	縄文狩猟祭祀(L3)	-	-	毎年4月
MOTIF-234	蛙狩神事	祭祀儀礼	諏訪上社本宮	DEI-010	SHR-039	諏訪	-	MYTH-018	諸社伝	-	-	-	-	-	元日
MOTIF-235	火継神事	祭祀儀礼	出雲国造代替り	-	SHR-004	出雲	CLN-001	IZM-083	出雲国造家文書	-	国造祭祀の核	-	-	-	-
MOTIF-236	青柴垣神事	祭祀儀礼	美保神社のコトシロヌシ服従再演	DEI-009	SHR-020	出雲	-	IZM-137	美保社伝	-	国譲り再演	-	-	-	-
MOTIF-237	諸手船神事	祭祀儀礼	美保神社の問答再演	DEI-009	SHR-020	出雲	-	IZM-138	美保社伝	-	国譲り再演	-	-	-	-
MOTIF-238	葵祭	祭祀儀礼	賀茂祭	-	SHR-013|SHR-014	山城	CLN-040	-	諸記録	-	-	-	-	-	-
MOTIF-239	春日祭	祭祀儀礼	藤原氏祭祀	-	SHR-012	大和	CLN-008	-	延喜式	-	-	-	-	-	-
MOTIF-240	祇園祭	祭祀儀礼	八坂神社祇園会	DEI-002|DEI-030	SHR-017	山城	-	MYTH-094	諸記録	疫神鎮め	-	平安末以降	-	-	-
MOTIF-241	大嘗祭	祭祀儀礼	即位の大祭	-	-	-	皇統	-	諸正史	-	-	-	-	-	-
MOTIF-242	鎮魂祭	祭祀儀礼	霊を鎮める祭祀	-	-	-	-	-	諸記録	-	-	-	-	-	-
MOTIF-243	式年遷宮	祭祀儀礼	伊勢の20年遷宮	DEI-003	SHR-002	伊勢	-	-	諸記録	-	-	持統朝起源	-	-	-
MOTIF-244	湯立	祭祀儀礼	全国の湯立神楽	-	-	全国	-	-	諸民俗	浄化	-	-	-	-	-
MOTIF-245	神楽	祭祀儀礼	地方神楽の多様性	-	-	出雲|九州|全国	-	MYTH-078	諸資料	-	-	-	-	-	-
