relation_id	source_motif	relation_type	target_motif	related_region	related_shrine	related_clan	source_reference	confidence_level	hypothesis_layer	notes
MR-EV-001	MOTIF-003	evolved_into	MOTIF-001	日本列島	-	-	古事記|書紀	A	L0	国生み(イザナギイザナミ)→国譲り(地上支配の譲渡)、神話順序上の派生
MR-EV-002	MOTIF-001	evolved_into	MOTIF-002	出雲〜日向	SHR-001|SHR-067	-	古事記|書紀	A	L0	国譲り→天孫降臨、記紀の神話展開順
MR-EV-003	MOTIF-002	evolved_into	MOTIF-005	日向〜大和	-	皇統	古事記|書紀	A	L0	天孫降臨→神武東征、ニニギ4代のち神武の東遷
MR-EV-004	MOTIF-005	evolved_into	MOTIF-015	大和(橿原)	-	皇統	書紀神武紀	A	L0	神武東征→神武即位、東征の到達点
MR-EV-005	MOTIF-012	evolved_into	MOTIF-011	大和	-	皇統	書紀	B	L1	倭王権神話化→記紀編纂による皇統正統化編集、8世紀の編集事業
MR-EV-006	MOTIF-006	evolved_into	MOTIF-127	大和(三輪)	SHR-010	CLN-015	書紀崇神紀	B	L1	崇神朝祭祀整備が祟り神信仰の制度的起点
MR-EV-007	MOTIF-013	evolved_into	MOTIF-001	出雲	-	-	出雲国風土記|古事記	C	L2	出雲国引き(風土記)→国譲り(記紀)、出雲側神話から中央側神話への変換説
MR-EV-008	MOTIF-007	evolved_into	MOTIF-209	出雲・大和	SHR-001	CLN-001	続日本紀|延喜式	A	L0	国造神賀詞奏上の制度化が出雲国造神賀詞の文書化につながる
MR-EV-009	MOTIF-008	evolved_into	MOTIF-200	出雲	-	CLN-001	書紀崇神紀	B	L1	出雲振根説話→出雲振根殺害(同一伝承の反復登場)
MR-EV-010	MOTIF-009	evolved_into	MOTIF-169	豊前(宇佐)→全国	SHR-016	-	諸記録	B	L1	八幡神顕現→八幡大菩薩(神仏習合化)
MR-EV-011	MOTIF-010	evolved_into	MOTIF-009	筑紫→豊前	SHR-016	-	書紀|宇佐宮御託宣集	C	L2	神功皇后三韓征討→八幡神顕現、応神=八幡説の前提
MR-EV-012	MOTIF-039	evolved_into	MOTIF-027	全国	-	-	諸資料	B	L1	古代蛇神祭祀(弥生古墳期)→蛇神信仰(歴史時代以降の継承)
MR-EV-013	MOTIF-027	evolved_into	MOTIF-028	全国	-	-	諸記録	B	L1	蛇神信仰→龍蛇神(中国系龍信仰との習合)
MR-EV-014	MOTIF-028	evolved_into	MOTIF-038	全国	-	-	諸社伝	B	L1	龍蛇神→諸地方の龍神(地方分化)
MR-EV-015	MOTIF-027	evolved_into	MOTIF-029	大和	SHR-010	CLN-015	古事記|書紀	A	L0	蛇神信仰→三輪山型神婚(蛇婿譚としての発展)
MR-EV-016	MOTIF-029	evolved_into	MOTIF-188	全国	SHR-010	-	古事記|諸民俗	B	L1	三輪山型神婚→蛇婿(全国に分布する民間説話化)
MR-EV-017	MOTIF-027	evolved_into	MOTIF-031	信濃	-	-	諸社伝	C	L2	蛇神信仰→九頭龍(戸隠等の頭数増殖型)
MR-EV-018	MOTIF-026	evolved_into	MOTIF-084	出雲	-	-	HYP-002	E	L4	八岐大蛇→ヤマタノオロチ製鉄説、製鉄民征服譚への解釈
MR-EV-019	MOTIF-035	evolved_into	MOTIF-029	大和	SHR-010	CLN-015	書紀崇神紀	A	L0	大物主の蛇身→三輪山型神婚(箸墓伝承)
MR-EV-020	MOTIF-030	evolved_into	MOTIF-036	諏訪	SHR-006|SHR-043	-	諸地方民俗	B	L1	諏訪龍蛇神→諏訪御渡(冬季氷渡りの神事化)
MR-EV-021	MOTIF-037	evolved_into	MOTIF-172	厳島・竹生島・江ノ島	-	-	中世神道書	B	L1	白蛇信仰→弁才天=市杵島姫(中世神仏習合)
MR-EV-022	MOTIF-016	evolved_into	MOTIF-023	出雲(揖夜)	SHR-027	-	古事記|書紀	A	L0	黄泉国→黄泉比良坂(空間構造の細分化)
MR-EV-023	MOTIF-023	evolved_into	MOTIF-024	出雲	-	-	古事記	A	L0	黄泉比良坂→千引石(境界石の登場)
MR-EV-024	MOTIF-022	evolved_into	MOTIF-025	全国	-	-	古事記	B	L1	死と再生(原型)→蘇生(医療)の物語化(蛤貝比売譚等)
MR-EV-025	MOTIF-018	evolved_into	MOTIF-020	紀伊	SHR-091|SHR-093	-	諸記録	C	L2	常世国→補陀落浄土(平安期に仏教浄土観と習合)
MR-EV-026	MOTIF-020	evolved_into	MOTIF-050	紀伊	SHR-091|SHR-093	-	諸記録	B	L1	補陀落浄土→補陀落渡海(平安〜江戸期の実践化)
MR-EV-027	MOTIF-021	evolved_into	MOTIF-060	出羽	SHR-113	-	出羽三山社伝	B	L1	月山(死後世界)→月山信仰(三山修験の三世観形成)
MR-EV-028	MOTIF-019	evolved_into	MOTIF-219	出雲・全国	SHR-001	-	平田篤胤『霊能真柱』	B	L1	死者の国観念→平田篤胤幽冥論(大国主幽冥主宰説、近世神道思想)
MR-EV-029	MOTIF-041	evolved_into	MOTIF-049	日向	SHR-065|SHR-068	-	古事記|書紀	A	L0	海宮神話→海幸山幸(同一説話群の構成)
MR-EV-030	MOTIF-049	evolved_into	MOTIF-053	南九州	-	CLN-037	書紀	C	L2	海幸山幸→隼人海洋(隼人=海幸彦末裔の系譜化)
MR-EV-031	MOTIF-042	evolved_into	MOTIF-156	筑前(志賀島)	SHR-079|SHR-082	CLN-021	新撰姓氏録	B	L1	ワタツミ三神→阿曇族(海神を祖とする氏族系譜化)
MR-EV-032	MOTIF-043	evolved_into	MOTIF-157	摂津	SHR-015	CLN-029	諸記録	B	L1	住吉三神→住吉族(海神を祖とする氏族系譜化)
MR-EV-033	MOTIF-044	evolved_into	MOTIF-158	筑前	SHR-009	CLN-016	諸記録	B	L1	宗像三女神→宗像族(海神を祖とする氏族系譜化)
MR-EV-034	MOTIF-051	evolved_into	MOTIF-159	丹後	SHR-085	CLN-028	籠神社社伝	B	L1	籠神社元伊勢(海部氏伝承)→海部族(系譜記述化)
MR-EV-035	MOTIF-046	evolved_into	MOTIF-052	筑前→信濃	-	CLN-021	地名研究	D	L3	阿曇磯良(筑前)→安曇野移住(海人族の内陸進出)
MR-EV-036	MOTIF-048	evolved_into	MOTIF-047	玄界灘→全海岸	SHR-077	-	発掘調査|諸記録	B	L1	沖ノ島祭祀(国家祭祀)→海上交通祭祀(全国海路祭祀の展開)
MR-EV-037	MOTIF-045	evolved_into	MOTIF-010	筑紫→朝鮮半島	SHR-073|SHR-009|SHR-015	CLN-021|CLN-029	書紀	C	L2	神功皇后航海→神功皇后三韓征討(同一説話の異側面)
MR-EV-038	MOTIF-054	evolved_into	MOTIF-043	筑紫日向(神話空間)	SHR-015	-	古事記	A	L0	禊(イザナギ)→住吉三神(禊から生成)
MR-EV-039	MOTIF-056	evolved_into	MOTIF-057	日向(高千穂)	SHR-064|SHR-074	-	古事記|書紀	A	L0	太陽神→天岩戸(冬至蘇生の物語化)
MR-EV-040	MOTIF-057	evolved_into	MOTIF-022	全国	-	-	古事記|書紀	B	L1	天岩戸→死と再生(神話モチーフの抽象化)
MR-EV-041	MOTIF-056	evolved_into	MOTIF-058	出雲	SHR-022	-	日御碕社伝	C	L2	太陽神→日没信仰(伊勢=日昇/日御碕=日没の対応)
MR-EV-042	MOTIF-059	evolved_into	MOTIF-060	出羽	SHR-113	-	出羽三山社伝	B	L1	月神(ツクヨミ)→月山信仰
MR-EV-043	MOTIF-061	evolved_into	MOTIF-062	全国	-	-	諸記録	B	L1	妙見信仰→北辰信仰(中国陰陽道経由の発展)
MR-EV-044	MOTIF-066	evolved_into	MOTIF-067	全国	-	-	諸資料	A	L0	山岳信仰→神体山(三輪山等の山自体の神格化)
MR-EV-045	MOTIF-067	evolved_into	MOTIF-068	全国	-	-	諸記録	A	L0	神体山→神奈備(神聖空間概念化)
MR-EV-046	MOTIF-066	evolved_into	MOTIF-069	全国	-	-	諸修験書	B	L1	山岳信仰→修験道(役小角期以降の修行体系化)
MR-EV-047	MOTIF-069	evolved_into	MOTIF-070	全国	-	-	諸資料	A	L0	修験道→山伏(修行者集団の形成)
MR-EV-048	MOTIF-069	evolved_into	MOTIF-175	全国	SHU-001|SHU-009	-	諸修験書	B	L1	修験道→修験権現(各霊場での権現信仰)
MR-EV-049	MOTIF-074	evolved_into	MOTIF-097	駿河甲斐・信濃上野	SHR-031|SHU-007	-	浅間社伝	B	L1	富士山信仰→浅間信仰(浅間山系への拡張)
MR-EV-050	MOTIF-074	evolved_into	MOTIF-095	駿河	SHR-031	-	浅間社伝	A	L0	富士山信仰→富士火山(火山活動を含む信仰の側面)
MR-EV-051	MOTIF-076	evolved_into	MOTIF-096	越中	SHU-005	-	立山社伝	A	L0	立山信仰→立山地獄(地獄信仰の側面)
MR-EV-052	MOTIF-081	evolved_into	MOTIF-082	美濃→奥出雲	-	山内・絲原・桜井	諸社伝	B	L1	金山彦神(全国金属神)→金屋子神(出雲製鉄神への地方化)
MR-EV-053	MOTIF-082	evolved_into	MOTIF-087	奥出雲	-	山内・絲原・桜井	近世史料	A	L0	金屋子神→出雲たたら(近世製鉄の祭祀基盤)
MR-EV-054	MOTIF-083	evolved_into	MOTIF-090	全国	南宮大社|稲荷	CLN-013	古語拾遺|諸社伝	B	L1	天目一箇神→鍛冶神信仰(忌部祖伝から全国鍛冶守護へ)
MR-EV-055	MOTIF-088	evolved_into	MOTIF-089	備中	-	-	諸地方伝承	C	L2	吉備製鉄(考古遺跡)→温羅(渡来製鉄民伝承化)
MR-EV-056	MOTIF-089	evolved_into	MOTIF-203	備中	-	CLN-026	諸地方伝承	C	L2	温羅→温羅退治(吉備津彦征討譚への物語化)
MR-EV-057	MOTIF-091	evolved_into	MOTIF-099	山城	愛宕神社	-	諸記録	B	L1	カグツチ→愛宕権現(火神の中世権現化)
MR-EV-058	MOTIF-091	evolved_into	MOTIF-100	遠江	秋葉山本宮秋葉神社	-	諸記録	B	L1	カグツチ→秋葉権現(火神の中世権現化)
MR-EV-059	MOTIF-091	evolved_into	MOTIF-090	全国	南宮大社	-	古事記	B	L1	カグツチ(火神)→鍛冶神信仰(火と鍛冶の関連)
MR-EV-060	MOTIF-092	evolved_into	MOTIF-093	肥後	SHR-059	CLN-036	阿蘇社伝	A	L0	阿蘇火山→阿蘇カルデラ(地形の神話化)
MR-EV-061	MOTIF-101	evolved_into	MOTIF-102	全国	-	-	諸資料	A	L0	水神→龍神(水神の中国系龍化)
MR-EV-062	MOTIF-101	evolved_into	MOTIF-105	全国	-	-	諸民俗	A	L0	水神→川の神(諸河川への分化)
MR-EV-063	MOTIF-101	evolved_into	MOTIF-106	全国	-	-	諸民俗	B	L1	水神→井戸神(水神の生活化)
MR-EV-064	MOTIF-101	evolved_into	MOTIF-107	全国	-	-	諸民俗	B	L1	水神→雨神(雨乞祭祀の対象化)
MR-EV-065	MOTIF-103	evolved_into	MOTIF-020	紀伊	SHR-093	-	那智社伝	B	L1	那智の滝→補陀落浄土(滝信仰の浄土化)
MR-EV-066	MOTIF-111	evolved_into	MOTIF-112	全国	-	-	諸民俗	A	L0	稲作儀礼→田の神(柳田國男民俗学整理)
MR-EV-067	MOTIF-112	evolved_into	MOTIF-113	全国	-	-	諸民俗	A	L0	田の神→山の神→田の神(季節循環)
MR-EV-068	MOTIF-115	evolved_into	MOTIF-116	大和(皇都)	-	皇統	諸正史	A	L0	大嘗祭(即位祭祀)→新嘗祭(年次収穫感謝祭)、即位毎の特別版が新嘗
MR-EV-069	MOTIF-117	evolved_into	MOTIF-243	伊勢	SHR-002	-	諸記録	A	L0	神嘗祭(伊勢年次祭)→式年遷宮(20年大祭)、神嘗祭奉仕の延長
MR-EV-070	MOTIF-121	evolved_into	MOTIF-125	山城	SHR-017	-	諸記録	A	L0	御霊信仰→御霊会(祇園御霊会等の制度化)
MR-EV-071	MOTIF-121	evolved_into	MOTIF-122	筑前・大和	SHR-072	CLN-006	諸記録	A	L0	御霊信仰→菅原道真天神(平安期の代表的御霊神格化)
MR-EV-072	MOTIF-121	evolved_into	MOTIF-123	関東	SHR-019	-	諸社伝	A	L0	御霊信仰→平将門大明神(関東の代表的御霊)
MR-EV-073	MOTIF-121	evolved_into	MOTIF-124	讃岐・全国	-	-	諸記録	A	L0	御霊信仰→崇徳上皇(平安末期の最大級御霊)
MR-EV-074	MOTIF-121	evolved_into	MOTIF-130	山城	-	-	諸記録	A	L0	御霊信仰→早良親王(桓武朝の早期御霊事例)
MR-EV-075	MOTIF-127	evolved_into	MOTIF-128	大和	SHR-010	CLN-015	書紀崇神紀	A	L0	祟り神(一般)→大物主祟り(代表事例)、崇神朝祟り神信仰の中核
MR-EV-076	MOTIF-126	evolved_into	MOTIF-242	皇都	-	-	諸記録	A	L0	古代鎮魂祭→中世以降の鎮魂祭、形式継承
MR-EV-077	MOTIF-131	evolved_into	MOTIF-132	全国	-	-	諸資料	A	L0	磐座(常設)→神籬(臨時)の発展、最古層祭祀構造の派生
MR-EV-078	MOTIF-132	evolved_into	MOTIF-133	全国	-	-	諸記録	A	L0	神籬→神奈備山(空間スケールの拡大)
MR-EV-079	MOTIF-135	evolved_into	MOTIF-136	諏訪	SHR-039〜042	CLN-017	諏訪社伝	B	L1	神木→御柱(諏訪四宮の式年柱建ての原型)
MR-EV-080	MOTIF-136	evolved_into	MOTIF-137	全国	-	-	諸民俗	B	L1	御柱→諸柱信仰(全国の柱建て祭祀の原型)
MR-EV-081	MOTIF-140	evolved_into	MOTIF-141	伊勢	SHR-002	皇統	古事記|書紀	A	L0	神宝→神鏡(三種神器の鏡)
MR-EV-082	MOTIF-140	evolved_into	MOTIF-142	尾張・大和	SHR-126|SHR-011	尾張氏|物部氏	古事記|書紀	A	L0	神宝→神剣(草薙剣・布都御魂)
MR-EV-083	MOTIF-140	evolved_into	MOTIF-143	出雲(玉造)	SHR-029	玉作部	古事記	A	L0	神宝→勾玉(玉作祭祀)
MR-EV-084	MOTIF-004	evolved_into	MOTIF-141	伊勢	SHR-002	皇統	古事記|書紀	A	L0	三種神器→神鏡(個別構成要素)
MR-EV-085	MOTIF-004	evolved_into	MOTIF-142	尾張	SHR-126	尾張氏	古事記|書紀	A	L0	三種神器→神剣(個別構成要素)
MR-EV-086	MOTIF-004	evolved_into	MOTIF-143	出雲	SHR-029	玉作部	古事記	A	L0	三種神器→勾玉(個別構成要素)
MR-EV-087	MOTIF-146	evolved_into	MOTIF-147	諏訪	SHR-040|SHR-045	CLN-018	守矢家文書	C	L2	ミシャグジ(在来縄文系土着信仰)→洩矢神(物語化された敗者神)
MR-EV-088	MOTIF-147	evolved_into	MOTIF-201	諏訪	SHR-045	CLN-018	守矢家文書	C	L2	洩矢神→諏訪洩矢神戦争(タケミナカタとの抗争譚化)
MR-EV-089	MOTIF-148	evolved_into	MOTIF-149	東北・関東→全国	門客人神社	-	諸民俗	D	L3	アラハバキ(東北客人神)→客人神(マレビト概念への抽象化、折口信夫)
MR-EV-090	MOTIF-155	evolved_into	MOTIF-148	全国	-	-	HYP-001	E	L5	縄文海進記憶→アラハバキ等の縄文残存仮説、検証困難
MR-EV-091	MOTIF-176	evolved_into	MOTIF-177	全国	-	-	諸記録|諸民俗	B	L1	生贄(ニエ)→人身御供伝(伝承化)
MR-EV-092	MOTIF-177	evolved_into	MOTIF-178	諏訪・全国	SHR-040	-	諸民俗	B	L1	人身御供伝→動物供犠(諏訪御頭祭の鹿頭供犠等)
MR-EV-093	MOTIF-180	evolved_into	MOTIF-185	全国	-	-	書紀垂仁紀|発掘調査	B	L1	殉死→死者の代行(形象埴輪)、垂仁紀の野見宿禰建議
MR-EV-094	MOTIF-180	evolved_into	MOTIF-181	大和	-	-	諸記録	B	L1	殉死→供犠の終焉(垂仁朝の禁止)
MR-EV-095	MOTIF-182	evolved_into	MOTIF-183	大和	-	CLN-037	続日本紀|延喜式	B	L1	隼人楯→隼人舞(朝廷儀礼における派生)
MR-EV-096	MOTIF-186	evolved_into	MOTIF-187	全国	-	-	古事記|諸民俗	A	L0	神婚→異類婚(類型の細分化)
MR-EV-097	MOTIF-187	evolved_into	MOTIF-188	大和・全国	SHR-010	-	古事記|諸民俗	A	L0	異類婚→蛇婿(三輪山型の代表事例)
MR-EV-098	MOTIF-187	evolved_into	MOTIF-189	日向対馬	-	-	古事記	A	L0	異類婚→海宮婚(豊玉姫型)、皇統と海神族の結合
MR-EV-099	MOTIF-191	evolved_into	MOTIF-192	出雲	SHR-001	CLN-001	先代旧事本紀	B	L1	神武祖系譜から派生した出雲国造系譜の独自展開
MR-EV-100	MOTIF-191	evolved_into	MOTIF-193	大和下総	SHR-008|SHR-011	CLN-009	先代旧事本紀	B	L1	神武祖系譜と分化した物部祖系譜
MR-EV-101	MOTIF-191	evolved_into	MOTIF-194	常陸大和	SHR-007|SHR-012	CLN-008	諸正史	B	L1	神武祖系譜から派生した中臣祖系譜
MR-EV-102	MOTIF-196	evolved_into	MOTIF-198	東北	-	CLN-038	続日本紀	B	L1	土蜘蛛(古代蔑称概念)→蝦夷(東北の在地集団としての実体化)
MR-EV-103	MOTIF-196	evolved_into	MOTIF-199	南九州	-	-	書紀	B	L1	土蜘蛛→熊襲(南九州在地集団としての実体化)
MR-EV-104	MOTIF-200	evolved_into	MOTIF-205	出雲	SHR-001	CLN-001	書紀崇神紀|神賀詞	B	L1	出雲振根殺害(中央視点)→出雲国譲り(被征服側出雲視点)、視点反転
MR-EV-105	MOTIF-198	evolved_into	MOTIF-202	東北	-	-	諸地方伝承	A	L0	蝦夷→田村麻呂征討(平安期の東北征討事業)
MR-EV-106	MOTIF-206	evolved_into	MOTIF-207	大和	-	皇統	古事記|日本書紀	A	L0	古事記(712)→日本書紀(720)、編纂事業の継起
MR-EV-107	MOTIF-207	evolved_into	MOTIF-208	大和→全国	-	-	諸風土記	A	L0	日本書紀→風土記編纂(和銅6年詔)、地方伝承の文字化政策
MR-EV-108	MOTIF-208	evolved_into	MOTIF-209	出雲	SHR-001	CLN-001	続日本紀|延喜式	B	L1	風土記編纂→出雲国造神賀詞の制度化(地方視点神話の朝廷儀礼化)
MR-EV-109	MOTIF-209	evolved_into	MOTIF-210	全国	-	-	延喜式	A	L0	出雲国造神賀詞→延喜式(927)、地方祭祀の式制化
MR-EV-110	MOTIF-210	evolved_into	MOTIF-211	全国	-	-	新撰姓氏録	A	L0	延喜式→新撰姓氏録(815、本来は先行)、両者は8-10世紀の制度史料
MR-EV-111	MOTIF-211	evolved_into	MOTIF-212	-	-	CLN-009	先代旧事本紀	C	L2	新撰姓氏録→先代旧事本紀(物部家伝、平安初期、偽書説あり)
MR-EV-112	MOTIF-213	evolved_into	MOTIF-212	-	-	CLN-013|CLN-009	古語拾遺|先代旧事本紀	C	L2	古語拾遺(807忌部視点)→先代旧事本紀(物部家伝)、家伝書の連鎖
MR-EV-113	MOTIF-214	evolved_into	MOTIF-215	伊勢	SHR-002	-	諸資料	B	L1	中世神道書群→神道五部書(伊勢神道の核)
MR-EV-114	MOTIF-215	evolved_into	MOTIF-216	伊勢	SHR-002	-	倭姫命世記	B	L1	神道五部書→倭姫命世記(伊勢中世神道の集成)
MR-EV-115	MOTIF-217	evolved_into	MOTIF-218	-	-	-	古事記伝	A	L0	古事記伝(本居宣長1798)→国学(近世国学運動の核)
MR-EV-116	MOTIF-218	evolved_into	MOTIF-219	出雲・全国	SHR-001	-	平田篤胤『霊能真柱』|『玉襷』	A	L0	国学→平田篤胤幽冥論(国学の宗教思想化)
MR-EV-117	MOTIF-219	evolved_into	MOTIF-220	全国	SHR-002	皇統	近代	B	L1	平田篤胤幽冥論→国家神道(明治期の国家祭祀化)
MR-EV-118	MOTIF-218	evolved_into	MOTIF-220	全国	SHR-002	皇統	近代諸資料	B	L1	国学→国家神道(政治化)
MR-EV-119	MOTIF-166	evolved_into	MOTIF-167	大和(吉野)	SHU-009	-	諸修験書	B	L1	本地垂迹→蔵王権現(大峰修験での具体化、釈迦・観音・弥勒の三尊習合)
MR-EV-120	MOTIF-166	evolved_into	MOTIF-168	紀伊	SHR-005|SHR-090|SHR-091	-	中世神道	B	L1	本地垂迹→熊野権現(熊野三山の阿弥陀薬師観音習合)
MR-EV-121	MOTIF-166	evolved_into	MOTIF-169	豊前→全国	SHR-016	-	諸記録	B	L1	本地垂迹→八幡大菩薩(八幡=阿弥陀の習合)
MR-EV-122	MOTIF-166	evolved_into	MOTIF-170	山城	SHR-017	-	諸記録	B	L1	本地垂迹→牛頭天王(スサノオ習合)
MR-EV-123	MOTIF-166	evolved_into	MOTIF-171	出雲・全国	SHR-001	-	中世神道	B	L1	本地垂迹→大黒天=大国主(大黒天習合)
MR-EV-124	MOTIF-166	evolved_into	MOTIF-172	厳島・竹生島・江ノ島	-	-	中世神道	B	L1	本地垂迹→弁才天=市杵島姫(弁才天習合)
MR-EV-125	MOTIF-166	evolved_into	MOTIF-173	近江山城	SHR-014	-	山王神道書	B	L1	本地垂迹→山王神道(日吉大社=比叡山天台習合)
MR-EV-126	MOTIF-166	evolved_into	MOTIF-174	伊勢	SHR-002	-	両部神道書	C	L2	本地垂迹→両部神道(伊勢神宮の真言密教化)
MR-EV-127	MOTIF-220	evolved_into	MOTIF-218	全国	-	皇統	近代諸資料	C	L2	国家神道による国学の再評価/逆方向の継承(国学を母胎とする逆フィードバック)
MR-EV-128	MOTIF-201	evolved_into	MOTIF-147	諏訪	SHR-045	CLN-018	守矢家文書	D	L3	諏訪洩矢神戦争→洩矢神信仰、敗者神の祭祀化
MR-SY-001	MOTIF-141	symbolically_related	MOTIF-056	伊勢	SHR-002	皇統	古事記|書紀	A	L0	神鏡=太陽神(アマテラスの依代としての八咫鏡)
MR-SY-002	MOTIF-142	symbolically_related	MOTIF-026	出雲・尾張	SHR-126	尾張氏	古事記|書紀	A	L0	神剣(草薙剣)=八岐大蛇(オロチ尾から出現)
MR-SY-003	MOTIF-143	symbolically_related	MOTIF-059	伊勢	-	-	諸資料	C	L2	勾玉=月神(勾玉=月の形象とする民俗解釈)
MR-SY-004	MOTIF-085	symbolically_related	MOTIF-026	出雲・尾張	SHR-126	尾張氏	古事記|書紀	A	L0	草薙剣=八岐大蛇神話の神宝
MR-SY-005	MOTIF-085	symbolically_related	MOTIF-016	尾張	SHR-126	尾張氏	古事記|書紀	A	L0	草薙剣=ヤマトタケルの剣(東征伝承)
MR-SY-006	MOTIF-086	symbolically_related	MOTIF-193	大和(石上)	SHR-011	CLN-009	書紀|発掘	A	L0	七支刀=物部氏祖系譜の象徴
MR-SY-007	MOTIF-141	symbolically_related	MOTIF-057	日向(高千穂)	-	-	古事記|書紀	A	L0	神鏡=天岩戸誘出装置(鏡で太陽を岩戸前に映す)
MR-SY-008	MOTIF-027	symbolically_related	MOTIF-101	全国	-	-	諸資料	A	L0	蛇神=水神(水神の蛇形象、農耕との関連)
MR-SY-009	MOTIF-027	symbolically_related	MOTIF-111	全国	-	-	諸民俗	A	L0	蛇神信仰=稲作儀礼(農耕水神としての蛇)
MR-SY-010	MOTIF-034	symbolically_related	MOTIF-027	全国	-	-	諸民俗	A	L0	水神=蛇=蛇神信仰の同一視
MR-SY-011	MOTIF-035	symbolically_related	MOTIF-127	大和	SHR-010	CLN-015	書紀崇神紀	A	L0	大物主の蛇身=祟り神(箸墓百襲姫譚)
MR-SY-012	MOTIF-056	symbolically_related	MOTIF-022	伊勢	SHR-002	皇統	古事記|書紀	A	L0	太陽神(アマテラス)=死と再生(岩戸籠もりと蘇生)
MR-SY-013	MOTIF-057	symbolically_related	MOTIF-141	日向(高千穂)	-	-	古事記|書紀	A	L0	天岩戸=神鏡(石凝姥命の鋳鏡)
MR-SY-014	MOTIF-056	symbolically_related	MOTIF-115	伊勢・皇都	SHR-002	皇統	諸正史	B	L1	太陽神=大嘗祭(即位=日継、太陽継承の象徴)
MR-SY-015	MOTIF-059	symbolically_related	MOTIF-021	出羽	SHR-113	-	出羽三山社伝	B	L1	月神=月山(死後世界)の象徴
MR-SY-016	MOTIF-060	symbolically_related	MOTIF-019	出羽	SHR-113	-	出羽三山社伝	B	L1	月山信仰=死者の国(出羽三山三世観の死後段階)
MR-SY-017	MOTIF-064	symbolically_related	MOTIF-143	伊勢別宮	-	-	諸資料	D	L3	三日月信仰=勾玉(形象的相似による解釈)
MR-SY-018	MOTIF-016	symbolically_related	MOTIF-019	出雲	SHR-027	-	古事記	A	L0	黄泉国=死者の国(冥界としての同義性)
MR-SY-019	MOTIF-017	symbolically_related	MOTIF-019	出雲西部	-	-	古事記	B	L1	根の堅州国=死者の国(地下世界としての類似)
MR-SY-020	MOTIF-018	symbolically_related	MOTIF-110	海上	-	-	古事記|風土記	A	L0	常世国=海(海そのもの)、海洋他界観
MR-SY-021	MOTIF-018	symbolically_related	MOTIF-041	海上・日向	SHR-068	-	古事記|書紀	B	L1	常世国=海宮神話(海神宮との類似性)
MR-SY-022	MOTIF-020	symbolically_related	MOTIF-018	紀伊	SHR-091|SHR-093	-	諸記録	B	L1	補陀落浄土=常世国(海上他界の仏教化)
MR-SY-023	MOTIF-019	symbolically_related	MOTIF-001	出雲・全国	SHR-001	-	古事記|平田篤胤	B	L1	死者の国=国譲り(大国主の幽冥司宰職)
MR-SY-024	MOTIF-066	symbolically_related	MOTIF-131	全国	-	-	諸資料	A	L0	山岳信仰=磐座(山頂の磐座祭祀)
MR-SY-025	MOTIF-067	symbolically_related	MOTIF-068	全国	-	-	諸記録	A	L0	神体山=神奈備(神聖空間概念の重複)
MR-SY-026	MOTIF-067	symbolically_related	MOTIF-133	全国	-	-	諸記録	A	L0	神体山=神奈備山(用語的重複)
MR-SY-027	MOTIF-066	symbolically_related	MOTIF-073	東北・諏訪	-	-	諸民俗	A	L0	山岳信仰=山の神(マタギ)、狩猟者の山神信仰
MR-SY-028	MOTIF-136	symbolically_related	MOTIF-135	諏訪	SHR-039〜042	CLN-017	諏訪社伝	A	L0	御柱=神木(樹木霊信仰の儀礼化)
MR-SY-029	MOTIF-136	symbolically_related	MOTIF-022	諏訪	SHR-039〜042	CLN-017	諏訪社伝	C	L2	御柱=死と再生(7年式年の柱建替え=共同体の再生)
MR-SY-030	MOTIF-137	symbolically_related	MOTIF-068	全国	-	-	諸民俗	B	L1	諸柱信仰=神奈備(柱を立てて神を招く)
MR-SY-031	MOTIF-091	symbolically_related	MOTIF-081	山城	愛宕|南宮大社	-	古事記	B	L1	カグツチ(火神)=金山彦神(金属神)、火と金属の連携
MR-SY-032	MOTIF-091	symbolically_related	MOTIF-090	全国	-	-	古事記|諸社伝	B	L1	カグツチ=鍛冶神信仰(火による鍛冶)
MR-SY-033	MOTIF-131	symbolically_related	MOTIF-067	全国	-	-	諸資料	A	L0	磐座=神体山(山頂磐座と神体山祭祀)
MR-SY-034	MOTIF-024	symbolically_related	MOTIF-131	出雲	-	-	古事記	A	L0	千引石=磐座(境界石としての磐座)
MR-SY-035	MOTIF-103	symbolically_related	MOTIF-101	紀伊	SHR-093	-	那智社伝	A	L0	那智の滝=水神(滝信仰の核)
MR-SY-036	MOTIF-103	symbolically_related	MOTIF-020	紀伊	SHR-093	-	諸記録	B	L1	那智の滝=補陀落浄土(滝が観音浄土の入口)
MR-SY-037	MOTIF-104	symbolically_related	MOTIF-101	大和	SHR-103	-	延喜式	A	L0	廣瀬大社=水神(大和の水神社代表)
MR-SY-038	MOTIF-221	symbolically_related	MOTIF-178	常陸大和・諏訪	SHR-007|SHR-012|SHR-040	CLN-008	春日大社社伝|守矢家文書	A	L0	神鹿=動物供犠(春日鹿/御頭祭鹿頭)
MR-SY-039	MOTIF-225	symbolically_related	MOTIF-025	因幡	白兎神社	-	古事記	A	L0	白兎=蘇生(医療)、因幡白兎譚
MR-SY-040	MOTIF-222	symbolically_related	MOTIF-056	紀伊・大和	SHR-095	CLN-040	古事記|書紀	B	L1	八咫烏=太陽神(三本足烏=太陽の象徴、東アジア文化圏)
MR-SY-041	MOTIF-222	symbolically_related	MOTIF-005	紀伊・大和	SHR-095	CLN-040	古事記|書紀	A	L0	八咫烏=神武東征(熊野→大和の道案内)
MR-SY-042	MOTIF-224	symbolically_related	MOTIF-170	山城・豊前	SHR-017|SHR-016	-	諸社伝	A	L0	神牛=牛頭天王(スサノオ習合の代表)
MR-SY-043	MOTIF-228	symbolically_related	MOTIF-073	武蔵秩父	三峰神社	-	諸民俗	A	L0	狼=山の神(マタギ)、山犬信仰
MR-SY-044	MOTIF-227	symbolically_related	MOTIF-110	太地・東北	-	-	諸民俗	B	L1	鯨=海神(海そのものの神格)
MR-SY-045	MOTIF-229	symbolically_related	MOTIF-196	全国	-	-	諸記録	A	L0	蜘蛛=土蜘蛛(先住民蔑称化)
MR-SY-046	MOTIF-230	symbolically_related	MOTIF-019	全国	-	-	諸民俗	B	L1	蝶=死者の霊(他界往還の象徴)
MR-SY-047	MOTIF-004	symbolically_related	MOTIF-002	日向→大和	-	皇統	古事記|書紀	A	L0	三種神器=天孫降臨(降臨時に持参した神宝)
MR-SY-048	MOTIF-004	symbolically_related	MOTIF-011	大和	-	皇統	古事記|書紀	A	L0	三種神器=皇統正統化(神器=皇位の象徴)
MR-SY-049	MOTIF-141	symbolically_related	MOTIF-014	伊勢	SHR-002	-	書紀垂仁紀|倭姫命世記	A	L0	神鏡=垂仁朝伊勢創建(倭姫命の御杖代)
MR-SY-050	MOTIF-001	symbolically_related	MOTIF-007	出雲・大和	SHR-001	CLN-001	続日本紀|延喜式	A	L0	国譲り=国造神賀詞奏上(国譲りの祭祀的継承)
MR-SY-051	MOTIF-010	symbolically_related	MOTIF-009	筑紫→豊前	SHR-016	-	宇佐宮御託宣集	C	L2	神功皇后三韓征討=八幡神顕現(応神=八幡説の前提)
MR-SY-052	MOTIF-010	symbolically_related	MOTIF-169	豊前→全国	SHR-016	-	諸記録	B	L1	神功皇后三韓征討=八幡大菩薩(応神への習合)
MR-SY-053	MOTIF-069	symbolically_related	MOTIF-066	全国	-	-	諸修験書	A	L0	修験道=山岳信仰の宗教実践化
MR-SY-054	MOTIF-167	symbolically_related	MOTIF-069	大和(吉野)	SHU-009	-	諸修験書	A	L0	蔵王権現=修験道(大峰修験の中核)
MR-SY-055	MOTIF-168	symbolically_related	MOTIF-069	紀伊	SHR-005|SHR-090|SHR-091	-	中世神道	A	L0	熊野権現=修験道(熊野修験の中核)
MR-SY-056	MOTIF-077	symbolically_related	MOTIF-019	出羽	SHR-113|SHR-114|SHR-115	-	出羽三山社伝	B	L1	出羽三山=死者の国(湯殿=未来=死後)
MR-SY-057	MOTIF-077	symbolically_related	MOTIF-021	出羽	SHR-113	-	出羽三山社伝	A	L0	出羽三山=月山(死後世界)
MR-SY-058	MOTIF-146	symbolically_related	MOTIF-027	諏訪	SHR-040	CLN-018	守矢家文書	C	L2	ミシャグジ=蛇神信仰(蛇神的側面の指摘)
MR-SY-059	MOTIF-146	symbolically_related	MOTIF-135	諏訪	SHR-040	CLN-018	守矢家文書	C	L2	ミシャグジ=神木(樹石依代信仰)
MR-SY-060	MOTIF-146	symbolically_related	MOTIF-131	諏訪	SHR-040	CLN-018	守矢家文書	C	L2	ミシャグジ=磐座(石依代信仰)
MR-SY-061	MOTIF-148	symbolically_related	MOTIF-149	東北関東	門客人神社	-	諸民俗	C	L2	アラハバキ=客人神(まれびと信仰の代表事例、折口論)
MR-SY-062	MOTIF-152	symbolically_related	MOTIF-013	出雲・全国	-	-	出雲国風土記|諸民俗	C	L2	ダイダラボッチ=出雲国引き(巨人による地形創成のモチーフ類縁)
MR-SY-063	MOTIF-121	symbolically_related	MOTIF-127	全国	-	-	諸記録	A	L0	御霊信仰=祟り神(非業の死者が祟る神格化)
MR-SY-064	MOTIF-176	symbolically_related	MOTIF-127	全国	-	-	諸記録	B	L1	生贄=祟り神(祟りを鎮める供犠)
MR-SY-065	MOTIF-177	symbolically_related	MOTIF-026	出雲(肥河)	-	-	古事記|書紀	A	L0	人身御供伝=八岐大蛇(オロチへの娘の供犠)
MR-SY-066	MOTIF-178	symbolically_related	MOTIF-120	諏訪	SHR-040	CLN-018	守矢家文書	A	L0	動物供犠=御頭祭(諏訪)、鹿頭75供犠
MR-SY-067	MOTIF-092	symbolically_related	MOTIF-091	肥後	SHR-059	CLN-036	阿蘇社伝	B	L1	阿蘇火山=カグツチ(火神同一視)
MR-SY-068	MOTIF-094	symbolically_related	MOTIF-002	大隅	SHR-067	-	霧島社伝|書紀	C	L2	霧島火山=天孫降臨(高千穂峰比定)
MR-SY-069	MOTIF-095	symbolically_related	MOTIF-074	駿河	SHR-031	-	浅間社伝	A	L0	富士火山=富士山信仰(火山活動を含む浅間信仰)
MR-SY-070	MOTIF-099	symbolically_related	MOTIF-091	山城	愛宕神社	-	諸記録	A	L0	愛宕権現=カグツチ(火防の火神化)
MR-SY-071	MOTIF-100	symbolically_related	MOTIF-091	遠江	秋葉山本宮秋葉神社	-	諸記録	A	L0	秋葉権現=カグツチ(近世火神信仰)
MR-SY-072	MOTIF-048	symbolically_related	MOTIF-044	玄界灘	SHR-077|SHR-009	CLN-016	発掘調査|古事記	A	L0	沖ノ島祭祀=宗像三女神(田心姫の主祭)
MR-SY-073	MOTIF-156	symbolically_related	MOTIF-046	筑前	SHR-079	CLN-021	筑前風土記逸文	A	L0	阿曇族=阿曇磯良(海人族祖伝)
MR-SY-074	MOTIF-157	symbolically_related	MOTIF-043	摂津・筑前	SHR-015|SHR-080	CLN-029	古事記	A	L0	住吉族=住吉三神(海路守護祖神)
MR-SY-075	MOTIF-158	symbolically_related	MOTIF-044	筑前	SHR-009	CLN-016	古事記	A	L0	宗像族=宗像三女神(海上交通祖神)
MR-SY-076	MOTIF-159	symbolically_related	MOTIF-051	丹後	SHR-085	CLN-028	籠神社社伝	A	L0	海部族=籠神社元伊勢(伊勢前史の海人系統)
MR-SY-077	MOTIF-155	symbolically_related	MOTIF-013	全国	-	-	HYP-001|出雲国風土記	E	L5	縄文海進記憶=出雲国引き(海面記憶仮説、検証困難)
MR-SY-078	MOTIF-155	symbolically_related	MOTIF-148	全国	-	-	HYP-001	E	L5	縄文海進記憶=アラハバキ(縄文記憶残存仮説)
MR-SY-079	MOTIF-115	symbolically_related	MOTIF-241	皇都	-	皇統	諸正史	A	L0	大嘗祭=祭祀儀礼カテゴリ重複(同一祭祀の再分類記述)
MR-SY-080	MOTIF-117	symbolically_related	MOTIF-243	伊勢	SHR-002	-	諸記録	A	L0	神嘗祭=式年遷宮(20年遷宮儀礼との連動)
MR-SY-081	MOTIF-126	symbolically_related	MOTIF-242	皇都	-	-	諸記録	A	L0	古代鎮魂祭=中世以降鎮魂祭(同一祭祀の継承)
MR-SY-082	MOTIF-206	symbolically_related	MOTIF-191	大和	-	皇統	古事記	A	L0	古事記編纂=神武祖系譜の文字化
MR-SY-083	MOTIF-209	symbolically_related	MOTIF-007	出雲・大和	SHR-001	CLN-001	続日本紀|延喜式	A	L0	出雲国造神賀詞=国造神賀詞奏上(同一祭祀の文書化)
MR-SY-084	MOTIF-217	symbolically_related	MOTIF-218	-	-	-	古事記伝|諸国学書	A	L0	古事記伝=国学(本居宣長と国学運動の核)
MR-SY-085	MOTIF-219	symbolically_related	MOTIF-001	出雲	SHR-001	-	平田篤胤	B	L1	平田篤胤幽冥論=国譲り(大国主の幽冥司宰職)
MR-SY-086	MOTIF-128	symbolically_related	MOTIF-006	大和(三輪)	SHR-010	CLN-015	書紀崇神紀	A	L0	大物主祟り=崇神朝祭祀整備(三輪山祭祀の起源)
MR-RT-001	MOTIF-232	ritual_related	MOTIF-136	諏訪	SHR-039|SHR-040|SHR-041|SHR-042	CLN-017	諏訪社伝	A	L0	御柱祭=御柱の式年儀礼(7年に一度の柱建替)
MR-RT-002	MOTIF-233	ritual_related	MOTIF-120	諏訪	SHR-040	CLN-018	守矢家文書	A	L0	御頭祭(祭祀儀礼)=御頭祭(諏訪、農耕祭祀カテゴリ)、同一祭祀の重複記述
MR-RT-003	MOTIF-234	ritual_related	MOTIF-030	諏訪	SHR-039	-	諸社伝	A	L0	蛙狩神事=諏訪龍蛇神(諏訪明神への蛙供犠)
MR-RT-004	MOTIF-235	ritual_related	MOTIF-007	出雲	SHR-004	CLN-001	出雲国造家文書	A	L0	火継神事=国造神賀詞奏上の前提儀礼(国造代替り)
MR-RT-005	MOTIF-236	ritual_related	MOTIF-001	出雲(美保)	SHR-020	-	美保社伝	A	L0	青柴垣神事=国譲り神話の再演(コトシロヌシ服従)
MR-RT-006	MOTIF-237	ritual_related	MOTIF-001	出雲(美保)	SHR-020	-	美保社伝	A	L0	諸手船神事=国譲り神話の問答再演
MR-RT-007	MOTIF-231	ritual_related	MOTIF-001	出雲	SHR-001|SHR-023|SHR-028	-	出雲社伝	A	L0	神在祭=国譲り後の全国神々集合(出雲祭祀の独自展開)
MR-RT-008	MOTIF-238	ritual_related	MOTIF-222	山城	SHR-013|SHR-014	CLN-040	諸記録	A	L0	葵祭(賀茂祭)=八咫烏=賀茂氏祖(山城賀茂氏の祭祀)
MR-RT-009	MOTIF-239	ritual_related	MOTIF-194	大和	SHR-012	CLN-008	延喜式	A	L0	春日祭=中臣祖系譜(藤原氏祭祀)
MR-RT-010	MOTIF-240	ritual_related	MOTIF-170	山城	SHR-017	-	諸記録	A	L0	祇園祭=牛頭天王(疫神鎮め)
MR-RT-011	MOTIF-240	ritual_related	MOTIF-125	山城	SHR-017	-	諸記録	A	L0	祇園祭=御霊会(平安期御霊鎮め)
MR-RT-012	MOTIF-241	ritual_related	MOTIF-115	皇都	-	皇統	諸正史	A	L0	大嘗祭(祭祀儀礼)=大嘗祭(農耕祭祀)、同一祭祀の重複記述
MR-RT-013	MOTIF-242	ritual_related	MOTIF-126	皇都	-	-	諸記録	A	L0	鎮魂祭(祭祀儀礼)=鎮魂祭(怨霊御霊)、同一祭祀の重複記述
MR-RT-014	MOTIF-243	ritual_related	MOTIF-117	伊勢	SHR-002	-	諸記録	A	L0	式年遷宮=神嘗祭(20年遷宮と年次神嘗の連動)
MR-RT-015	MOTIF-244	ritual_related	MOTIF-108	全国	SHR-012	-	諸民俗	B	L1	湯立=春日御湯立(湯立神事の代表事例)
MR-RT-016	MOTIF-245	ritual_related	MOTIF-057	全国(出雲|九州起点)	-	-	諸資料	B	L1	神楽=天岩戸(岩戸神楽が起源伝承)
MR-RT-017	MOTIF-098	ritual_related	MOTIF-069	全国	大峰|出羽三山	-	諸修験	A	L0	火渡り=修験道(修験儀礼の核)
MR-RT-018	MOTIF-178	ritual_related	MOTIF-233	諏訪	SHR-040	CLN-018	守矢家文書	A	L0	動物供犠=御頭祭(諏訪上社前宮)
MR-RT-019	MOTIF-179	ritual_related	MOTIF-077	出羽	SHR-115	-	諸資料	A	L0	即身仏=出羽三山(湯殿山修験)
MR-RT-020	MOTIF-180	ritual_related	MOTIF-185	全国	-	-	書紀垂仁紀	A	L0	殉死=死者の代行(形象埴輪による代替)
MR-RT-021	MOTIF-182	ritual_related	MOTIF-183	大和	-	CLN-037	続日本紀|延喜式	A	L0	隼人楯=隼人舞(朝廷儀礼における連続)
MR-RT-022	MOTIF-115	ritual_related	MOTIF-116	皇都	-	皇統	諸正史	A	L0	大嘗祭=新嘗祭(即位毎の特殊版)
MR-RT-023	MOTIF-117	ritual_related	MOTIF-116	伊勢・皇都	SHR-002	皇統	諸記録	A	L0	神嘗祭=新嘗祭(伊勢の年次収穫祭)
MR-RT-024	MOTIF-114	ritual_related	MOTIF-111	全国	諸社	-	諸記録	A	L0	御田植祭=稲作儀礼の代表
MR-RT-025	MOTIF-118	ritual_related	MOTIF-117	伊勢	SHR-002	-	諸記録	A	L0	御饌神事=神嘗祭(神への食物奉献)
MR-RT-026	MOTIF-119	ritual_related	MOTIF-114	全国	-	-	諸民俗	A	L0	五穀豊穣=御田植祭(豊作祈願祭)
MR-RT-027	MOTIF-108	ritual_related	MOTIF-244	大和	SHR-012	-	諸記録	A	L0	春日御湯立=湯立(春日の湯立神事代表)
MR-RT-028	MOTIF-167	ritual_related	MOTIF-098	大和(吉野)	SHU-009	-	諸修験書	B	L1	蔵王権現=火渡り(大峰修験での実践)
MR-RT-029	MOTIF-168	ritual_related	MOTIF-050	紀伊	SHR-091|SHR-093	-	諸記録	A	L0	熊野権現=補陀落渡海(熊野信仰の実践)
MR-RT-030	MOTIF-077	ritual_related	MOTIF-179	出羽	SHR-115	-	出羽三山社伝	A	L0	出羽三山=即身仏(湯殿山の最終段階)
MR-RT-031	MOTIF-074	ritual_related	MOTIF-097	駿河甲斐	SHR-031|SHU-007	-	浅間社伝	B	L1	富士山信仰=浅間信仰(浅間講)
MR-RT-032	MOTIF-075	ritual_related	MOTIF-069	加賀越前美濃	SHR-047|SHU-004	-	白山社伝	A	L0	白山信仰=修験道(白山修験)
MR-RT-033	MOTIF-076	ritual_related	MOTIF-069	越中	SHU-005	-	立山社伝	A	L0	立山信仰=修験道(立山修験)
MR-RT-034	MOTIF-077	ritual_related	MOTIF-069	出羽	SHR-113|SHR-114|SHR-115	-	出羽三山社伝	A	L0	出羽三山=修験道(出羽修験)
MR-RT-035	MOTIF-078	ritual_related	MOTIF-069	信濃	SHU-006	-	戸隠社伝	A	L0	戸隠=修験道(戸隠修験)
MR-RT-036	MOTIF-079	ritual_related	MOTIF-069	信濃美濃	SHU-017	-	御嶽社伝	B	L1	御嶽=修験道(御嶽講)
MR-RT-037	MOTIF-070	ritual_related	MOTIF-069	全国	-	-	諸資料	A	L0	山伏=修験道(修験者集団としての実践)
MR-RT-038	MOTIF-014	ritual_related	MOTIF-117	伊勢	SHR-002	皇統	書紀垂仁紀	A	L0	垂仁朝伊勢創建=神嘗祭(伊勢神宮祭祀の起源)
MR-RT-039	MOTIF-002	ritual_related	MOTIF-115	日向→皇都	-	皇統	古事記|書紀	B	L1	天孫降臨=大嘗祭(即位=天孫降臨の再演)
MR-RT-040	MOTIF-001	ritual_related	MOTIF-007	出雲・大和	SHR-001	CLN-001	続日本紀|延喜式	A	L0	国譲り=国造神賀詞奏上(国譲りの祭祀的継承)
MR-RT-041	MOTIF-001	ritual_related	MOTIF-236	出雲(美保)	SHR-020	-	美保社伝	A	L0	国譲り=青柴垣神事(コトシロヌシ服従の再演)
MR-RT-042	MOTIF-001	ritual_related	MOTIF-237	出雲(美保)	SHR-020	-	美保社伝	A	L0	国譲り=諸手船神事(問答再演)
MR-RT-043	MOTIF-026	ritual_related	MOTIF-177	出雲	-	-	古事記|書紀	A	L0	八岐大蛇=人身御供伝(クシナダ姫の供犠回避)
MR-RT-044	MOTIF-006	ritual_related	MOTIF-128	大和(三輪)	SHR-010	CLN-015	書紀崇神紀	A	L0	崇神朝祭祀整備=大物主祟り(祟り鎮めの起点祭祀)
MR-RT-045	MOTIF-127	ritual_related	MOTIF-006	大和	SHR-010	CLN-015	書紀崇神紀	A	L0	祟り神=崇神朝祭祀整備(祟り神祭祀の制度化起源)
MR-RT-046	MOTIF-121	ritual_related	MOTIF-125	山城	SHR-017	-	諸記録	A	L0	御霊信仰=御霊会(祭祀化の代表)
MR-RT-047	MOTIF-126	ritual_related	MOTIF-121	皇都	-	-	諸記録	A	L0	鎮魂祭=御霊信仰(古代鎮魂祭祀の対象拡大)
MR-RT-048	MOTIF-046	ritual_related	MOTIF-156	筑前	SHR-079	CLN-021	筑前風土記逸文	A	L0	阿曇磯良=阿曇族(阿曇祭祀の核)
MR-RT-049	MOTIF-053	ritual_related	MOTIF-182	南九州・大和	-	CLN-037	続日本紀|延喜式	B	L1	隼人海洋=隼人楯(朝廷出仕の儀礼化)
MR-RT-050	MOTIF-053	ritual_related	MOTIF-183	南九州・大和	-	CLN-037	諸記録	B	L1	隼人海洋=隼人舞(朝廷儀礼での隼人芸能)
MR-RT-051	MOTIF-186	ritual_related	MOTIF-029	大和	SHR-010	CLN-015	古事記	A	L0	神婚=三輪山型神婚(蛇神との婚姻儀礼神話)
MR-RT-052	MOTIF-188	ritual_related	MOTIF-029	大和	SHR-010	-	古事記	A	L0	蛇婿=三輪山型神婚(箸墓伝承)
MR-RT-053	MOTIF-189	ritual_related	MOTIF-041	日向対馬	-	-	古事記|書紀	A	L0	海宮婚=海宮神話(豊玉姫譚)
MR-RT-054	MOTIF-118	ritual_related	MOTIF-243	伊勢	SHR-002	-	諸記録	A	L0	御饌神事=式年遷宮(遷御の御饌)
MR-RT-055	MOTIF-220	ritual_related	MOTIF-115	全国	SHR-002	皇統	近代	C	L2	国家神道=大嘗祭(近代国家祭祀の核)
MR-RT-056	MOTIF-115	ritual_related	MOTIF-241	皇都	-	皇統	諸正史	A	L0	大嘗祭(農耕祭祀)=大嘗祭(祭祀儀礼)、同一祭祀の重複登録
MR-RT-057	MOTIF-126	ritual_related	MOTIF-242	皇都	-	-	諸記録	A	L0	鎮魂祭(怨霊御霊)=鎮魂祭(祭祀儀礼)、同一祭祀の重複登録
MR-RT-058	MOTIF-120	ritual_related	MOTIF-233	諏訪	SHR-040	CLN-018	守矢家文書	A	L0	御頭祭(諏訪、農耕祭祀)=御頭祭(諏訪、祭祀儀礼)、重複登録
MR-RT-059	MOTIF-209	ritual_related	MOTIF-007	出雲・大和	SHR-001	CLN-001	続日本紀|延喜式	A	L0	出雲国造神賀詞=国造神賀詞奏上(同一祭祀)
MR-RT-060	MOTIF-067	ritual_related	MOTIF-131	全国	-	-	諸資料	A	L0	神体山=磐座(山頂磐座祭祀)
MR-RT-061	MOTIF-093	ritual_related	MOTIF-092	肥後	SHR-059	CLN-036	阿蘇社伝	A	L0	阿蘇カルデラ=阿蘇火山(阿蘇神社祭祀の対象地形)
MR-RT-062	MOTIF-021	ritual_related	MOTIF-077	出羽	SHR-113	-	出羽三山社伝	A	L0	月山=出羽三山(三山修験の構成)
MR-RT-063	MOTIF-077	ritual_related	MOTIF-022	出羽	SHR-113|SHR-114|SHR-115	-	出羽三山社伝	B	L1	出羽三山=死と再生(三世観の儀礼)
MR-RT-064	MOTIF-202	ritual_related	MOTIF-198	東北	-	-	諸地方伝承	A	L0	田村麻呂征討=蝦夷(平安期東北征討)
MR-RT-065	MOTIF-176	ritual_related	MOTIF-177	全国	-	-	諸記録|諸民俗	A	L0	生贄=人身御供伝(同一概念の異側面)
MR-RT-066	MOTIF-176	ritual_related	MOTIF-178	諏訪・全国	SHR-040	-	諸民俗	A	L0	生贄=動物供犠(動物による供犠形式)
MR-RT-067	MOTIF-181	ritual_related	MOTIF-180	大和	-	-	書紀垂仁紀	A	L0	供犠の終焉=殉死(垂仁朝の禁止令)
MR-RT-068	MOTIF-110	ritual_related	MOTIF-018	海上	-	-	諸資料	B	L1	海神=常世国(海洋他界観)
MR-RT-069	MOTIF-101	ritual_related	MOTIF-105	全国	-	-	諸民俗	A	L0	水神=川の神(諸河川祭祀)
MR-RT-070	MOTIF-101	ritual_related	MOTIF-107	全国	-	-	諸民俗	A	L0	水神=雨神(雨乞祭祀)
MR-PO-001	MOTIF-001	politically_related	MOTIF-007	出雲・大和	SHR-001	CLN-001	続日本紀|延喜式	A	L0	国譲り神話=国造神賀詞奏上、出雲祭祀の朝廷化を儀礼で確認
MR-PO-002	MOTIF-001	politically_related	MOTIF-002	出雲〜日向	-	皇統	古事記|書紀	A	L0	国譲り→天孫降臨、ヤマト王権による地上支配の正当化
MR-PO-003	MOTIF-002	politically_related	MOTIF-005	日向〜大和	-	皇統	古事記|書紀	A	L0	天孫降臨→神武東征、皇統の地理的確立過程
MR-PO-004	MOTIF-005	politically_related	MOTIF-015	大和(橿原)	-	皇統	書紀神武紀	A	L0	神武東征→神武即位、皇紀の起点設定
MR-PO-005	MOTIF-008	politically_related	MOTIF-200	出雲	-	CLN-001	書紀崇神紀	B	L1	出雲振根説話=出雲振根殺害、出雲服属の神話化
MR-PO-006	MOTIF-200	politically_related	MOTIF-001	出雲	SHR-001	CLN-001	書紀|神賀詞	B	L1	出雲振根殺害=国譲り、別形式での服属表現
MR-PO-007	MOTIF-205	politically_related	MOTIF-001	出雲	SHR-001	CLN-001	神賀詞	B	L1	出雲国譲り(被征服側)=国譲り、視点反転の関係
MR-PO-008	MOTIF-006	politically_related	MOTIF-128	大和(三輪)	SHR-010	CLN-015	書紀崇神紀	A	L0	崇神朝祭祀整備=大物主祟り、王権祭祀確立の起点
MR-PO-009	MOTIF-201	politically_related	MOTIF-147	諏訪	SHR-045	CLN-018	守矢家文書	C	L2	諏訪洩矢神戦争=洩矢神、在来層の征服と服属祭祀化
MR-PO-010	MOTIF-201	politically_related	MOTIF-146	諏訪	SHR-040	CLN-018	守矢家文書	C	L2	諏訪洩矢神戦争=ミシャグジ、縄文系土着の包摂
MR-PO-011	MOTIF-196	politically_related	MOTIF-198	東北	-	CLN-038	続日本紀	B	L1	土蜘蛛=蝦夷、先住民蔑称の地域別実体化
MR-PO-012	MOTIF-196	politically_related	MOTIF-199	南九州	-	-	書紀	B	L1	土蜘蛛=熊襲、南九州の先住民蔑称
MR-PO-013	MOTIF-202	politically_related	MOTIF-198	東北	-	-	諸地方伝承	A	L0	田村麻呂征討=蝦夷、平安期東北征討事業
MR-PO-014	MOTIF-203	politically_related	MOTIF-089	備中	-	CLN-026	諸地方伝承	C	L2	温羅退治=温羅、吉備津彦による渡来製鉄民征服説話
MR-PO-015	MOTIF-010	politically_related	MOTIF-009	筑紫→豊前	SHR-016	-	書紀|宇佐宮御託宣集	C	L2	神功皇后三韓征討=八幡神顕現、応神(=八幡)の対外征服神話化
MR-PO-016	MOTIF-009	politically_related	MOTIF-169	豊前→全国	SHR-016	-	諸記録	B	L1	八幡神顕現=八幡大菩薩、皇統習合による政治的確立
MR-PO-017	MOTIF-011	politically_related	MOTIF-206	大和	-	皇統	古事記	A	L0	皇統正統化編集=古事記編纂(712)、編纂事業の政治目的
MR-PO-018	MOTIF-011	politically_related	MOTIF-207	大和	-	皇統	日本書紀	A	L0	皇統正統化編集=日本書紀編纂(720)、対外向け正史
MR-PO-019	MOTIF-011	politically_related	MOTIF-208	大和→全国	-	-	諸風土記	A	L0	皇統正統化編集=風土記編纂、地方伝承の朝廷統制
MR-PO-020	MOTIF-011	politically_related	MOTIF-191	大和	-	皇統	古事記|書紀	A	L0	皇統正統化編集=神武祖系譜、皇統正当化の核
MR-PO-021	MOTIF-012	politically_related	MOTIF-011	大和	-	皇統	書紀	B	L1	倭王権神話化=皇統正統化編集、政治神話化の連鎖
MR-PO-022	MOTIF-012	politically_related	MOTIF-005	大和	-	皇統	書紀	C	L2	倭王権神話化=神武東征(神話化された征服)
MR-PO-023	MOTIF-007	politically_related	MOTIF-209	出雲・大和	SHR-001	CLN-001	続日本紀|延喜式	A	L0	国造神賀詞奏上=出雲国造神賀詞、地方視点の朝廷取込
MR-PO-024	MOTIF-013	politically_related	MOTIF-001	出雲	-	-	出雲国風土記	C	L2	出雲国引き=国譲り、地方創成神話の中央吸収
MR-PO-025	MOTIF-209	politically_related	MOTIF-007	出雲・大和	SHR-001	CLN-001	続日本紀|延喜式	A	L0	出雲国造神賀詞=国造神賀詞奏上、地方→中央祭祀の制度化
MR-PO-026	MOTIF-220	politically_related	MOTIF-115	全国	SHR-002	皇統	近代	C	L2	国家神道=大嘗祭、近代国家祭祀の中核
MR-PO-027	MOTIF-220	politically_related	MOTIF-219	全国	-	-	近代	B	L1	国家神道=平田篤胤幽冥論、近代神道思想の母胎
MR-PO-028	MOTIF-218	politically_related	MOTIF-220	全国	-	-	近代諸資料	B	L1	国学=国家神道、思想の政治化
MR-PO-029	MOTIF-217	politically_related	MOTIF-218	-	-	-	古事記伝	A	L0	古事記伝=国学、近世国学運動の核
MR-PO-030	MOTIF-148	politically_related	MOTIF-198	東北	門客人神社	-	諸民俗	D	L3	アラハバキ=蝦夷、東北の在地信仰の征服側からの読解
MR-PO-031	MOTIF-204	politically_related	MOTIF-202	山間部全国	-	-	諸地方伝承	C	L2	落人伝承=田村麻呂征討、敗者側の口承伝承
MR-PO-032	MOTIF-202	politically_related	MOTIF-204	東北	-	-	諸地方伝承	C	L2	田村麻呂征討=落人伝承、征服譚と落人譚の対称性
MR-PO-033	MOTIF-127	politically_related	MOTIF-006	大和(三輪)	SHR-010	CLN-015	書紀崇神紀	A	L0	祟り神=崇神朝祭祀整備、政治的祟り鎮めの祭祀化
MR-PO-034	MOTIF-085	politically_related	MOTIF-016	尾張	SHR-126	尾張氏	古事記|書紀	A	L0	草薙剣=神武東征(ヤマトタケル東征譚との接続、皇統剣)
MR-PO-035	MOTIF-004	politically_related	MOTIF-002	日向→大和	-	皇統	古事記|書紀	A	L0	三種神器=天孫降臨、皇統正統化の物質的根拠
MR-PO-036	MOTIF-004	politically_related	MOTIF-011	大和	-	皇統	古事記|書紀	A	L0	三種神器=皇統正統化編集、神器を皇位の核とする編集
MR-PO-037	MOTIF-141	politically_related	MOTIF-014	伊勢	SHR-002	-	書紀垂仁紀	A	L0	神鏡=垂仁朝伊勢創建、アマテラス御鏡の祭祀地確立
MR-PO-038	MOTIF-014	politically_related	MOTIF-117	伊勢	SHR-002	-	書紀	A	L0	垂仁朝伊勢創建=神嘗祭、皇祖神祭祀の制度化
MR-PO-039	MOTIF-115	politically_related	MOTIF-002	皇都	-	皇統	諸正史	B	L1	大嘗祭=天孫降臨、即位儀礼=天孫降臨の再演
MR-PO-040	MOTIF-198	politically_related	MOTIF-202	東北	-	CLN-038	続日本紀	A	L0	蝦夷=田村麻呂征討、平安期の征討対象
MR-PO-041	MOTIF-165	politically_related	MOTIF-053	薩摩大隅	-	CLN-037	書紀	B	L1	隼人=隼人海洋、隼人の海幸彦末裔系譜化
MR-PO-042	MOTIF-165	politically_related	MOTIF-182	大和	-	CLN-037	続日本紀|延喜式	A	L0	隼人=隼人楯、朝廷出仕の儀礼化
MR-PO-043	MOTIF-165	politically_related	MOTIF-183	大和	-	CLN-037	諸記録	A	L0	隼人=隼人舞、朝廷儀礼での芸能出仕
MR-PO-044	MOTIF-161	politically_related	MOTIF-090	山城	SHR-035|SHR-034	CLN-022	諸記録	B	L1	秦氏=鍛冶神信仰、渡来技術氏族の祭祀政治化
MR-PO-045	MOTIF-161	politically_related	MOTIF-220	山城	SHR-035	CLN-022	諸記録	C	L2	秦氏=国家神道(伏見稲荷の近代国家神道での扱い)
MR-PO-046	MOTIF-082	politically_related	MOTIF-087	奥出雲	-	山内・絲原・桜井	近世史料	A	L0	金屋子神=出雲たたら、近世製鉄の祭祀政治
MR-PO-047	MOTIF-088	politically_related	MOTIF-203	備中	-	CLN-026	諸地方伝承	C	L2	吉備製鉄=温羅退治、吉備の渡来製鉄民征服神話
MR-PO-048	MOTIF-084	politically_related	MOTIF-026	出雲	-	-	HYP-002	E	L4	ヤマタノオロチ製鉄説=八岐大蛇、神話の政治史的読解
MR-PO-049	MOTIF-084	politically_related	MOTIF-001	出雲	SHR-001	-	HYP-002|HYP-004	E	L4	ヤマタノオロチ製鉄説=国譲り、製鉄民征服と国譲りの連動仮説
MR-PO-050	MOTIF-001	politically_related	MOTIF-205	出雲	SHR-001	CLN-001	古事記|神賀詞	B	L1	国譲り=出雲国譲り(被征服側)、視点二重化の政治構造
MR-PO-051	MOTIF-128	politically_related	MOTIF-006	大和(三輪)	SHR-010	CLN-015	書紀崇神紀	A	L0	大物主祟り=崇神朝祭祀整備、王権祭祀の起点
MR-PO-052	MOTIF-194	politically_related	MOTIF-239	大和	SHR-012	CLN-008	延喜式	A	L0	中臣祖系譜=春日祭、藤原氏氏神祭祀の確立
MR-PO-053	MOTIF-193	politically_related	MOTIF-086	大和(石上)	SHR-011	CLN-009	書紀|発掘	A	L0	物部祖系譜=七支刀、物部氏祭祀権の物質的根拠
MR-PO-054	MOTIF-192	politically_related	MOTIF-007	出雲	SHR-001	CLN-001	先代旧事本紀	A	L0	出雲国造系譜=国造神賀詞奏上、出雲国造の地位確認
MR-PO-055	MOTIF-129	politically_related	MOTIF-123	関東	SHR-019	-	諸記録	B	L1	八幡神(承平天慶反乱)=平将門大明神、将門乱後の八幡信仰強化
MR-PO-056	MOTIF-211	politically_related	MOTIF-194	全国	-	CLN-008	新撰姓氏録	A	L0	新撰姓氏録=中臣祖系譜、氏族系譜の制度化
MR-PO-057	MOTIF-212	politically_related	MOTIF-193	-	-	CLN-009	先代旧事本紀	C	L2	先代旧事本紀=物部祖系譜、物部家伝による祖神論争
MR-PO-058	MOTIF-213	politically_related	MOTIF-083	-	-	CLN-013	古語拾遺	A	L0	古語拾遺=天目一箇神、忌部視点の鍛冶神祖伝
MR-RG-001	MOTIF-001	regionally_related	MOTIF-013	出雲	SHR-001	-	出雲国風土記	A	L0	国譲り(中央視点)=出雲国引き(出雲視点)、出雲地方の二重神話
MR-RG-002	MOTIF-026	regionally_related	MOTIF-084	出雲(肥河)	-	-	HYP-002	C	L2	八岐大蛇=ヤマタノオロチ製鉄説、出雲斐伊川流域の地理的依拠
MR-RG-003	MOTIF-002	regionally_related	MOTIF-094	大隅・日向	SHR-067	-	霧島社伝	C	L2	天孫降臨=霧島火山(高千穂峰比定)、九州南部の地理
MR-RG-004	MOTIF-002	regionally_related	MOTIF-074	日向高千穂・駿河	SHR-031	-	諸社伝	D	L3	天孫降臨=富士山信仰(富士本宮浅間=コノハナサクヤとの接続)
MR-RG-005	MOTIF-005	regionally_related	MOTIF-099	大和・山城	愛宕神社	-	諸記録	D	L3	神武東征の通過地と愛宕権現(山城火神信仰の地理)
MR-RG-006	MOTIF-026	regionally_related	MOTIF-082	出雲(肥河)・奥出雲	-	山内・絲原・桜井	諸社伝|HYP-002	D	L3	八岐大蛇=金屋子神、出雲製鉄地帯の地理的同一性
MR-RG-007	MOTIF-026	regionally_related	MOTIF-087	出雲(肥河)・奥出雲	-	山内・絲原・桜井	近世史料	C	L2	八岐大蛇=出雲たたら、奥出雲製鉄地域の地理的同一
MR-RG-008	MOTIF-035	regionally_related	MOTIF-029	大和(三輪山)	SHR-010	CLN-015	書紀	A	L0	大物主の蛇身=三輪山型神婚、大和三輪山の地理的核
MR-RG-009	MOTIF-067	regionally_related	MOTIF-029	大和(三輪山)	SHR-010	CLN-015	古事記|書紀	A	L0	神体山=三輪山型神婚、三輪山(神体山の代表)
MR-RG-010	MOTIF-066	regionally_related	MOTIF-067	大和(三輪山)	SHR-010	-	古事記	A	L0	山岳信仰=神体山(三輪山が代表事例)
MR-RG-011	MOTIF-068	regionally_related	MOTIF-067	大和(三輪山)	SHR-010	-	諸記録	A	L0	神奈備=神体山(三輪山が神奈備山の代表)
MR-RG-012	MOTIF-074	regionally_related	MOTIF-095	駿河	SHR-031|SHU-007	-	浅間社伝	A	L0	富士山信仰=富士火山、富士山地域祭祀の同一地
MR-RG-013	MOTIF-074	regionally_related	MOTIF-097	駿河甲斐信濃	SHR-031	-	浅間社伝	A	L0	富士山信仰=浅間信仰(富士本宮浅間と各地浅間)
MR-RG-014	MOTIF-075	regionally_related	MOTIF-069	加賀越前美濃	SHR-047|SHU-004	-	白山社伝	A	L0	白山信仰=修験道、白山地域での修験
MR-RG-015	MOTIF-076	regionally_related	MOTIF-096	越中	SHU-005	-	立山社伝	A	L0	立山信仰=立山地獄、立山地域祭祀の同一地
MR-RG-016	MOTIF-077	regionally_related	MOTIF-021	出羽	SHR-113	-	出羽三山社伝	A	L0	出羽三山=月山、出羽地域での山岳信仰
MR-RG-017	MOTIF-077	regionally_related	MOTIF-179	出羽(湯殿山)	SHR-115	-	出羽三山社伝	A	L0	出羽三山=即身仏、湯殿山修験
MR-RG-018	MOTIF-080	regionally_related	MOTIF-068	信濃	-	-	諸民俗	D	L3	八ヶ岳=神奈備(八ヶ岳の縄文遺跡集中)
MR-RG-019	MOTIF-080	regionally_related	MOTIF-146	信濃(諏訪)	SHR-040	CLN-018	諸民俗	D	L3	八ヶ岳=ミシャグジ、諏訪盆地周辺の縄文系信仰
MR-RG-020	MOTIF-030	regionally_related	MOTIF-146	諏訪	SHR-040|SHR-006	CLN-018	諸社伝	C	L2	諏訪龍蛇神=ミシャグジ、諏訪盆地祭祀の地理的核
MR-RG-021	MOTIF-030	regionally_related	MOTIF-147	諏訪	SHR-006|SHR-045	CLN-018	諸社伝	C	L2	諏訪龍蛇神=洩矢神、諏訪盆地祭祀の在来層
MR-RG-022	MOTIF-036	regionally_related	MOTIF-030	諏訪(諏訪湖)	SHR-006|SHR-043	-	諸地方民俗	A	L0	諏訪御渡=諏訪龍蛇神、諏訪湖固有信仰
MR-RG-023	MOTIF-026	regionally_related	MOTIF-027	出雲・全国	SHR-001|SHR-025|SHR-026	-	諸資料	A	L0	八岐大蛇=蛇神信仰、出雲を起点とする蛇神信仰の核
MR-RG-024	MOTIF-016	regionally_related	MOTIF-019	出雲(揖夜)	SHR-027	-	古事記|書紀	A	L0	黄泉国=死者の国、出雲東端の冥界
MR-RG-025	MOTIF-017	regionally_related	MOTIF-016	出雲西部	SHR-027	-	古事記	B	L1	根の堅州国=黄泉国、出雲冥界観の二重性
MR-RG-026	MOTIF-001	regionally_related	MOTIF-205	出雲	SHR-001	CLN-001	古事記|神賀詞	A	L0	国譲り=出雲国譲り(被征服側)、同一地域の二視点
MR-RG-027	MOTIF-008	regionally_related	MOTIF-200	出雲	-	CLN-001	書紀崇神紀	A	L0	出雲振根説話=出雲振根殺害、出雲祭祀権収奪
MR-RG-028	MOTIF-007	regionally_related	MOTIF-209	出雲・大和	SHR-001	CLN-001	続日本紀|延喜式	A	L0	国造神賀詞奏上=出雲国造神賀詞、出雲祭祀の朝廷儀礼
MR-RG-029	MOTIF-235	regionally_related	MOTIF-007	出雲	SHR-004	CLN-001	出雲国造家文書	A	L0	火継神事=国造神賀詞奏上、国造代替り祭祀
MR-RG-030	MOTIF-231	regionally_related	MOTIF-001	出雲	SHR-001|SHR-023|SHR-028	-	出雲社伝	A	L0	神在祭=国譲り、出雲祭祀独自展開
MR-RG-031	MOTIF-236	regionally_related	MOTIF-237	出雲(美保)	SHR-020	-	美保社伝	A	L0	青柴垣神事=諸手船神事(美保神社の二重神事)
MR-RG-032	MOTIF-040	regionally_related	MOTIF-027	全国	-	-	諸民俗	B	L1	蛇腹巻き伝承=蛇神信仰(全国分布)
MR-RG-033	MOTIF-038	regionally_related	MOTIF-028	全国	-	-	諸社伝	B	L1	諸地方の龍神=龍蛇神(地方分化)
MR-RG-034	MOTIF-031	regionally_related	MOTIF-078	信濃(戸隠)	SHU-006	-	戸隠社伝	A	L0	九頭龍=戸隠(戸隠九頭龍信仰)
MR-RG-035	MOTIF-103	regionally_related	MOTIF-168	紀伊	SHR-093|SHR-091	-	那智社伝	A	L0	那智の滝=熊野権現、熊野祭祀圏
MR-RG-036	MOTIF-050	regionally_related	MOTIF-020	紀伊	SHR-091|SHR-093	-	諸記録	A	L0	補陀落渡海=補陀落浄土、那智海岸の地理依拠
MR-RG-037	MOTIF-167	regionally_related	MOTIF-069	大和(吉野)	SHU-009	-	諸修験書	A	L0	蔵王権現=修験道、吉野大峰修験
MR-RG-038	MOTIF-168	regionally_related	MOTIF-069	紀伊	SHR-005|SHR-090|SHR-091	-	中世神道	A	L0	熊野権現=修験道、熊野修験
MR-RG-039	MOTIF-168	regionally_related	MOTIF-050	紀伊	SHR-091|SHR-093	-	諸記録	A	L0	熊野権現=補陀落渡海、那智の浄土観
MR-RG-040	MOTIF-085	regionally_related	MOTIF-160	尾張	SHR-126	尾張氏	古事記|書紀	A	L0	草薙剣=尾張族、尾張氏の神剣継承
MR-RG-041	MOTIF-086	regionally_related	MOTIF-193	大和(石上)	SHR-011	CLN-009	書紀	A	L0	七支刀=物部祖系譜、石上神宮の物部祭祀
MR-RG-042	MOTIF-046	regionally_related	MOTIF-052	筑前→信濃	-	CLN-021	地名研究	D	L3	阿曇磯良=安曇野移住、阿曇族の北部九州→信濃移動
MR-RG-043	MOTIF-156	regionally_related	MOTIF-052	筑前→信濃	-	CLN-021	地名研究	D	L3	阿曇族=安曇野移住(地理的移動)
MR-RG-044	MOTIF-048	regionally_related	MOTIF-044	玄界灘・筑前	SHR-077|SHR-009	CLN-016	発掘調査|古事記	A	L0	沖ノ島祭祀=宗像三女神、玄界灘海路祭祀
MR-RG-045	MOTIF-051	regionally_related	MOTIF-159	丹後	SHR-085	CLN-028	籠神社社伝	A	L0	籠神社元伊勢=海部族、丹後海人族
MR-RG-046	MOTIF-049	regionally_related	MOTIF-053	南九州・日向	SHR-065	CLN-037	書紀	B	L1	海幸山幸=隼人海洋、隼人の系譜的依拠地
MR-RG-047	MOTIF-092	regionally_related	MOTIF-093	肥後	SHR-059	CLN-036	阿蘇社伝	A	L0	阿蘇火山=阿蘇カルデラ、阿蘇地域祭祀
MR-RG-048	MOTIF-094	regionally_related	MOTIF-002	大隅・日向	SHR-067	-	霧島社伝	C	L2	霧島火山=天孫降臨、高千穂比定論争
MR-RG-049	MOTIF-099	regionally_related	MOTIF-091	山城(愛宕山)	愛宕神社	-	諸記録	A	L0	愛宕権現=カグツチ、山城愛宕山祭祀
MR-RG-050	MOTIF-100	regionally_related	MOTIF-091	遠江(秋葉山)	秋葉山本宮秋葉神社	-	諸記録	A	L0	秋葉権現=カグツチ、遠江秋葉山祭祀
MR-RG-051	MOTIF-088	regionally_related	MOTIF-089	備中	-	-	発掘|諸地方伝承	B	L1	吉備製鉄=温羅、備中の渡来製鉄民地域
MR-RG-052	MOTIF-104	regionally_related	MOTIF-101	大和	SHR-103	-	延喜式	A	L0	廣瀬大社=水神、大和盆地の水神祭祀
MR-RG-053	MOTIF-148	regionally_related	MOTIF-198	東北	門客人神社	CLN-038	諸民俗	C	L2	アラハバキ=蝦夷、東北地域の在地信仰
MR-RG-054	MOTIF-148	regionally_related	MOTIF-149	東北関東	門客人神社	-	諸民俗	C	L2	アラハバキ=客人神、東北の客人神信仰
MR-RG-055	MOTIF-154	regionally_related	MOTIF-066	陸中(早池峰)	SHR-116	-	遠野物語	B	L1	早池峰山岳=山岳信仰、陸中地域祭祀
MR-RG-056	MOTIF-150	regionally_related	MOTIF-077	出羽	-	-	諸民俗	C	L2	御釜神=出羽三山(出羽の在地神信仰)
MR-RG-057	MOTIF-152	regionally_related	MOTIF-013	出雲・全国	-	-	諸民俗	C	L2	ダイダラボッチ=出雲国引き、巨人地形創成譚の地理連携
MR-RG-058	MOTIF-035	regionally_related	MOTIF-067	大和(三輪山)	SHR-010	CLN-015	書紀	A	L0	大物主の蛇身=神体山、三輪山祭祀
MR-RG-059	MOTIF-128	regionally_related	MOTIF-006	大和(三輪)	SHR-010	CLN-015	書紀崇神紀	A	L0	大物主祟り=崇神朝祭祀整備、大和三輪山地域
MR-RG-060	MOTIF-220	regionally_related	MOTIF-014	全国	SHR-002	皇統	近代	B	L1	国家神道=垂仁朝伊勢創建(伊勢神宮の近代国家神道での扱い)
MR-RG-061	MOTIF-115	regionally_related	MOTIF-002	皇都	-	皇統	諸正史	B	L1	大嘗祭=天孫降臨、即位儀礼の地理(皇都での再演)
MR-RG-062	MOTIF-243	regionally_related	MOTIF-014	伊勢	SHR-002	-	諸記録	A	L0	式年遷宮=垂仁朝伊勢創建、伊勢神宮の地理依拠
MR-RG-063	MOTIF-117	regionally_related	MOTIF-243	伊勢	SHR-002	-	諸記録	A	L0	神嘗祭=式年遷宮、伊勢年次祭祀
MR-RG-064	MOTIF-238	regionally_related	MOTIF-222	山城	SHR-013|SHR-014	CLN-040	諸記録	A	L0	葵祭=八咫烏、山城賀茂氏祖
MR-RG-065	MOTIF-240	regionally_related	MOTIF-170	山城	SHR-017	-	諸記録	A	L0	祇園祭=牛頭天王、山城祇園地域
MR-RG-066	MOTIF-122	regionally_related	MOTIF-121	筑前・大和	SHR-072	CLN-006	諸記録	A	L0	菅原道真天神=御霊信仰、太宰府/北野天満宮地理依拠
MR-RG-067	MOTIF-220	regionally_related	MOTIF-074	全国	-	皇統	近代	C	L2	国家神道=富士山信仰(明治期の富士本宮浅間)
MR-RG-068	MOTIF-201	regionally_related	MOTIF-146	諏訪	SHR-040|SHR-045	CLN-018	守矢家文書	C	L2	諏訪洩矢神戦争=ミシャグジ、諏訪盆地内の在来征服神話
MR-RG-069	MOTIF-201	regionally_related	MOTIF-147	諏訪	SHR-045	CLN-018	守矢家文書	C	L2	諏訪洩矢神戦争=洩矢神、諏訪盆地内の地理
MR-RG-070	MOTIF-198	regionally_related	MOTIF-202	東北	-	-	諸地方伝承	A	L0	蝦夷=田村麻呂征討、平安期東北地域での征討
MR-RG-071	MOTIF-199	regionally_related	MOTIF-053	南九州	-	CLN-037	書紀	B	L1	熊襲=隼人海洋、南九州在地集団の海洋系統
MR-SY-101	MOTIF-166	syncretized_with	MOTIF-167	大和(吉野)	SHU-009	-	諸修験書	A	L0	本地垂迹↔蔵王権現(釈迦・観音・弥勒の三尊習合、修験権現の典型)
MR-SY-102	MOTIF-166	syncretized_with	MOTIF-168	紀伊	SHR-005|SHR-090|SHR-091	-	中世神道	A	L0	本地垂迹↔熊野権現(熊野三山の阿弥陀・薬師・千手習合)
MR-SY-103	MOTIF-166	syncretized_with	MOTIF-169	豊前→全国	SHR-016	-	諸記録	A	L0	本地垂迹↔八幡大菩薩(八幡=阿弥陀の典型習合)
MR-SY-104	MOTIF-166	syncretized_with	MOTIF-170	山城	SHR-017	-	諸記録	A	L0	本地垂迹↔牛頭天王(スサノオ習合の典型)
MR-SY-105	MOTIF-166	syncretized_with	MOTIF-171	出雲・全国	SHR-001	-	中世神道	A	L0	本地垂迹↔大黒天=大国主(大国主の大黒天習合)
MR-SY-106	MOTIF-166	syncretized_with	MOTIF-172	厳島・竹生島・江ノ島	-	-	中世神道	A	L0	本地垂迹↔弁才天=市杵島姫(イチキシマヒメ習合)
MR-SY-107	MOTIF-166	syncretized_with	MOTIF-173	近江山城	SHR-014	-	山王神道書	A	L0	本地垂迹↔山王神道(日吉=比叡山天台習合)
MR-SY-108	MOTIF-166	syncretized_with	MOTIF-174	伊勢	SHR-002	-	両部神道書	C	L2	本地垂迹↔両部神道(伊勢神宮=真言密教習合、論争あり)
MR-SY-109	MOTIF-166	syncretized_with	MOTIF-175	全国	SHU-001|SHU-009	-	諸修験書	A	L0	本地垂迹↔修験権現(各霊場の権現信仰)
MR-SY-110	MOTIF-002	syncretized_with	MOTIF-094	大隅	SHR-067	-	霧島社伝	C	L2	天孫降臨↔霧島火山(高千穂峰比定論争を含む地理習合)
MR-SY-111	MOTIF-002	syncretized_with	MOTIF-074	日向高千穂・駿河	SHR-031	-	諸社伝	D	L3	天孫降臨↔富士山信仰(コノハナサクヤ系譜の地理拡張)
MR-SY-112	MOTIF-026	syncretized_with	MOTIF-170	出雲・山城	SHR-025|SHR-017	-	諸記録	B	L1	八岐大蛇↔牛頭天王(スサノオ習合経由でのオロチ譚連携)
MR-SY-113	MOTIF-027	syncretized_with	MOTIF-172	厳島・竹生島・江ノ島	-	-	中世神道	B	L1	蛇神信仰↔弁才天=市杵島姫(白蛇=弁才天の使い)
MR-SY-114	MOTIF-037	syncretized_with	MOTIF-172	厳島・竹生島・江ノ島	-	-	中世神道	A	L0	白蛇信仰↔弁才天=市杵島姫(白蛇=弁才天の典型表象)
MR-SY-115	MOTIF-037	syncretized_with	MOTIF-027	全国	-	-	諸社伝	A	L0	白蛇信仰↔蛇神信仰(白蛇=蛇神の特殊例)
MR-SY-116	MOTIF-019	syncretized_with	MOTIF-020	紀伊	SHR-091|SHR-093	-	諸記録	B	L1	死者の国↔補陀落浄土(冥界観の浄土化)
MR-SY-117	MOTIF-018	syncretized_with	MOTIF-020	紀伊	SHR-091|SHR-093	-	諸記録	A	L0	常世国↔補陀落浄土(海洋他界観と仏教浄土の習合)
MR-SY-118	MOTIF-021	syncretized_with	MOTIF-019	出羽	SHR-113	-	出羽三山社伝	B	L1	月山(死後世界)↔死者の国(出羽三山三世観での月山=過去/死後)
MR-SY-119	MOTIF-077	syncretized_with	MOTIF-019	出羽	SHR-113|SHR-114|SHR-115	-	出羽三山社伝	B	L1	出羽三山↔死者の国(湯殿=未来=死後の習合)
MR-SY-120	MOTIF-078	syncretized_with	MOTIF-031	信濃	SHU-006	-	戸隠社伝	A	L0	戸隠↔九頭龍(九頭龍権現として習合)
MR-SY-121	MOTIF-061	syncretized_with	MOTIF-062	全国	-	-	諸記録	A	L0	妙見信仰↔北辰信仰(中国陰陽道経由の習合)
MR-SY-122	MOTIF-074	syncretized_with	MOTIF-097	駿河甲斐信濃	SHR-031	-	浅間社伝	A	L0	富士山信仰↔浅間信仰(浅間大神=コノハナサクヤ習合)
MR-SY-123	MOTIF-082	syncretized_with	MOTIF-090	奥出雲・全国	-	山内・絲原	諸社伝	B	L1	金屋子神↔鍛冶神信仰(地方鍛冶神の総合)
MR-SY-124	MOTIF-081	syncretized_with	MOTIF-082	美濃→奥出雲	-	山内	諸社伝	B	L1	金山彦神↔金屋子神(中央金属神と地方製鉄神の習合)
MR-SY-125	MOTIF-091	syncretized_with	MOTIF-099	山城	愛宕神社	-	諸記録	A	L0	カグツチ↔愛宕権現(火神の中世権現化)
MR-SY-126	MOTIF-091	syncretized_with	MOTIF-100	遠江	秋葉山本宮秋葉神社	-	諸記録	A	L0	カグツチ↔秋葉権現(火神の近世権現化)
MR-SY-127	MOTIF-092	syncretized_with	MOTIF-091	肥後	SHR-059	CLN-036	阿蘇社伝	B	L1	阿蘇火山↔カグツチ(火山神=火神の習合)
MR-SY-128	MOTIF-073	syncretized_with	MOTIF-228	武蔵秩父	三峰神社	-	諸民俗	A	L0	山の神(マタギ)↔狼(山犬信仰、山の神の使い)
MR-SY-129	MOTIF-225	syncretized_with	MOTIF-025	因幡	白兎神社	-	古事記	A	L0	白兎↔蘇生(医療)、因幡白兎=医療神話の相互参照
MR-SY-130	MOTIF-225	syncretized_with	MOTIF-001	因幡・出雲	白兎神社|SHR-001	-	古事記	B	L1	白兎↔国譲り(因幡白兎は国譲り前段の大国主譚)
MR-SY-131	MOTIF-222	syncretized_with	MOTIF-056	紀伊・大和	SHR-095	CLN-040	古事記|書紀	B	L1	八咫烏↔太陽神(三本足烏=太陽の象徴的習合)
MR-SY-132	MOTIF-224	syncretized_with	MOTIF-170	山城	SHR-017	-	諸社伝	A	L0	神牛↔牛頭天王(牛=スサノオ習合の表象)
MR-SY-133	MOTIF-009	syncretized_with	MOTIF-169	豊前→全国	SHR-016	-	諸記録	A	L0	八幡神顕現↔八幡大菩薩(神仏習合の歴史的継起)
MR-SY-134	MOTIF-129	syncretized_with	MOTIF-009	全国	SHR-016	-	諸記録	B	L1	八幡神(承平天慶反乱)↔八幡神顕現(中世八幡信仰の連続性)
MR-SY-135	MOTIF-148	syncretized_with	MOTIF-149	東北関東	門客人神社	-	諸民俗	C	L2	アラハバキ↔客人神(まれびと信仰の典型例)
MR-SY-136	MOTIF-148	syncretized_with	MOTIF-198	東北	門客人神社	CLN-038	諸民俗	D	L3	アラハバキ↔蝦夷(縄文系/アイヌ系説、習合論争)
MR-SY-137	MOTIF-146	syncretized_with	MOTIF-027	諏訪	SHR-040	CLN-018	守矢家文書	C	L2	ミシャグジ↔蛇神信仰(在来縄文系蛇神祭祀との習合)
MR-SY-138	MOTIF-146	syncretized_with	MOTIF-135	諏訪	SHR-040	CLN-018	守矢家文書	C	L2	ミシャグジ↔神木(樹木霊習合)
MR-SY-139	MOTIF-146	syncretized_with	MOTIF-131	諏訪	SHR-040	CLN-018	守矢家文書	C	L2	ミシャグジ↔磐座(石依代習合)
MR-SY-140	MOTIF-147	syncretized_with	MOTIF-201	諏訪	SHR-045	CLN-018	守矢家文書	C	L2	洩矢神↔諏訪洩矢神戦争(敗者神格化と祭祀継承)
MR-SY-141	MOTIF-201	syncretized_with	MOTIF-146	諏訪	SHR-040|SHR-045	CLN-018	守矢家文書	C	L2	諏訪洩矢神戦争↔ミシャグジ(在来縄文層の包摂)
MR-SY-142	MOTIF-153	syncretized_with	MOTIF-070	全国	-	-	諸民俗	C	L2	山童↔山伏(山中異形と修験者の伝承的習合)
MR-SY-143	MOTIF-150	syncretized_with	MOTIF-151	出羽・全国	-	-	諸民俗	C	L2	御釜神↔荒神(火神=台所神の習合)
MR-SY-144	MOTIF-122	syncretized_with	MOTIF-121	筑前・大和	SHR-072	CLN-006	諸記録	A	L0	菅原道真天神↔御霊信仰(平安期御霊神格化の代表)
MR-SY-145	MOTIF-123	syncretized_with	MOTIF-121	関東	SHR-019	-	諸社伝	A	L0	平将門大明神↔御霊信仰(関東御霊代表)
MR-SY-146	MOTIF-124	syncretized_with	MOTIF-121	讃岐・全国	-	-	諸記録	A	L0	崇徳上皇↔御霊信仰(平安末御霊代表)
MR-SY-147	MOTIF-130	syncretized_with	MOTIF-121	山城	-	-	諸記録	A	L0	早良親王↔御霊信仰(桓武朝早期御霊事例)
MR-SY-148	MOTIF-127	syncretized_with	MOTIF-121	全国	-	-	諸記録	A	L0	祟り神↔御霊信仰(祟りと御霊の習合化)
MR-SY-149	MOTIF-128	syncretized_with	MOTIF-127	大和(三輪)	SHR-010	CLN-015	書紀崇神紀	A	L0	大物主祟り↔祟り神(代表的祟り神事例)
MR-SY-150	MOTIF-001	syncretized_with	MOTIF-019	出雲・全国	SHR-001	-	古事記|平田篤胤	B	L1	国譲り↔死者の国(大国主の幽冥司宰職、近世神道思想による習合)
MR-SY-151	MOTIF-219	syncretized_with	MOTIF-001	出雲	SHR-001	-	平田篤胤	B	L1	平田篤胤幽冥論↔国譲り(大国主の幽冥司宰として習合解釈)
MR-SY-152	MOTIF-141	syncretized_with	MOTIF-056	伊勢	SHR-002	皇統	古事記|書紀	A	L0	神鏡↔太陽神(アマテラスの依代としての習合)
MR-SY-153	MOTIF-085	syncretized_with	MOTIF-026	出雲・尾張	SHR-126	尾張氏	古事記|書紀	A	L0	草薙剣↔八岐大蛇(神剣の出現神話による習合)
MR-SY-154	MOTIF-167	syncretized_with	MOTIF-069	大和(吉野)	SHU-009	-	諸修験書	A	L0	蔵王権現↔修験道(修験道の中核習合)
MR-SY-155	MOTIF-168	syncretized_with	MOTIF-069	紀伊	SHR-005|SHR-090|SHR-091	-	中世神道	A	L0	熊野権現↔修験道(熊野修験の中核習合)
MR-SY-156	MOTIF-175	syncretized_with	MOTIF-069	全国	SHU-001|SHU-009	-	諸修験書	A	L0	修験権現↔修験道(各霊場の権現の総体)
MR-SY-157	MOTIF-167	syncretized_with	MOTIF-098	大和(吉野)	SHU-009	-	諸修験書	B	L1	蔵王権現↔火渡り(大峰修験での実践的習合)
MR-SY-158	MOTIF-115	syncretized_with	MOTIF-002	皇都	-	皇統	諸正史	C	L2	大嘗祭↔天孫降臨(即位儀礼=天孫降臨再演の習合解釈)
MR-SY-159	MOTIF-220	syncretized_with	MOTIF-115	全国	SHR-002	皇統	近代	C	L2	国家神道↔大嘗祭(近代国家祭祀の中核習合)
MR-SY-160	MOTIF-220	syncretized_with	MOTIF-219	全国	-	-	近代	B	L1	国家神道↔平田篤胤幽冥論(近代神道思想の習合的継承)
MR-SY-161	MOTIF-117	syncretized_with	MOTIF-243	伊勢	SHR-002	-	諸記録	A	L0	神嘗祭↔式年遷宮(20年遷宮と年次祭祀の儀礼習合)
MR-SY-162	MOTIF-115	syncretized_with	MOTIF-241	皇都	-	皇統	諸正史	A	L0	大嘗祭(農耕祭祀分類)↔大嘗祭(祭祀儀礼分類)、同祭祀の重複登録の習合関係
MR-SY-163	MOTIF-116	syncretized_with	MOTIF-117	全国	SHR-002	皇統	諸記録	B	L1	新嘗祭↔神嘗祭(伊勢の特殊版と一般年次祭の習合関係)
MR-SY-164	MOTIF-218	syncretized_with	MOTIF-220	全国	-	-	近代諸資料	B	L1	国学↔国家神道(思想と政策の習合)
MR-SY-165	MOTIF-217	syncretized_with	MOTIF-218	-	-	-	古事記伝|諸国学書	A	L0	古事記伝↔国学(本居宣長と国学運動の習合)
MR-SY-166	MOTIF-214	syncretized_with	MOTIF-215	伊勢	SHR-002	-	諸資料	B	L1	中世神道書↔神道五部書(中世神道書群中の核としての習合)
MR-SY-167	MOTIF-215	syncretized_with	MOTIF-216	伊勢	SHR-002	-	倭姫命世記	B	L1	神道五部書↔倭姫命世記(伊勢中世神道の集成的習合)
MR-SY-168	MOTIF-209	syncretized_with	MOTIF-007	出雲・大和	SHR-001	CLN-001	続日本紀|延喜式	A	L0	出雲国造神賀詞↔国造神賀詞奏上(同祭祀の朝廷儀礼化習合)
MR-SY-169	MOTIF-126	syncretized_with	MOTIF-242	皇都	-	-	諸記録	A	L0	古代鎮魂祭↔中世以降鎮魂祭(同祭祀の継承的習合)
MR-SY-170	MOTIF-029	syncretized_with	MOTIF-188	大和・全国	SHR-010	-	古事記|諸民俗	A	L0	三輪山型神婚↔蛇婿(全国蛇婿譚との典型習合)
MR-SY-171	MOTIF-187	syncretized_with	MOTIF-189	日向対馬	-	-	古事記	A	L0	異類婚↔海宮婚(豊玉姫型異類婚)
MR-SY-172	MOTIF-187	syncretized_with	MOTIF-188	大和・全国	SHR-010	-	古事記|諸民俗	A	L0	異類婚↔蛇婿(三輪山型の代表的異類婚)
MR-SY-173	MOTIF-186	syncretized_with	MOTIF-187	全国	-	-	古事記|諸民俗	A	L0	神婚↔異類婚(神婚の特殊形態としての異類婚)
