relation_id	source_id	source_type	relation_type	target_id	target_type	region	period	confidence_level	hypothesis_layer	source_reference	notes
RLN-100001	DEI-001	deity	primary_deity_of	SHR-001	shrine	出雲	古代〜現代	A	L0	出雲国風土記|延喜式	大国主=出雲大社主祭神
RLN-100002	DEI-002	deity	primary_deity_of	SHR-004	shrine	出雲	古代〜現代	A	L0	出雲国風土記|社伝	スサノオ=熊野大社主祭神(社伝)
RLN-100003	DEI-013	deity	ancestor_deity_of	CLN-001	clan	出雲	神代	B	L1	古事記|神賀詞	アメノホヒ=出雲国造祖神
RLN-100004	CLN-001	clan	performed_at	SHR-001	shrine	出雲	古代〜現代	A	L0	出雲大社社伝	出雲国造の出雲大社祭祀
RLN-100005	CLN-001	clan	performed_at	SHR-004	shrine	出雲	古代	A	L0	社伝	国造の本拠は熊野(意宇)
RLN-100006	MYTH-002	myth_episode	mentioned_in	古事記	text	出雲	成立CE712	A	L0	古事記	国譲り神話=古事記
RLN-100007	MYTH-002	myth_episode	mentioned_in	日本書紀	text	出雲	成立CE720	A	L0	日本書紀	国譲り=書紀
RLN-100008	MYTH-002	myth_episode	mentioned_in	出雲国造神賀詞	text	出雲	霊亀2年以降	A	L0	続日本紀	神賀詞での再構成
RLN-100009	MYTH-001	myth_episode	mentioned_in	出雲国風土記	text	出雲	成立CE733	A	L0	風土記	国引き神話=風土記独自
RLN-100010	IZM-006	event	archaeologically_linked	HYP-003	hypothesis	出雲	弥生中後期	B	L2	発掘報告|学術論文	荒神谷358銅剣→出雲広域連合仮説
RLN-100011	IZM-008	event	archaeologically_linked	HYP-003	hypothesis	出雲	弥生中後期	B	L2	発掘報告|学術論文	加茂岩倉39銅鐸→出雲広域連合
RLN-100012	IZM-009	event	archaeologically_linked	HYP-004	hypothesis	出雲	弥生終末期	B	L2	学術研究	銅鐸祭祀終焉→国譲り政治史対応説
RLN-100013	DEI-022	deity	married_to	DEI-001	deity	出雲・越	神代	C	L0	古事記	ヌナカワヒメ=大国主妻
RLN-100014	DEI-010	deity	parent_of	DEI-022	deity	出雲・越	神代	C	L1	古事記	タケミナカタ=ヌナカワヒメの子
RLN-100015	DEI-001	deity	syncretized_with	DEI-014	deity	出雲・大和	神代	C	L2	古事記|諸研究	大国主大物主同体論争(HYP-005)
RLN-100016	DEI-002	deity	parent_of	DEI-021	deity	出雲	神代	C	L0	古事記	スサノオ=クシナダの夫(配偶)
RLN-100017	MYTH-006	myth_episode	occurred_in	出雲	region	出雲	崇神朝伝	C	L1	書紀崇神紀	出雲振根説話
RLN-100018	IZM-119	event	supports	IZM-125	event	出雲	平安期	A	L0	発掘報告	心御柱発見が高層神殿伝の物的根拠
RLN-100019	DEI-001	deity	enshrined_at	SHR-019	shrine	武蔵	古代〜	B	L1	神田明神社伝	大己貴命=神田明神
RLN-100020	DEI-001	deity	enshrined_at	SHR-122	shrine	越中	古代〜	A	L0	延喜式	大己貴=氣多神社
RLN-100021	IZM-013	event	supports	HYP-006	hypothesis	出雲・越	縄文〜弥生	B	L3	学術研究	出雲翡翠出土→翡翠ロード仮説
RLN-100022	IZM-072	event	supports	HYP-006	hypothesis	諏訪・越	縄文〜弥生	B	L3	学術研究	諏訪縄文遺跡→翡翠ロード
RLN-100023	DEI-024	deity	mentioned_in	出雲国風土記	text	出雲	成立CE733	A	L0	風土記	八束水臣津野=風土記のみ
RLN-100024	MYTH-004	myth_episode	contradicts	出雲国風土記	text	出雲	成立CE733	A	L1	風土記	ヤマタノオロチが風土記に欠落
RLN-100025	IZM-145	event	supports	MYTH-005	myth_episode	出雲	古代	C	L2	諸研究	韓竈神社=スサノオ新羅由来説
RLN-100026	CLN-005	clan	descended_from	DEI-013	deity	出雲〜全国	古墳〜	B	L1	先代旧事本紀	土師氏=アメノホヒ系
RLN-100027	CLN-006	clan	descended_from	DEI-013	deity	大和〜全国	平安	B	L1	続日本紀	菅原氏=土師氏系
RLN-100028	CLN-007	clan	descended_from	DEI-013	deity	大和	平安	B	L1	諸資料	大江氏=土師系
RLN-100029	IZM-078	event	performed_by	CLN-001	clan	出雲・大和	霊亀2年(716)	A	L0	続日本紀	神賀詞奏上=出雲国造果安
RLN-100030	IZM-085	event	politically_linked	CLN-002	clan	出雲	南北朝	A	L0	諸記録	南北朝期分立=千家
RLN-100031	IZM-085	event	politically_linked	CLN-003	clan	出雲	南北朝	A	L0	諸記録	南北朝期分立=北島
RLN-100032	IZM-088	event	politically_linked	DEI-013	deity	出雲〜全国	古墳〜	B	L1	先代旧事本紀	派生氏族(土師・菅原・大江・額田部)
RLN-100033	IZM-091	event	politically_linked	出雲鉄文化	-	出雲(奥出雲)	近世	A	L0	近世史料	たたら製鉄の確実史料
RLN-100034	IZM-094	event	contradicts	HYP-002	hypothesis	出雲	古代	A	L0	学術研究	古代製鉄炉不在→ヤマタノオロチ製鉄説への反証
RLN-100035	DEI-009	deity	parent_of	DEI-001	deity	出雲	神代	C	L0	古事記	コトシロヌシ=大国主の子
RLN-100036	DEI-009	deity	primary_deity_of	SHR-020	shrine	出雲	古代〜	A	L0	出雲国風土記	コトシロヌシ=美保神社
RLN-100037	RIT-008	ritual	performed_at	SHR-020	shrine	出雲	毎年4月	A	L0	美保神社社伝	青柴垣神事
RLN-100038	RIT-009	ritual	performed_at	SHR-020	shrine	出雲	毎年12月	A	L0	美保神社社伝	諸手船神事
RLN-100039	RIT-006	ritual	performed_at	SHR-001|SHR-023|SHR-028	shrine	出雲	旧暦10月	A	L0	出雲大社神事記	神在祭(神有月)
RLN-100040	RIT-007	ritual	performed_at	SHR-004	shrine	出雲	国造代替り	A	L0	出雲国造家文書	火継神事の発祥
RLN-100041	DEI-010	deity	primary_deity_of	SHR-039	shrine	諏訪	古代〜	A	L0	諏訪大社社伝	タケミナカタ=上社本宮
RLN-100042	DEI-010	deity	primary_deity_of	SHR-040	shrine	諏訪	古代〜	A	L0	諏訪大社社伝	タケミナカタ=上社前宮
RLN-100043	DEI-029	deity	primary_deity_of	SHR-041	shrine	諏訪	古代〜	A	L0	諏訪大社社伝	八坂刀売=下社春宮
RLN-100044	DEI-029	deity	primary_deity_of	SHR-042	shrine	諏訪	古代〜	A	L0	諏訪大社社伝	八坂刀売=下社秋宮
RLN-100045	CLN-017	clan	performed_at	SHR-039	shrine	諏訪	古代〜	A	L0	諏訪社伝	諏訪氏=上社大祝
RLN-100046	CLN-018	clan	performed_at	SHR-040	shrine	諏訪	古代〜	A	L0	守矢家文書	守矢氏=神長官
RLN-100047	CLN-019	clan	performed_at	SHR-041|SHR-042	shrine	諏訪	古代〜	A	L0	諏訪社伝	金刺氏=下社大祝
RLN-100048	MYTH-014	myth_episode	mentioned_in	古事記	text	諏訪	成立CE712	A	L0	古事記	タケミナカタ諏訪退避(古事記のみ)
RLN-100049	MYTH-014	myth_episode	contradicts	日本書紀	text	諏訪	成立CE720	A	L0	書紀	書紀には欠落
RLN-100050	THM-001	-	performed_at	SHR-040	shrine	諏訪	縄文〜現代	B	L3	守矢家文書	ミシャグジ=前宮の祭祀核
RLN-100051	THM-002	-	politically_linked	CLN-018	clan	諏訪	縄文〜	B	L3	守矢家文書	洩矢神=守矢氏祖
RLN-100052	RIT-010	ritual	performed_at	SHR-039|SHR-040|SHR-041|SHR-042	shrine	諏訪	7年に一度	A	L0	諏訪大社社伝	御柱祭(寅・申年)
RLN-100053	RIT-011	ritual	performed_at	SHR-040	shrine	諏訪	毎年4月	A	L0	守矢家文書	御頭祭(鹿頭75)
RLN-100054	RIT-012	ritual	performed_at	SHR-039	shrine	諏訪	元日	A	L0	諏訪社伝	蛙狩神事
RLN-100055	IZM-072	event	supports	MYTH-104	myth_episode	諏訪	縄文〜弥生	B	L2	諸研究	翡翠ロード=出雲諏訪同盟
RLN-100056	CLN-017	clan	allied_with	武家政権	-	全国	中世	A	L1	諏訪大明神絵詞	諏訪武家信仰拡散
RLN-100057	MYTH-021	myth_episode	politically_linked	CLN-017	clan	全国	中世	A	L1	武家文書	諏訪信仰の武家化
RLN-100058	IZM-068	event	politically_linked	CLN-017|CLN-018	clan	諏訪	古代〜現代	A	L0	社伝	御柱祭=諏訪共同体結束
RLN-100059	DEI-010	deity	opposed_to	DEI-011	deity	出雲(稲佐の浜)	神代	C	L0	古事記	力競べに敗北
RLN-100060	IZM-071	event	supports	HYP-006	hypothesis	諏訪	縄文期	B	L3	発掘報告	諏訪縄文遺跡群=翡翠ロード傍証
RLN-100061	MYTH-015	myth_episode	mentioned_in	守矢家文書	text	諏訪	中世	B	L3	守矢家文書	タケミナカタ vs 洩矢神
RLN-100062	MYTH-016	myth_episode	politically_linked	CLN-018	clan	諏訪	中世〜近代	A	L1	守矢家文書	77代守矢神長官の継承
RLN-100063	THM-039	-	performed_at	SHR-039|SHR-040|SHR-041|SHR-042	shrine	諏訪	7年周期	A	L0	諏訪社伝	御柱祭の縄文起源説(L3)
RLN-100064	THM-040	-	performed_at	SHR-040	shrine	諏訪	毎年4月	A	L0	守矢家文書	御頭祭の縄文起源説(L3)
RLN-100065	IZM-073	event	politically_linked	CLN-017	clan	全国	中世〜江戸	A	L1	武家記録	諏訪神党全国展開
RLN-100066	諏訪明神	deity	syncretized_with	諏訪大明神	-	全国	中世	B	L1	諏訪大明神絵詞	武家信仰での神格化
RLN-100067	MYTH-018	myth_episode	performed_at	SHR-039	shrine	諏訪	元日	A	L0	諏訪社伝	蛙狩神事
RLN-100068	MYTH-024	myth_episode	performed_at	SHR-043	shrine	諏訪	冬季	A	L0	八剣神社社伝	御渡判定
RLN-100069	MYTH-022	myth_episode	politically_linked	CLN-018	clan	諏訪	縄文〜近代	B	L3	守矢家文書	77代神長官系譜(社家伝)
RLN-100070	IZM-067	event	politically_linked	THM-001	-	諏訪	縄文〜	B	L3	守矢家文書	守矢氏ミシャグジ祭祀
RLN-100071	IZM-067	event	contradicts	タケミナカタ祭祀化	-	諏訪	古代	B	L3	守矢家文書	縄文系信仰のタケミナカタ以前
RLN-100072	DEI-010	deity	syncretized_with	諏訪明神	-	諏訪	中世	A	L1	諏訪大明神絵詞	-
RLN-100073	CLN-018	clan	descended_from	洩矢神	-	諏訪	縄文期〜	B	L3	守矢家文書	-
RLN-100074	DEI-011	deity	primary_deity_of	SHR-007	shrine	常陸	古代〜	A	L0	延喜式|社伝	タケミカヅチ=鹿島
RLN-100075	DEI-012	deity	primary_deity_of	SHR-008	shrine	下総	古代〜	A	L0	延喜式|社伝	フツヌシ=香取
RLN-100076	CLN-008	clan	descended_from	DEI-011	deity	大和〜全国	古墳〜	B	L1	諸記録	藤原(中臣)氏=タケミカヅチ祖神
RLN-100077	CLN-009	clan	descended_from	DEI-012	deity	大和〜全国	古墳〜	B	L1	先代旧事本紀	物部氏=フツヌシ祖神
RLN-100078	MYTH-026	myth_episode	mentioned_in	常陸国風土記	text	常陸	成立CE718	A	L0	風土記	タケミカヅチ鹿島降臨
RLN-100079	MYTH-028	myth_episode	mentioned_in	日本書紀	text	常陸〜出雲	成立CE720	A	L0	書紀	国譲り(鹿島視点)
RLN-100080	MYTH-029	myth_episode	politically_linked	SHR-012	shrine	大和	平安	A	L1	春日大社社伝	神鹿=春日への分霊
RLN-100081	MYTH-030	myth_episode	politically_linked	SHR-012	shrine	常陸〜大和	神護景雲2年	A	L0	春日大社社伝	鹿島香取→春日勧請
RLN-100082	CLN-008	clan	primary_deity_of	SHR-012	shrine	大和	平安〜現代	A	L0	春日大社社伝	藤原氏=春日大社
RLN-100083	MYTH-032	myth_episode	politically_linked	CLN-008	clan	常陸	古代	A	L1	常陸国風土記	タケミカヅチ蝦夷征討
RLN-100084	IZM-052	event	politically_linked	MYTH-028	myth_episode	常陸〜出雲	神代	B	L2	書紀	タケミカヅチ vs フツヌシ祭祀権争い
RLN-100085	MYTH-035	myth_episode	performed_at	SHR-007	shrine	常陸	12年に一度	A	L0	鹿島神宮社伝	鹿島御船祭
RLN-100086	MYTH-031	myth_episode	performed_at	SHR-007|SHR-008	shrine	常陸下総	近世	A	L0	近世記録	要石信仰
RLN-100087	DEI-011	deity	syncretized_with	不空羂索観音	-	大和(春日)	平安	A	L0	春日権現絵巻	-
RLN-100088	DEI-012	deity	syncretized_with	十一面観音	-	下総(香取)	平安	B	L1	諸記録	-
RLN-100089	SHR-052	shrine	primary_deity_of	大己貴命	deity	常陸	古代〜	A	L0	文徳実録	大洗磯前=出雲系祭祀
RLN-100090	SHR-053	shrine	primary_deity_of	少彦名命	deity	常陸	古代〜	A	L0	文徳実録	酒列磯前=出雲系
RLN-100091	SHR-058	shrine	primary_deity_of	大国魂大神	deity	武蔵	古代〜	A	L0	武蔵総社縁起	大國魂神社=武蔵総社
RLN-100092	SHR-057	shrine	primary_deity_of	大山祇神	deity	相模	古代〜	A	L0	大山阿夫利神社社伝	大山阿夫利
RLN-100093	SHR-018	shrine	politically_linked	出雲ルーツ説	-	武蔵	近代	C	L3	諸研究	氷川=斐伊川由来説
RLN-100094	SHR-051	shrine	performed_at	海岸祭祀	-	常陸	古代〜現代	A	L0	大洗社伝	神磯の鳥居
RLN-100095	IZM-053	event	occurred_in	常陸〜出雲	region	常陸〜出雲	神代	B	L2	書紀	国譲り武神派遣の経路
RLN-100096	CLN-008	clan	allied_with	皇統	-	大和	古墳〜現代	A	L0	諸正史	藤原氏=皇統補佐
RLN-100097	CLN-009	clan	opposed_to	CLN-010	clan	大和	飛鳥	A	L0	書紀	物部氏 vs 蘇我氏(丁未の乱587)
RLN-100098	DEI-019	deity	primary_deity_of	SHR-009	shrine	筑前	古代〜	A	L0	延喜式	イチキシマヒメ=辺津宮
RLN-100099	DEI-017	deity	primary_deity_of	SHR-077	shrine	筑前(沖ノ島)	古代〜	A	L0	発掘調査	タギリヒメ=沖津宮
RLN-100100	DEI-018	deity	primary_deity_of	SHR-078	shrine	筑前(大島)	古代〜	A	L0	延喜式	タギツヒメ=中津宮
RLN-100101	CLN-016	clan	performed_at	SHR-077	shrine	筑前(沖ノ島)	古墳〜平安	A	L0	発掘調査	宗像氏=沖ノ島祭祀主体
RLN-100102	CLN-016	clan	served	大和王権	-	筑前	古墳〜奈良	A	L0	書紀	国家祭祀の主体
RLN-100103	MYTH-036	myth_episode	mentioned_in	古事記	text	高天原宗像	成立CE712	A	L0	古事記	誓約による三女神誕生
RLN-100104	MYTH-037	myth_episode	occurred_in	沖ノ島	region	筑前(沖ノ島)	古墳〜平安	A	L0	発掘調査	「海の正倉院」
RLN-100105	MYTH-039	myth_episode	mentioned_in	日本書紀	text	筑前〜朝鮮半島	成立CE720	A	L0	書紀	神功皇后三韓征討
RLN-100106	CLN-021	clan	primary_deity_of	SHR-079	shrine	筑前(志賀島)	古代〜	A	L0	志賀海神社社伝	阿曇氏=志賀海神社
RLN-100107	CLN-021	clan	descended_from	綿津見三神	deity	筑前	神代	B	L1	新撰姓氏録	-
RLN-100108	MYTH-040	myth_episode	mentioned_in	諸地方文献	text	筑前	古代	B	L1	筑前国風土記逸文	阿曇磯良
RLN-100109	CLN-021	clan	located_in	信濃安曇野	region	信濃	古代	B	L2	地名研究	阿曇族の内陸移住
RLN-100110	CLN-029	clan	primary_deity_of	SHR-080	shrine	筑前(博多)	古代〜	A	L0	諸社伝	博多住吉
RLN-100111	CLN-029	clan	primary_deity_of	SHR-015	shrine	摂津(住吉)	古代〜	A	L0	住吉神代記	住吉氏(津守氏)
RLN-100112	MYTH-043	myth_episode	mentioned_in	古事記	text	筑紫日向	成立CE712	A	L0	古事記	イザナギ禊→住吉三神
RLN-100113	MYTH-044	myth_episode	mentioned_in	日本書紀	text	住吉	成立CE720	A	L0	書紀	神功皇后住吉守護
RLN-100114	CLN-028	clan	primary_deity_of	SHR-085	shrine	丹後	古代〜	A	L0	籠神社社伝	海部氏=籠神社
RLN-100115	MYTH-046	myth_episode	politically_linked	SHR-085	shrine	丹後	古代	B	L2	籠神社社伝	元伊勢候補
RLN-100116	SHR-086	shrine	performed_at	豊受大神祭祀	-	丹後	古代	A	L0	籠神社社伝	真名井神社=豊受大神元宮
RLN-100117	CLN-030	clan	descended_from	彦火明命	deity	尾張〜丹後	神代〜	B	L1	先代旧事本紀	尾張氏=海部氏同祖
RLN-100118	CLN-030	clan	primary_deity_of	SHR-126	shrine	尾張	古代〜	A	L0	熱田神宮社伝	尾張氏=熱田神宮
RLN-100119	SHR-126	shrine	performed_at	草薙剣祭祀	-	尾張	古代〜	A	L0	書紀|社伝	三種神器の一
RLN-100120	SHR-082	shrine	performed_at	対馬海神祭祀	-	対馬	古代〜	A	L0	延喜式	対馬一宮
RLN-100121	SHR-083	shrine	performed_at	豊玉姫宮伝承	-	対馬	古代〜	A	L0	和多都美社伝	海中鳥居
RLN-100122	SHR-084	shrine	performed_at	壱岐海神祭祀	-	壱岐	古代〜	A	L0	延喜式	壱岐一宮
RLN-100123	IZM-037	event	mentioned_in	古事記	text	高天原宗像	成立CE712	A	L0	古事記	誓約神事(IZM-017連結)
RLN-100124	CLN-016	clan	allied_with	CLN-021	clan	北部九州	古墳〜	B	L1	諸研究	宗像-阿曇連合
RLN-100125	CLN-029	clan	allied_with	CLN-021	clan	北部九州摂津	古墳〜	B	L1	諸研究	住吉-阿曇連合
RLN-100126	SHR-073	shrine	performed_at	香椎廟	-	筑前	古代	A	L0	延喜式	神功皇后伝承
RLN-100127	SHR-074	shrine	primary_deity_of	八幡神	deity	筑前(博多)	古代〜	A	L0	諸記録	筥崎宮=博多八幡
RLN-100128	SHR-081	shrine	performed_at	応神天皇誕生伝	-	筑前(宇美)	古代〜	A	L0	宇美八幡社伝	安産信仰
RLN-100129	SHR-077	shrine	mentioned_in	発掘調査	-	筑前(沖ノ島)	1954-現在	A	L0	発掘調査	「海の正倉院」
RLN-100130	CLN-022	clan	primary_deity_of	SHR-035	shrine	山城	古代〜	A	L0	伏見稲荷大社社伝	秦氏=伏見稲荷
RLN-100131	CLN-022	clan	primary_deity_of	SHR-034	shrine	山城	古代〜	A	L0	松尾大社社伝	秦氏=松尾大社
RLN-100132	CLN-022	clan	allied_with	CLN-040	clan	山城	古代	B	L1	諸記録	秦氏-山城賀茂
RLN-100133	CLN-040	clan	primary_deity_of	SHR-013	shrine	山城	古代〜	A	L0	賀茂社家文書	山城賀茂氏=上賀茂
RLN-100134	CLN-040	clan	primary_deity_of	SHR-014	shrine	山城	古代〜	A	L0	賀茂社家文書	山城賀茂氏=下鴨
RLN-100135	CLN-014	clan	primary_deity_of	SHR-105	shrine	大和(葛城)	古代〜	A	L0	高鴨神社社伝	葛城賀茂氏=高鴨
RLN-100136	CLN-014	clan	primary_deity_of	SHR-106	shrine	大和(葛城)	古代〜	A	L0	鴨都波社伝	葛城鴨氏=鴨都波
RLN-100137	DEI-026	deity	descended_from	DEI-001	deity	出雲・葛城	神代	C	L0	古事記	アヂスキ=大国主の子
RLN-100138	IZM-051	event	mentioned_in	古事記	text	葛城	神代	A	L0	古事記	アヂスキ=喪屋蹴り
RLN-100139	CLN-040	clan	descended_from	賀茂建角身命	deity	山城	神代	B	L1	賀茂社家文書|古事記	八咫烏=神武道案内
RLN-100140	MYTH-066	myth_episode	mentioned_in	古事記	text	山城	神代	A	L0	古事記	賀茂氏神武道案内
RLN-100141	SHR-005	shrine	primary_deity_of	家都美御子大神	deity	紀伊	古代〜	A	L0	諸記録	熊野本宮
RLN-100142	SHR-090	shrine	primary_deity_of	熊野速玉大神	deity	紀伊	古代〜	A	L0	諸記録	熊野速玉
RLN-100143	SHR-091	shrine	primary_deity_of	熊野夫須美大神	deity	紀伊	古代〜	A	L0	諸記録	熊野那智
RLN-100144	SHR-092	shrine	performed_at	神倉ゴトビキ岩	-	紀伊	古代〜	A	L0	神倉社伝	熊野最古祭祀地
RLN-100145	SHR-093	shrine	performed_at	那智の滝	-	紀伊	古代〜	A	L0	那智社伝	滝信仰
RLN-100146	MYTH-048	myth_episode	mentioned_in	熊野権現御垂迹縁起	text	紀伊	平安期	B	L1	縁起	熊野権現降臨
RLN-100147	MYTH-049	myth_episode	mentioned_in	古事記|日本書紀	text	紀伊	成立CE712-720	A	L0	記紀	神武熊野
RLN-100148	MYTH-050	myth_episode	mentioned_in	古事記|日本書紀	text	紀伊大和	神代	A	L0	記紀	八咫烏道案内
RLN-100149	MYTH-051	myth_episode	performed_at	那智	region	紀伊	平安〜江戸	B	L1	諸記録	補陀落渡海
RLN-100150	MYTH-052	myth_episode	syncretized_with	阿弥陀薬師観音	-	紀伊	平安〜中世	A	L0	中世神道書	熊野三山本地仏
RLN-100151	MYTH-053	myth_episode	politically_linked	修験道	-	紀伊大峰	7世紀末伝	B	L1	諸修験書	役小角
RLN-100152	SHR-094	shrine	performed_at	熊野奥之院	-	紀伊	古代〜	A	L1	玉置神社社伝	熊野詣終点
RLN-100153	SHU-011	shrine	syncretized_with	阿弥陀如来	-	紀伊	平安〜中世	A	L0	中世神道書	熊野本宮本地
RLN-100154	SHU-012	shrine	syncretized_with	薬師如来	-	紀伊	平安〜中世	A	L0	中世神道書	熊野速玉本地
RLN-100155	SHU-013	shrine	syncretized_with	千手観音	-	紀伊	平安〜中世	A	L0	中世神道書	熊野那智本地
RLN-100156	紀伊熊野	region	syncretized_with	出雲熊野	region	紀伊・出雲	古代	C	L2	諸研究	紀伊出雲熊野関係仮説(L2-L3)
RLN-100157	SHR-096	shrine	politically_linked	高野山	-	紀伊	平安以降	A	L0	諸記録	丹生都比売-空海関係
RLN-100158	SHR-097	shrine	performed_at	紀伊国造	clan	紀伊	古代	A	L0	延喜式	日前=紀伊国造祭祀
RLN-100159	SHR-098	shrine	performed_at	紀伊国造	clan	紀伊	古代	A	L0	延喜式	國懸=紀伊国造祭祀
RLN-100160	SHR-099	shrine	primary_deity_of	五十猛命	deity	紀伊	古代〜	A	L0	延喜式	木の神
RLN-100161	DEI-014	deity	primary_deity_of	SHR-010	shrine	大和	古墳期〜	A	L0	古事記|延喜式	大物主=大神神社
RLN-100162	CLN-015	clan	performed_at	SHR-010	shrine	大和	古墳期〜	A	L0	古事記	三輪氏=世襲祭祀
RLN-100163	MYTH-058	myth_episode	mentioned_in	古事記|日本書紀	text	大和	神代	A	L0	記紀	大物主三輪山鎮座
RLN-100164	MYTH-059	myth_episode	mentioned_in	日本書紀	text	大和	崇神朝	A	L0	書紀	大田田根子祟り
RLN-100165	MYTH-060	myth_episode	politically_linked	THM-027	-	大和〜全国	神代以降	A	L0	古事記|諸民俗	三輪山型神婚
RLN-100166	MYTH-061	myth_episode	mentioned_in	日本書紀	text	大和	崇神朝	A	L0	書紀	倭迹迹日百襲姫=大物主妻
RLN-100167	MYTH-061	myth_episode	politically_linked	卑弥呼比定説	-	大和	弥生末	C	L4	諸研究	モモソヒメ卑弥呼説
RLN-100168	MYTH-062	myth_episode	politically_linked	THM-027	-	全国	神代〜	A	L0	諸民俗	蛇婿入り全国譚
RLN-100169	MYTH-063	myth_episode	politically_linked	CLN-022	clan	山城	古代〜	A	L1	松尾大社社伝	秦氏酒造神
RLN-100170	MYTH-064	myth_episode	mentioned_in	日本書紀	text	大和	崇神朝	A	L0	書紀	大田田根子=出雲茅渟県
RLN-100171	SHR-100	shrine	performed_at	大物主荒魂祭祀	-	大和	古代〜	A	L0	大神神社社伝	狭井神社=荒魂
RLN-100172	SHR-101	shrine	primary_deity_of	大田田根子	deity	大和	古代〜	A	L0	大神神社社伝	大直禰子神社
RLN-100173	SHR-102	shrine	politically_linked	元伊勢候補	-	大和	古代	B	L2	諸記録	檜原神社=倭笠縫邑
RLN-100174	SHR-103	shrine	primary_deity_of	若宇加能売命	deity	大和	古代〜	A	L0	延喜式	廣瀬大社=水神
RLN-100175	SHR-104	shrine	primary_deity_of	天御柱命	deity	大和	古代〜	A	L0	延喜式	龍田大社=風神
RLN-100176	DEI-014	deity	syncretized_with	DEI-001	deity	大和・出雲	神代	C	L2	古事記|諸研究	大物主大国主同体論争(L2)
RLN-100177	IZM-040	event	supports	HYP-005	hypothesis	大和・出雲	神代	C	L2	古事記	幸魂奇魂記述
RLN-100178	CLN-015	clan	descended_from	大田田根子	-	大和	崇神朝	B	L1	古事記	三輪氏祖
RLN-100179	MYTH-065	myth_episode	politically_linked	CLN-015	clan	大和	古代〜奈良	A	L0	先代旧事本紀	三輪氏祭祀権世襲
RLN-100180	大物主	deity	syncretized_with	三輪明神	-	大和	中世	A	L1	中世神道書	-
RLN-100181	SHR-107	shrine	primary_deity_of	高皇産霊神	deity	大和(葛城)	古代〜	A	L0	延喜式	高天彦神社=タカミムスビ
RLN-100182	大三輪山	region	politically_linked	纒向遺跡	-	大和	古墳前期	B	L2	発掘調査|諸研究	初期ヤマト王権祭祀
RLN-100183	IZM-147	event	mentioned_in	古事記|日本書紀	text	大和	崇神朝	A	L0	記紀	大物主祟りの鎮め
RLN-100184	SHR-016	shrine	primary_deity_of	八幡神	-	豊前(宇佐)	古代〜	A	L0	諸記録	八幡総本宮
RLN-100185	MYTH-071	myth_episode	mentioned_in	宇佐宮御託宣集	text	豊前	中世神道書	B	L1	託宣集	八幡神顕現(欽明32年伝)
RLN-100186	MYTH-072	myth_episode	politically_linked	応神天皇	-	豊前	古代	B	L1	託宣集	八幡=応神同体
RLN-100187	MYTH-080	myth_episode	politically_linked	SHR-016	shrine	豊前	近代	B	L2	諸研究	比売大神三説論
RLN-100188	MYTH-067	myth_episode	mentioned_in	古事記|日本書紀	text	日向	成立CE712-720	A	L0	記紀	天孫降臨高千穂
RLN-100189	SHR-062	shrine	performed_at	高千穂神楽	-	日向	古代〜	A	L0	高千穂社伝	岩戸神楽
RLN-100190	SHR-063	shrine	performed_at	クシフル神話	-	日向	神代	B	L1	地方伝承	高千穂槵触
RLN-100191	SHR-064	shrine	performed_at	天岩戸神事	-	日向	-	A	L0	地方伝承	岩戸神楽
RLN-100192	SHR-065	shrine	performed_at	豊玉姫出産伝	-	日向	-	B	L1	地方伝承	鵜戸神宮
RLN-100193	SHR-067	shrine	syncretized_with	霧島権現	-	大隅	平安〜中世	A	L0	地方伝承	霧島山修験
RLN-100194	SHR-068	shrine	primary_deity_of	彦穂穂出見尊	deity	大隅	古代〜	A	L0	延喜式	大隅一宮=山幸彦
RLN-100195	MYTH-041	myth_episode	mentioned_in	古事記|日本書紀	text	日向	成立CE712-720	A	L0	記紀	海幸山幸
RLN-100196	MYTH-042	myth_episode	mentioned_in	古事記|日本書紀	text	日向海宮	成立CE712-720	A	L0	記紀	豊玉姫玉依姫
RLN-100197	MYTH-070	myth_episode	mentioned_in	日本書紀	text	日向南九州	成立CE720	A	L0	書紀	隼人=海幸末裔
RLN-100198	CLN-037	clan	served	大和王権	-	南九州	古代	A	L0	続日本紀	隼人楯隼人舞
RLN-100199	MYTH-079	myth_episode	performed_at	朝廷儀礼	-	大和	古代	A	L0	続日本紀|延喜式	-
RLN-100200	SHR-059	shrine	primary_deity_of	健磐龍命	deity	肥後(阿蘇)	古代〜	A	L0	阿蘇神社社伝	肥後一宮=阿蘇神社
RLN-100201	CLN-036	clan	performed_at	SHR-059	shrine	肥後	古代〜現代	A	L0	阿蘇神社社家文書	阿蘇氏世襲
RLN-100202	MYTH-068	myth_episode	mentioned_in	阿蘇神社社伝	text	肥後	-	B	L1	阿蘇社伝	阿蘇都比古開拓
RLN-100203	MYTH-069	myth_episode	mentioned_in	阿蘇神社社伝	text	肥後	-	B	L1	阿蘇社伝	健磐龍命カルデラ伝
RLN-100204	MYTH-075	myth_episode	supports	阿蘇カルデラ	region	肥後	7万年前以来	C	L4	地質学	地質学的事実の神話化
RLN-100205	SHR-076	shrine	performed_at	英彦山修験	-	豊前	古代〜近代	A	L0	諸修験書	九州修験中心
RLN-100206	SHU-015	shrine	syncretized_with	阿弥陀如来	-	豊前	平安〜中世	A	L0	中世神道書	彦山権現
RLN-100207	SHU-016	shrine	politically_linked	求菩提山	region	豊前	中世	B	L1	地方伝承	豊前修験二大霊場
RLN-100208	SHR-072	shrine	primary_deity_of	菅原道真	-	筑前	延喜3年(903)	A	L0	諸記録	太宰府天満宮
RLN-100209	MYTH-100	myth_episode	politically_linked	SHR-072	shrine	全国	平安末以降	A	L0	諸社伝	御霊信仰総本宮
RLN-100210	SHR-110	shrine	primary_deity_of	八幡神	-	筑前	延喜21年(921)	A	L0	筥崎宮社伝	博多八幡
RLN-100211	SHR-111	shrine	performed_at	大宰府鎮守	-	筑前	古代	A	L0	地方伝承	宝満山修験
RLN-100212	八幡信仰	-	politically_linked	SHR-016	shrine	全国	平安〜現代	A	L0	諸記録	全国八幡神社4万社の起源
RLN-100213	八幡信仰	-	politically_linked	武家政権	-	全国	平安末以降	A	L0	諸記録	石清水八幡宮等で武家氏神化
RLN-100214	八幡信仰	-	syncretized_with	阿弥陀如来	-	全国	平安〜中世	A	L0	諸記録	八幡大菩薩
RLN-100215	SHR-073	shrine	politically_linked	神功皇后伝	-	筑前	古代	A	L0	延喜式	香椎廟
RLN-100216	SHR-115	shrine	performed_at	湯殿山即身仏	-	出羽	江戸期	A	L1	湯殿山資料	即身仏文化
RLN-100217	SHR-114	shrine	performed_at	羽黒山修験	-	出羽	平安〜現代	A	L0	出羽神社社伝	出羽三山中心
RLN-100218	SHR-113	shrine	performed_at	月山修験	-	出羽	平安〜現代	A	L0	月山社伝	死後世界
RLN-100219	MYTH-084	myth_episode	mentioned_in	出羽三山社伝	text	出羽	崇峻朝伝	B	L1	社伝	蜂子皇子開山
RLN-100220	MYTH-085	myth_episode	politically_linked	月山	region	出羽	-	B	L1	諸修験書	死後世界の信仰
RLN-100221	MYTH-086	myth_episode	performed_at	湯殿山	region	出羽	江戸期	A	L1	諸資料	即身仏伝統
RLN-100222	SHR-112	shrine	primary_deity_of	大物忌神	-	出羽	古代〜	A	L0	延喜式	出羽一宮=鳥海山
RLN-100223	SHR-117	shrine	primary_deity_of	顕国魂神	-	陸奥(津軽)	古代〜	A	L0	延喜式	岩木山神社
RLN-100224	SHR-108	shrine	primary_deity_of	塩土老翁神	-	陸奥	古代〜	A	L0	諸記録	塩竈神社=陸奥一宮
RLN-100225	SHR-110	shrine	politically_linked	伊達政宗	-	陸奥	桃山〜江戸	A	L0	近世記録	大崎八幡宮再建
RLN-100226	SHR-111	shrine	primary_deity_of	駒形大神	-	陸中	古代〜	A	L0	延喜式	馬産地祭祀
RLN-100227	SHR-116	shrine	primary_deity_of	瀬織津姫命	-	陸中	古代〜	A	L0	早池峰社伝|柳田國男『遠野物語』	早池峰山岳信仰
RLN-100228	MYTH-081	myth_episode	politically_linked	アラハバキ	-	東北関東	-	C	L3	民俗資料	縄文系信仰継承説
RLN-100229	MYTH-082	myth_episode	mentioned_in	続日本紀|日本紀略	text	東北	平安期	A	L0	続日本紀	阿弖流為抗争
RLN-100230	MYTH-083	myth_episode	politically_linked	坂上田村麻呂	-	東北	平安期	A	L0	諸地方伝承	征討伝
RLN-100231	MYTH-088	myth_episode	politically_linked	馬産地	-	陸中	古代	A	L0	延喜式	馬の神
RLN-100232	MYTH-089	myth_episode	mentioned_in	柳田國男『遠野物語』	text	陸中	近代	A	L1	民俗	早池峰山岳精霊
RLN-100233	MYTH-090	myth_episode	mentioned_in	諸地方伝承	text	東北	平安末	B	L1	諸資料	安倍貞任伝説
RLN-100234	CLN-038	clan	opposed_to	大和王権	-	陸奥出羽	古代〜中世	A	L0	続日本紀	阿弖流為等
RLN-100235	CLN-038	clan	allied_with	北海道アイヌ	-	北方	古代	C	L3	諸研究	古代北方交流
RLN-100236	SHR-118	shrine	primary_deity_of	味耜高彦根命	-	陸奥	古代〜	A	L0	延喜式	都々古別神社
RLN-100237	SHR-119	shrine	primary_deity_of	味耜高彦根命	-	陸奥	古代〜	A	L0	延喜式	八槻都々古別神社
RLN-100238	SHR-120	shrine	primary_deity_of	伊弉諾尊	-	陸奥岩代	古代〜	A	L0	延喜式	会津伊佐須美神社
RLN-100239	SHR-117	shrine	performed_at	岩木山修験	-	陸奥津軽	古代〜近代	A	L0	地方伝承	津軽の山岳信仰
RLN-100240	MYTH-091	myth_episode	politically_linked	津軽龍神	-	陸奥	-	B	L2	諸民俗	北方水神信仰
RLN-100241	日吉大社	shrine	syncretized_with	山王神道	-	近江山城	平安〜中世	A	L0	山王神道書	大山咋=釈迦
RLN-100242	日吉大社	shrine	politically_linked	延暦寺	-	近江山城	平安〜現代	A	L0	諸記録	山王神道
RLN-100243	高野山	region	politically_linked	SHR-096	shrine	紀伊	平安以降	A	L0	高野山資料	空海-丹生都比売
RLN-100244	SHR-014	shrine	syncretized_with	賀茂明神	-	山城	中世	A	L1	賀茂縁起	-
RLN-100245	SHR-013	shrine	syncretized_with	賀茂別雷大神	-	山城	平安〜	A	L0	諸社伝	-
RLN-100246	SHU-001	shrine	syncretized_with	観音	-	出羽	平安〜中世	A	L0	出羽三山社伝	羽黒権現
RLN-100247	SHU-002	shrine	syncretized_with	阿弥陀如来	-	出羽	平安〜中世	A	L0	月山社伝	月山権現
RLN-100248	SHU-003	shrine	syncretized_with	大日如来	-	出羽	平安〜中世	A	L0	湯殿山社伝	湯殿山権現
RLN-100249	SHU-004	shrine	syncretized_with	十一面観音	-	加賀	平安〜中世	A	L0	白山社伝	白山妙理大菩薩
RLN-100250	SHU-005	shrine	syncretized_with	阿弥陀如来	-	越中	平安〜中世	A	L0	立山社伝	立山権現
RLN-100251	SHU-007	shrine	syncretized_with	大日如来	-	駿河	平安〜中世	A	L0	浅間社伝	浅間大菩薩
RLN-100252	SHU-009	shrine	syncretized_with	釈迦観音弥勒	-	大和	7世紀末伝〜	A	L0	諸修験書	蔵王権現
RLN-100253	SHU-014	shrine	syncretized_with	釈迦如来	-	近江	平安〜中世	A	L0	日吉社伝	山王神道
RLN-100254	SHU-018	shrine	syncretized_with	不動明王	-	相模	平安〜中世	A	L0	大山阿夫利社伝	大山詣
RLN-100255	SHU-024	shrine	performed_at	延暦寺天台修験	-	近江山城	平安〜	A	L0	諸記録	天台山岳
RLN-100256	SHU-023	shrine	performed_at	高野山真言修験	-	紀伊	平安〜	A	L0	諸記録	真言山岳
RLN-100257	全国天満宮	-	descended_from	SHR-072	shrine	全国	平安末以降	A	L0	諸社伝	天神信仰の拡散
RLN-100258	全国稲荷社	-	descended_from	SHR-035	shrine	全国	古代以降	A	L0	諸社伝	稲荷信仰の拡散
RLN-100259	全国諏訪神社	-	descended_from	SHR-006	shrine	全国	中世	A	L0	諸社伝	諏訪神党展開
RLN-100260	全国八幡神社	-	descended_from	SHR-016	shrine	全国	平安〜	A	L0	諸社伝	八幡信仰拡散
RLN-100261	全国大国主祀社	-	descended_from	SHR-001	shrine	全国	古代〜	A	L0	諸社伝	出雲信仰拡散
RLN-100262	全国氷川神社	-	descended_from	SHR-018	shrine	関東	古代以降	A	L0	諸社伝	武蔵氷川系
RLN-100263	全国白山神社	-	descended_from	SHU-004	shrine	全国	平安以降	A	L0	諸社伝	白山信仰
RLN-100264	全国浅間神社	-	descended_from	SHU-007	shrine	全国	平安以降	A	L0	諸社伝	富士信仰
RLN-100265	全国春日系	-	descended_from	SHR-012	shrine	全国	平安以降	A	L0	諸社伝	藤原氏分霊
RLN-100266	賀茂氏二系統	-	syncretized_with	賀茂氏	-	山城葛城	古代以降	C	L2	諸研究	葛城/山城の別系統論
RLN-100267	出雲祭祀圏	-	syncretized_with	全国出雲系	-	全国	古代以降	A	L0	諸研究	出雲祭祀のネットワーク化
RLN-100268	諏訪祭祀圏	-	syncretized_with	全国諏訪系	-	全国	中世以降	A	L0	諸研究	諏訪信仰の武家化
RLN-100269	熊野祭祀圏	-	syncretized_with	全国熊野系	-	全国	平安〜	A	L0	諸研究	熊野修験全国化
RLN-100270	宗像祭祀圏	-	syncretized_with	厳島	-	安芸	平安〜	A	L0	諸記録	弁才天習合
RLN-100271	伊勢祭祀圏	-	politically_linked	皇統	-	全国	古代〜	A	L0	諸正史	国家祭祀
RLN-100272	三輪山祭祀圏	-	politically_linked	大和王権	-	大和	古墳〜	A	L0	書紀|考古	崇神朝祭祀
RLN-100273	出雲広域連合	-	supports	HYP-003	hypothesis	出雲・山陰	弥生	B	L2	学術論文	四隅突出墓・銅剣銅鐸
RLN-100274	製鉄民移動	-	supports	HYP-002	hypothesis	出雲	弥生〜古墳	C	L4	諸研究	ヤマタノオロチ製鉄説
RLN-100275	国譲り政治史	-	supports	HYP-004	hypothesis	出雲・大和	古墳〜飛鳥	B	L2	諸研究	祭祀権収奪説
RLN-100276	翡翠ロード	-	supports	HYP-006	hypothesis	出雲・諏訪・越	縄文〜弥生	B	L3	考古学	翡翠交易ネットワーク
RLN-100277	大物主同体	-	supports	HYP-005	hypothesis	大和・出雲	神代以来	C	L2	古事記|諸研究	大物主大国主同体論
RLN-100278	新羅渡来	-	supports	HYP-007	hypothesis	出雲・朝鮮半島	古代	C	L4	諸研究	スサノオ新羅由来説
RLN-100279	縄文海進	-	supports	HYP-001	hypothesis	全国	縄文期以来	D	L5	大胆仮説	検証困難
RLN-100280	神賀詞	-	supports	HYP-008	hypothesis	出雲	霊亀以降	A	L1	続日本紀	出雲側視点の神話再構成
RLN-100281	弥生→古墳祭祀転換	-	politically_linked	IZM-009	event	全国	弥生終末	A	L0	発掘調査	銅鐸消滅と古墳出現
RLN-100282	古墳期祭祀	-	politically_linked	纒向遺跡	-	大和	古墳前期	B	L2	発掘調査	初期ヤマト
RLN-100283	沖ノ島	-	politically_linked	任那・新羅	-	玄界灘	古墳〜平安	A	L0	発掘調査	国際海路祭祀
RLN-100284	七支刀	-	primary_source_for	物部氏	clan	大和	CE369	A	L0	書紀|発掘	石上神宮国宝
RLN-100285	IZM-090	event	supports	IZM-021	event	出雲・尾張	神代	C	L0	古事記	草薙剣の出雲尾張連結
RLN-100286	IZM-126	event	supports	IZM-119	event	出雲	平安〜現代	B	L2	学術研究	高層神殿復元論
RLN-100287	阿蘇火山	-	politically_linked	肥前肥後火国	region	肥前肥後	古代	A	L0	風土記	火国地名由来
RLN-100288	霧島山	-	politically_linked	高千穂峯	-	日向大隅	古代	C	L2	諸研究	高千穂比定論争
RLN-100289	祇園祭	-	performed_at	SHR-017	shrine	山城	毎年7月	A	L0	諸記録	全国祇園信仰の中軸
RLN-100290	春日祭	-	performed_at	SHR-012	shrine	大和	毎年3月	A	L0	延喜式	藤原氏祭祀
RLN-100291	葵祭	-	performed_at	SHR-013|SHR-014	shrine	山城	毎年5月	A	L0	諸記録	賀茂祭
RLN-100292	大嘗祭	-	performed_at	皇統	-	全国	古代〜現代	A	L0	諸正史	天皇即位儀
RLN-100293	新嘗祭	-	performed_at	皇統	-	全国	古代〜現代	A	L0	諸正史	-
RLN-100294	式年遷宮	-	performed_at	SHR-002|SHR-003	shrine	伊勢	20年周期	A	L0	諸記録	持統朝以降
RLN-100295	平成大遷宮	-	performed_at	SHR-001	shrine	出雲	2008-2013	A	L0	出雲大社資料	60年ぶりの修理
RLN-100296	阿曇族信濃移住	-	supports	MYTH-103	myth_episode	信濃	古代	C	L2	地名研究	安曇野=阿曇野
RLN-100297	出雲—諏訪同盟	-	supports	MYTH-104	myth_episode	出雲・諏訪	弥生〜神代	B	L2	諸研究	翡翠+婚姻+移動
RLN-100298	物部氏東国	-	supports	MYTH-105	myth_episode	下総常陸	古墳〜飛鳥	B	L1	先代旧事本紀	香取拠点
RLN-100299	温羅伝承	-	politically_linked	製鉄民	-	備中	古代	B	L2	諸研究	渡来製鉄民説
RLN-100300	大物主祟り	-	politically_linked	崇神朝祭祀整備	-	大和	崇神朝伝	B	L1	書紀	纒向期祭祀の起源神話
RLN-100301	諏訪明神絵詞	-	primary_source_for	諏訪武家信仰	-	全国	南北朝期	A	L0	諸記録	武家信仰確立
RLN-100302	続日本紀	-	primary_source_for	国家祭祀	-	全国	平安初期	A	L0	続日本紀	律令祭祀の正史
RLN-100303	延喜式	-	primary_source_for	全国神社	-	全国	CE927	A	L0	延喜式	式内社制度の確定
RLN-100304	先代旧事本紀	-	primary_source_for	物部氏	clan	全国	平安初期	C	L2	諸研究	物部氏家伝の偽書説
RLN-100305	古事記	-	primary_source_for	全国神話	-	全国	CE712	A	L0	古事記	-
RLN-100306	日本書紀	-	primary_source_for	全国神話	-	全国	CE720	A	L0	書紀	-
RLN-100307	出雲国風土記	-	primary_source_for	出雲在地神話	-	出雲	CE733	A	L0	風土記	出雲独自神話の保存
RLN-100308	常陸国風土記	-	primary_source_for	鹿島	-	常陸	CE718	A	L0	風土記	鹿島郡条
RLN-100309	豊後国風土記	-	primary_source_for	阿蘇九州	-	豊後	CE733頃	A	L0	風土記	-
RLN-100310	肥前国風土記	-	primary_source_for	北九州	-	肥前	CE733頃	A	L0	風土記	火国記述
