master_id	canonical_name	canonical_reading	aliases	aliases_reading	category	gender	main_text_appearance	syncretism	regional_variant	parent_deity_ids	consort_deity_ids	related_shrine_ids	related_myth_ids	merged_into	notes	verified_status	verification_dimension	verified_at	verified_by	verification_source
DEI-001	大国主神	おおくにぬしのかみ	大穴牟遅神|大己貴命|葦原色許男|八千矛神|宇都志国玉神|所造天下大神	おおなむちのかみ|おおなむちのみこと|あしはらしこお|やちほこのかみ|うつしくにたまのかみ|あめのしたつくらししおおかみ	王権神/国土神/縁結び神/医療神	男	古事記|日本書紀|出雲国風土記|出雲国造神賀詞	大黒天(中世以降)	大物主(三輪)、所造天下大神(出雲国造神賀詞)	-	DEI-023|DEI-022|DEI-021|DEI-017	-	-	-	大物主との同体・別体論争(L2 仮説)。180神の父。出雲祭祀の中軸	verified	textual	2026-05-25T00:00:00	claude	auto-expand Phase 3: main_text_appearance に文献記載
DEI-002	須佐之男命	すさのおのみこと	素戔嗚尊|建速須佐之男命|神須佐能袁命	すさのおのみこと|たけはやすさのおのみこと|かむすさのおのみこと	嵐神/暴神/英雄神/疫神	男	古事記|日本書紀|出雲国風土記	牛頭天王(平安末以降、DEI-030)	新羅曽尸茂梨経由(書紀一書)	DEI-005	DEI-021	-	-	-	古事記禊生まれ vs 書紀本文/一書の異伝多数。八坂・氷川・津島で全国祭祀化	verified	textual	2026-05-25T00:00:00	claude	auto-init: 記紀・延喜式記載
DEI-003	天照大御神	あまてらすおおみかみ	天照大神|大日孁貴神|大日女尊	あまてらすおおかみ|おおひるめのむちのかみ|おおひるめのみこと	太陽神/王権神/国家祭神	女	古事記|日本書紀|延喜式	大日如来(両部神道)	-	DEI-005|DEI-006	-	-	-	-	皇祖神、伊勢神宮内宮主祭神	verified	textual	2026-05-25T00:00:00	claude	auto-expand Phase 3: main_text_appearance に文献記載
DEI-004	月読命	つくよみのみこと	月夜見尊|月弓尊	つくよみのみこと|つきゆみのみこと	月神/夜の神	男	古事記|日本書紀	-	-	DEI-005	-	-	-	-	神話的記述少。書紀一書では保食神を斬る記述あり	verified	textual	2026-05-25T00:00:00	claude	auto-expand Phase 3: main_text_appearance に文献記載
DEI-005	伊邪那岐命	いざなぎのみこと	伊弉諾尊|伊耶那岐命	いざなぎのみこと|いざなぎのみこと	創成神	男	古事記|日本書紀	-	-	-	DEI-006	-	-	-	国生み・神生みの父神。揖夜神社関連(黄泉国訪問)	verified	textual	2026-05-25T00:00:00	claude	auto-expand Phase 3: main_text_appearance に文献記載
DEI-006	伊邪那美命	いざなみのみこと	伊弉冉尊|伊耶那美命	いざなみのみこと|いざなみのみこと	創成神/地母神	女	古事記|日本書紀	-	-	-	DEI-005	-	-	-	国生みの母神。黄泉国主宰。揖夜神社・神魂神社関連	verified	textual	2026-05-25T00:00:00	claude	auto-expand Phase 3: main_text_appearance に文献記載
DEI-007	高皇産霊神	たかみむすひのかみ	高木神|高御産巣日神	たかぎのかみ|たかみむすひのかみ	産霊神/王権神	両性	古事記|日本書紀	-	-	-	-	-	-	-	国譲り神話で書紀本文では主導神。古事記では高木神の名で頻出	verified	textual	2026-05-25T00:00:00	claude	auto-init: 記紀・延喜式記載
DEI-008	神産巣日神	かみむすひのかみ	神皇産霊尊	かみむすびのみこと	産霊神	両性	古事記|日本書紀	-	-	-	-	-	-	-	スクナビコナの親神(古事記)。書紀ではスクナビコナの親は高皇産霊神とする異伝あり	verified	textual	2026-05-25T00:00:00	claude	auto-init: 記紀・延喜式記載
DEI-009	事代主神	ことしろぬしのかみ	八重事代主神	やえことしろぬしのかみ	託宣神/漁業神	男	古事記|日本書紀|出雲国造神賀詞	恵比寿神(中世以降)	-	DEI-001	-	-	-	-	美保神社主祭神。国譲りで先に服従。葛城賀茂氏祖神	verified	textual	2026-05-25T00:00:00	claude	auto-expand Phase 3: main_text_appearance に文献記載
DEI-010	建御名方神	たけみなかたのかみ	建御名方富命|諏訪明神|諏訪大明神	たけみなかたとみのみこと|すわみょうじん|すわだいみょうじん	武神/狩猟神	男	古事記	-	-	DEI-001|DEI-022	DEI-029	-	-	-	古事記のみ登場、書紀には欠如。母はヌナカワヒメ。諏訪大社主祭神	verified	textual	2026-05-25T00:00:00	claude	auto-init: 記紀・延喜式記載
DEI-011	建御雷之男神	たけみかづちのおのかみ	武甕槌|建御賀豆智命|鹿島大神	たけみかづち|たけみかづちのみこと|かしまのおおかみ	武神/剣神	男	古事記|日本書紀	-	-	-	-	-	-	-	鹿島神宮主祭神。藤原(中臣)氏祖神。古事記では国譲り主役、書紀本文ではフツヌシが主役	verified	textual	2026-05-25T00:00:00	claude	auto-init: 記紀・延喜式記載
DEI-012	経津主神	ふつぬしのかみ	斎主神|齋之大人|香取神	いわいぬしのかみ|いつのおおうし|かとりのかみ	武神/剣神	男	日本書紀	-	-	-	-	-	-	-	香取神宮主祭神。物部氏祖神。古事記には登場せず書紀のみ	verified	textual	2026-05-25T00:00:00	claude	auto-init: 記紀・延喜式記載
DEI-013	天穂日命	あめのほひのみこと	天菩比神|天之菩卑能命	あめのほひのかみ|あめのほひのみこと	王権神/出雲祭祀祖神	男	古事記|日本書紀|出雲国造神賀詞	-	-	DEI-003	-	-	-	-	出雲国造の祖神。土師氏・菅原氏も祖神とする。記紀と神賀詞で評価が反転	verified	textual	2026-05-25T00:00:00	claude	auto-init: 記紀・延喜式記載
DEI-014	大物主大神	おおものぬしのおおかみ	御諸山神|三輪明神	みもろやまのかみ|みわみょうじん	国魂神/王権守護神/雷神	男	古事記|日本書紀	-	-	-	-	-	-	-	大神神社主祭神。古事記では大国主の幸魂奇魂、書紀本文では別神扱い(L2 同体・別体論争)	verified	textual	2026-05-25T00:00:00	claude	auto-init: 記紀・延喜式記載
DEI-015	邇邇芸命	ににぎのみこと	天津彦彦火瓊瓊杵尊|天饒石国饒石天津日高彦火瓊瓊杵尊	あまつひこひこほのににぎのみこと|あめにぎしくににぎしあまつひだかひこほのににぎのみこと	王権神/天孫	男	古事記|日本書紀	-	-	DEI-599|DEI-600	DEI-083	SHR-002|SHR-067	-	-	天孫降臨の主神。皇統の起点。天忍穂耳尊 (父) と栲幡千千姫命 (母) の子。コノハナサクヤヒメ (DEI-083) を妻とし、ヒコホホデミ (山幸彦) ら 3 兄弟をもうける。霧島神宮 (SHR-067) 主祭神	verified	textual	2026-05-25T00:00:00	claude	auto-expand Phase 3: main_text_appearance に文献記載
DEI-016	倭建命	やまとたけるのみこと	日本武尊|小碓命|倭男具那命	やまとたけるのみこと|おうすのみこと|やまとおぐなのみこと	英雄神/武神	男	古事記|日本書紀	-	-	-	-	-	-	-	草薙剣を持って東征西征。熱田神宮の起源神話と関連	verified	textual	2026-05-25T00:00:00	claude	auto-expand Phase 3: main_text_appearance に文献記載
DEI-017	田心姫命	たごりひめのみこと	多紀理毘売命|田霧姫命	たぎりびめのみこと|たぎりひめのみこと	海神/宗像三女神	女	古事記|日本書紀	-	-	-	DEI-001	-	-	-	大国主の妃、コトシロヌシ・アヂスキタカヒコネの母(古事記)。沖津宮(沖ノ島)祭神	verified	textual	2026-05-25T00:00:00	claude	auto-init: 記紀・延喜式記載
DEI-018	湍津姫命	たぎつひめのみこと	多岐都比売命	たきつひめのみこと	海神/宗像三女神	女	古事記|日本書紀	-	-	-	-	-	-	-	中津宮(大島)祭神	verified	textual	2026-05-25T00:00:00	claude	auto-expand Phase 3: main_text_appearance に文献記載
DEI-019	市杵島姫命	いちきしまひめのみこと	狭依毘売命|市寸島比売命	さよりびめのみこと|いちきしまひめのみこと	海神/宗像三女神	女	古事記|日本書紀	弁才天(中世以降)	-	-	-	-	-	-	辺津宮(田島)祭神	verified	textual	2026-05-25T00:00:00	claude	auto-expand Phase 3: main_text_appearance に文献記載
DEI-020	少名毘古那神	すくなびこなのかみ	少彦名命|少日子根命	すくなひこなのみこと|すくなひこねのみこと	矮小神/医療神/酒造神	男	古事記|日本書紀|播磨国風土記|伊予国風土記	-	-	DEI-008	-	-	-	-	大国主と国造り。常世国へ帰る。書紀異伝では親神を高皇産霊神とする	verified	textual	2026-05-25T00:00:00	claude	auto-expand Phase 3: main_text_appearance に文献記載
DEI-021	櫛名田比売	くしなだひめ	奇稲田姫|稲田姫命|稲田比売命	くしいなだひめ|いなだひめのみこと|いなだひめのみこと	穀霊/水田神	女	古事記|日本書紀	-	-	-	DEI-002	-	-	-	ヤマタノオロチから救われ、スサノオの妻に。八重垣神社・須我神社の祭神	verified	textual	2026-05-25T00:00:00	claude	auto-expand Phase 3: main_text_appearance に文献記載
DEI-022	沼河比売	ぬなかわひめ	奴奈川姫|高志ぬな川姫	ぬなかわひめ|こしのぬなかわひめ	越国神/水神/翡翠神	女	古事記	-	-	-	DEI-001	-	-	-	高志国(越)の女神。糸魚川翡翠と関連。タケミナカタの母	verified	textual	2026-05-25T00:00:00	claude	auto-expand Phase 3: main_text_appearance に文献記載
DEI-023	須勢理毘売命	すせりびめのみこと	須世理毘売|須勢理姫	すせりびめ|すせりひめ	出雲女神	女	古事記	-	-	DEI-002	DEI-001	-	-	-	スサノオの娘、大国主の正妻	verified	textual	2026-05-25T00:00:00	claude	auto-expand Phase 3: main_text_appearance に文献記載
DEI-024	八束水臣津野命	やつかみずおみつぬのみこと	-	-	国土創成神/出雲在来神	男	出雲国風土記	-	-	-	-	-	-	-	出雲国引き神話の主役。記紀には登場せず風土記独自神	verified	textual	2026-05-25T00:00:00	claude	auto-init: 記紀・延喜式記載
DEI-025	佐太大神	さだのおおかみ	佐太御子大神	さだみこのおおかみ	道祖神/在来神	男	出雲国風土記	-	-	-	-	-	-	-	加賀の潜戸神話で誕生。佐太神社主祭神。神在祭の重要神。猿田彦同神視説(L1)あり	verified	textual	2026-05-25T00:00:00	claude	auto-expand Phase 3: main_text_appearance に文献記載
DEI-026	阿遅鉏高日子根神	あぢすきたかひこねのかみ	迦毛大御神|阿遅志貴高日子根神	かものおおみかみ|あぢしきたかひこねのかみ	雷神/農耕神	男	古事記|日本書紀	-	-	DEI-001	-	-	-	-	大国主の子。葛城賀茂氏祖神。アメノワカヒコ葬送神話で重要。高鴨神社祭神	verified	textual	2026-05-25T00:00:00	claude	auto-expand Phase 3: main_text_appearance に文献記載
DEI-027	下光比売命	したてるひめのみこと	高比売命|下照姫	たかひめのみこと|したてるひめ	出雲女神	女	古事記|日本書紀	-	-	DEI-001	DEI-028	-	-	-	大国主の娘、アメノワカヒコの妻、アヂスキタカヒコネの妹	verified	textual	2026-05-25T00:00:00	claude	auto-expand Phase 3: main_text_appearance に文献記載
DEI-028	天若日子	あめのわかひこ	天稚彦	あめわかひこ	高天原使者(背信者)	男	古事記|日本書紀	-	-	-	DEI-027	-	-	-	国譲り使者、シタテルヒメと結婚し背信、雉鳴女射殺、返し矢で死亡	verified	textual	2026-05-25T00:00:00	claude	auto-expand Phase 3: main_text_appearance に文献記載
DEI-029	八坂刀売神	やさかとめのかみ	八坂刀売命	やさかとめのみこと	諏訪女神	女	諏訪大社社伝|諸古文献	-	-	-	DEI-010	-	-	-	諏訪大社下社主祭神。タケミナカタの妃	under_review	textual	2026-05-25T00:00:00	claude	auto-init: 初期値
DEI-030	牛頭天王	ごずてんのう	武塔神|武塔天神	むとうしん|むとうてんじん	疫神/守護神(仏教習合神)	男	備後国風土記逸文|中世神道書	スサノオ(平安末以降、DEI-002)	-	-	-	-	-	-	スサノオと習合(syncretized_with、L1)。八坂神社・津島神社等で祭祀	verified	textual	2026-05-25T00:00:00	claude	auto-expand Phase 3: main_text_appearance に文献記載
DEI-031	大年神	おおとしのかみ	大歳神|年神	おおとしのかみ|としがみ	穀霊/年穀神	男	古事記	-	-	DEI-002	-	-	-	-	スサノオの子、田の神、年神信仰の核	verified	textual	2026-05-25T00:00:00	claude	auto-expand Phase 3: main_text_appearance に文献記載
DEI-032	宇迦之御魂神	うかのみたまのかみ	倉稲魂神|宇迦御魂命	うかのみたまのかみ|うがのみたまのみこと	穀霊/食物神	女	古事記|日本書紀	稲荷神(中世以降)	-	DEI-002	-	-	-	-	伏見稲荷主祭神、稲荷信仰の中軸	verified	textual	2026-05-25T00:00:00	claude	auto-expand Phase 3: main_text_appearance に文献記載
DEI-033	宇都志国玉神	うつしくにたまのかみ	-	-	国魂神	男	古事記	-	大国主異名	-	-	-	-	DEI-001	大国主の異名(merged_into 候補)	verified	textual	2026-05-25T00:00:00	claude	auto-expand Phase 3: main_text_appearance に文献記載
DEI-034	大物主神(別)	おおものぬしのかみ	-	-	王権守護神	男	日本書紀本文	-	大物主の別称	-	-	-	-	-	書紀本文では大国主と別神扱い。三輪山禁足地祭祀	verified	textual	2026-05-25T00:00:00	claude	auto-expand Phase 3: main_text_appearance に文献記載
DEI-035	八重事代主	やえことしろぬし	-	-	託宣神	男	古事記|出雲国造神賀詞	-	-	DEI-001	-	-	-	-	事代主の別称、美保神社祭祀	verified	textual	2026-05-25T00:00:00	claude	auto-expand Phase 3: main_text_appearance に文献記載
DEI-036	迦毛大御神	かものおおみかみ	-	-	賀茂祖神	男	古事記	-	-	DEI-001	-	-	-	-	高鴨神社祭神、葛城賀茂氏祖神	verified	textual	2026-05-25T00:00:00	claude	auto-expand Phase 3: main_text_appearance に文献記載
DEI-037	宗像氏祖神	むなかたしそじん	田心姫の子神	-	氏族祖神	-	古事記|新撰姓氏録	-	-	DEI-017	-	-	-	-	宗像氏(胸形君)祖神、沖ノ島祭祀継承	verified	textual	2026-05-25T00:00:00	claude	auto-expand Phase 3: main_text_appearance に文献記載
DEI-038	味鋤高彦根命	あぢすきたかひこねのみこと	-	-	雷神	男	古事記|出雲国造神賀詞	-	-	DEI-001	-	-	-	-	大国主の子、出雲国造神賀詞では国魂級	verified	textual	2026-05-25T00:00:00	claude	auto-expand Phase 3: main_text_appearance に文献記載
DEI-039	国譲りの八重事代主	やえことしろぬし	-	-	国譲り神話登場神	男	古事記	-	-	-	-	-	-	-	国譲りで漁で出かけて即時服従	verified	textual	2026-05-25T00:00:00	claude	auto-expand Phase 3: main_text_appearance に文献記載
DEI-040	出雲建子命	いずもたけるこのみこと	-	-	出雲祭祀神	男	出雲国造神賀詞	-	-	DEI-013	-	-	-	-	出雲国造系譜中の祖神級	under_review	textual	2026-05-25T00:00:00	claude	auto-init: 初期値
DEI-041	伊弉那子大神	いざなぎのおおかみ	-	-	出雲在来創成神	男	出雲国風土記	-	-	-	-	-	-	-	出雲国風土記独自表記。記紀の伊邪那岐との関連は不明	verified	textual	2026-05-25T00:00:00	claude	auto-init: 記紀・延喜式記載
DEI-042	和加布都努志命	わかふつぬしのみこと	-	-	出雲在来神	男	出雲国風土記	-	-	-	-	-	-	-	出雲国風土記独自神	verified	textual	2026-05-25T00:00:00	claude	auto-init: 記紀・延喜式記載
DEI-043	八束水臣津野子	やつかみずおみつぬのこ	-	-	国引き神話関連	-	出雲国風土記	-	八束水臣津野命の系譜	DEI-024	-	-	-	-	国引き神話の二次的登場	verified	textual	2026-05-25T00:00:00	claude	auto-expand Phase 3: main_text_appearance に文献記載
DEI-044	玉造湯神	たまつくりゆのかみ	-	-	温泉神	男	出雲国風土記	-	-	-	-	-	-	-	玉造温泉の祭神、玉作部関連	verified	textual	2026-05-25T00:00:00	claude	auto-expand Phase 3: main_text_appearance に文献記載
DEI-045	波夜都武自和気神	はやつむじわけのかみ	-	-	地祇	男	出雲国風土記	-	-	-	-	-	-	-	出雲在来神の一例	verified	textual	2026-05-25T00:00:00	claude	auto-expand Phase 3: main_text_appearance に文献記載
DEI-046	布都怒志命	ふつぬしのみこと	-	-	武神	男	出雲国造神賀詞	-	-	-	-	-	-	-	物部・経津主との関連は不明、出雲国造神賀詞の固有神格	under_review	textual	2026-05-25T00:00:00	claude	auto-init: 初期値
DEI-047	阿陀加夜努志多伎吉比売命	あだかやぬしたきよしひめのみこと	-	-	出雲女神	女	出雲国風土記	-	-	-	-	-	-	-	出雲国風土記の長名神	verified	textual	2026-05-25T00:00:00	claude	auto-init: 記紀・延喜式記載
DEI-048	味耜高彦根	あぢすきたかひこね	-	-	農耕神	男	出雲国造神賀詞	-	アヂスキタカヒコネ別表記	DEI-001	-	-	-	DEI-026	[統合済・参照は統合先へ] merged_into:DEI-026	under_review	textual	2026-05-25T00:00:00	claude	auto-init: 統合済
DEI-049	伊毘志都幣命	いびしつぬのみこと	-	-	出雲在来神	男	出雲国風土記	-	-	-	-	-	-	-	-	verified	textual	2026-05-25T00:00:00	claude	auto-expand Phase 3: main_text_appearance に文献記載
DEI-050	高皇産霊神(出雲)	たかみむすひのかみ	-	-	産霊神	-	出雲国造神賀詞	-	-	-	-	-	-	-	高皇産霊神の出雲視点表記	under_review	textual	2026-05-25T00:00:00	claude	auto-init: 初期値
DEI-051	所造天下大神	あめのしたつくらししおおかみ	-	-	国土創成神	男	出雲国造神賀詞	-	大国主異名	-	-	-	-	DEI-001	[統合済・参照は統合先へ] merged_into:DEI-001(神賀詞での大国主表記)	under_review	textual	2026-05-25T00:00:00	claude	auto-init: 統合済
DEI-052	倭大物主櫛甕魂命	やまとおおものぬしくしみかたまのみこと	-	-	王権守護神	男	日本書紀崇神紀	-	大物主長名	-	-	-	-	DEI-014	[統合済・参照は統合先へ] merged_into:DEI-014	verified	textual	2026-05-25T00:00:00	claude	auto-expand Phase 3: main_text_appearance に文献記載
DEI-053	大田田根子	おおたたねこ	大直禰子命	おおたたねこのみこと	祭祀祖神	男	古事記|日本書紀崇神紀	-	-	-	-	-	-	-	大物主祟りを鎮めた人物神(神格化)	verified	textual	2026-05-25T00:00:00	claude	auto-expand Phase 3: main_text_appearance に文献記載
DEI-054	玉櫛媛	たまくしひめ	活玉依毘売	いくたまよりびめ	人神(神婚)	女	古事記|日本書紀	-	-	-	DEI-014	-	-	-	大物主の妻(三輪山型神婚)、大田田根子の祖	verified	textual	2026-05-25T00:00:00	claude	auto-expand Phase 3: main_text_appearance に文献記載
DEI-055	伊邪那美の死前神々	いざなみのしぜんしんがみ	-	-	国生み神々	-	古事記	-	-	-	-	-	-	-	イザナミ死前に生まれた多神(集合カテゴリ)	verified	textual	2026-05-25T00:00:00	claude	auto-expand Phase 3: main_text_appearance に文献記載
DEI-056	出雲国魂神	いずものくにたまのかみ	-	-	国魂神	男	出雲国造神賀詞	-	-	-	-	-	-	-	出雲国造神賀詞での国魂級神格	under_review	textual	2026-05-25T00:00:00	claude	auto-init: 初期値
DEI-057	生井神	いくいのかみ	-	-	井泉神	男	古事記	-	-	-	-	-	-	-	大国主の子神(古事記)	verified	textual	2026-05-25T00:00:00	claude	auto-init: 記紀・延喜式記載
DEI-058	福井神	さくいのかみ	-	-	井泉神	男	古事記	-	-	-	-	-	-	-	大国主の子神	verified	textual	2026-05-25T00:00:00	claude	auto-expand Phase 3: main_text_appearance に文献記載
DEI-059	綱長井神	つながいのかみ	-	-	井泉神	男	古事記	-	-	-	-	-	-	-	大国主の子神	verified	textual	2026-05-25T00:00:00	claude	auto-expand Phase 3: main_text_appearance に文献記載
DEI-060	大屋毘古神	おおやびこのかみ	大屋彦	おおやひこ	木霊神	男	古事記	-	-	-	-	-	-	-	大国主が逃避の際に助ける	verified	textual	2026-05-25T00:00:00	claude	auto-expand Phase 3: main_text_appearance に文献記載
DEI-061	波比岐神	はひきのかみ	-	-	門神	男	古事記	-	-	-	-	-	-	-	大国主の子神	verified	textual	2026-05-25T00:00:00	claude	auto-expand Phase 3: main_text_appearance に文献記載
DEI-062	波比岐杵神	はひきねのかみ	-	-	門神	男	古事記	-	-	-	-	-	-	-	大国主の子神(対神)	verified	textual	2026-05-25T00:00:00	claude	auto-expand Phase 3: main_text_appearance に文献記載
DEI-063	豊御食津大神	とよみけつのおおかみ	-	-	食物神	女	出雲国造神賀詞	-	-	-	-	-	-	-	出雲国造神賀詞登場、豊受との関連可能性 L2	under_review	textual	2026-05-25T00:00:00	claude	auto-init: 初期値
DEI-064	大山津見神	おおやまつみのかみ	大山祇神	おおやまつみのみこと	山神	男	古事記|日本書紀	-	-	DEI-005	-	-	-	-	伊予大山祇神社主祭神、出雲では山神総体	verified	textual	2026-05-25T00:00:00	claude	auto-expand Phase 3: main_text_appearance に文献記載
DEI-065	大国御魂神	おおくにみたまのかみ	-	-	大国主御魂	男	古事記	-	-	-	-	-	-	DEI-001	大国主の御魂分霊(merged_into 候補)	verified	textual	2026-05-25T00:00:00	claude	auto-expand Phase 3: main_text_appearance に文献記載
DEI-066	迦具土神	かぐつちのかみ	軻遇突智|火之夜芸速男神	かぐつちのかみ|ひのやぎはやおのかみ	火神	男	古事記|日本書紀	-	-	DEI-005|DEI-006	-	-	-	-	イザナミ死因の火神	verified	textual	2026-05-25T00:00:00	claude	auto-expand Phase 3: main_text_appearance に文献記載
DEI-067	大国忍富神	おおくにおしとみのかみ	-	-	出雲在来神	男	古事記	-	-	-	-	-	-	-	大国主の子神(180神の一)	verified	textual	2026-05-25T00:00:00	claude	auto-expand Phase 3: main_text_appearance に文献記載
DEI-068	布忍富鳥鳴海神	ふおしとみとりなるみのかみ	-	-	出雲在来神	男	古事記	-	-	-	-	-	-	-	大国主の子神	verified	textual	2026-05-25T00:00:00	claude	auto-expand Phase 3: main_text_appearance に文献記載
DEI-069	天日方奇日方命	あめのひかたくしひかたのみこと	-	-	出雲祭祀祖神	男	古事記|新撰姓氏録	-	-	DEI-009	-	-	-	-	コトシロヌシの子神、三輪氏祖	verified	textual	2026-05-25T00:00:00	claude	auto-expand Phase 3: main_text_appearance に文献記載
DEI-070	味海代美海神	あぢさみにのかみ	-	-	出雲在来神	男	古事記	-	-	-	-	-	-	-	大国主の子神	verified	textual	2026-05-25T00:00:00	claude	auto-expand Phase 3: main_text_appearance に文献記載
DEI-071	国忍富神	くにおしとみのかみ	-	-	出雲在来神	男	古事記	-	-	-	-	-	-	-	大国主の子神	verified	textual	2026-05-25T00:00:00	claude	auto-expand Phase 3: main_text_appearance に文献記載
DEI-072	阿陀加夜努志	あだかやぬし	-	-	出雲在来神	-	出雲国風土記	-	-	-	-	-	-	-	出雲国風土記の長名神変種	verified	textual	2026-05-25T00:00:00	claude	auto-init: 記紀・延喜式記載
DEI-073	八千矛神	やちほこのかみ	-	-	大国主異名(婚姻)	男	古事記	-	大国主異名	-	-	-	-	DEI-001	[統合済・参照は統合先へ] merged_into:DEI-001(婚姻譚の表記)	verified	textual	2026-05-25T00:00:00	claude	auto-expand Phase 3: main_text_appearance に文献記載
DEI-074	葦原色許男	あしはらしこお	-	-	大国主異名(根の堅州国)	男	古事記	-	大国主異名	-	-	-	-	DEI-001	[統合済・参照は統合先へ] merged_into:DEI-001(根の堅州国訪問時の表記)	verified	textual	2026-05-25T00:00:00	claude	auto-expand Phase 3: main_text_appearance に文献記載
DEI-075	大穴牟遅	おおなむち	大穴持|大己貴命	おおあなもち|おおなむちのみこと	大国主異名(若年期)	男	古事記|日本書紀|出雲国風土記	-	大国主異名	-	-	-	-	DEI-001	[統合済・参照は統合先へ] merged_into:DEI-001(若年期表記)	verified	textual	2026-05-25T00:00:00	claude	auto-expand Phase 3: main_text_appearance に文献記載
DEI-076	所造天下大穴持命	-	-	-	出雲国風土記版大国主	男	出雲国風土記	-	大国主異名	-	-	-	-	DEI-001	[統合済・参照は統合先へ] merged_into:DEI-001(風土記表記)	verified	textual	2026-05-25T00:00:00	claude	auto-init: 記紀・延喜式記載
DEI-077	斎庭祇園神	さいばのぎおんのかみ	-	-	出雲祭祀神	-	出雲国造神賀詞	-	-	-	-	-	-	-	-	under_review	textual	2026-05-25T00:00:00	claude	auto-init: 初期値
DEI-078	忌部神	いんべのかみ	忌部大神	いんべのおおかみ	祭祀祖神	男	古事記|新撰姓氏録	-	-	-	-	-	-	-	忌部氏祖神(出雲忌部)	verified	textual	2026-05-25T00:00:00	claude	auto-expand Phase 3: main_text_appearance に文献記載
DEI-079	出雲日女命	いずもひめのみこと	-	-	出雲祭祀女神	女	出雲国造神賀詞	-	-	-	-	-	-	-	-	under_review	textual	2026-05-25T00:00:00	claude	auto-init: 初期値
DEI-080	日御碕神	ひのみさきのかみ	-	-	出雲西方守護神	男	日御碕神社社伝	-	-	-	-	-	-	-	日御碕神社祭神(夜の守護)	under_review	textual	2026-05-25T00:00:00	claude	auto-init: 初期値
DEI-081	豊受大御神	とようけのおおみかみ	豊宇気毘売神|止由気大神|豊受比売命	とようけびめのかみ|とゆけのおおかみ|とようけびめのみこと	食物神/穀霊	女	古事記|日本書紀|止由気宮儀式帳	国常立尊(度会神道、L2)	-	-	-	-	-	-	伊勢神宮外宮主祭神。雄略22年丹波→伊勢遷座	verified	textual	2026-05-25T00:00:00	claude	auto-expand Phase 3: main_text_appearance に文献記載
DEI-082	瓊瓊杵尊	ににぎのみこと	-	-	天孫	男	古事記|日本書紀	-	-	-	-	-	-	DEI-015	[統合済・参照は統合先へ] merged_into:DEI-015(同神異表記)	verified	textual	2026-05-25T00:00:00	claude	auto-expand Phase 3: main_text_appearance に文献記載
DEI-083	木花咲耶姫	このはなさくやひめ	木花之佐久夜毘売|神吾田津姫	このはなのさくやびめ|かむあたつひめ	山神/桜神/火中出産神	女	古事記|日本書紀	浅間大神(中世以降)	富士山(浅間大神として)	DEI-064	DEI-015	-	-	-	浅間大社主祭神、コノハナの語源	verified	textual	2026-05-25T00:00:00	claude	auto-expand Phase 3: main_text_appearance に文献記載
DEI-084	磐長姫	いわながひめ	磐長姫命	いわながひめのみこと	岩石神/長寿神	女	古事記|日本書紀	-	-	DEI-064	-	-	-	-	コノハナサクヤの姉、ニニギに容姿で拒絶される	verified	textual	2026-05-25T00:00:00	claude	auto-expand Phase 3: main_text_appearance に文献記載
DEI-085	彦火火出見尊	ひこほほでみのみこと	山幸彦|火遠理命	やまさちひこ|ほおりのみこと	王権神/海幸山幸の山幸	男	古事記|日本書紀	-	-	DEI-015	-	-	-	-	山幸彦、海宮訪問。神武天皇の祖父	verified	textual	2026-05-25T00:00:00	claude	auto-expand Phase 3: main_text_appearance に文献記載
DEI-086	火照命	ほでりのみこと	海幸彦|火明命	うみさちひこ|ほあかりのみこと	漁業神/隼人祖	男	古事記|日本書紀	-	-	DEI-015	-	-	-	-	海幸彦、隼人の祖と書紀で伝	verified	textual	2026-05-25T00:00:00	claude	auto-expand Phase 3: main_text_appearance に文献記載
DEI-087	火須勢理命	ほすせりのみこと	-	-	王子神	男	古事記	-	-	DEI-015	-	-	-	-	ニニギの中の御子(古事記)	verified	textual	2026-05-25T00:00:00	claude	auto-init: 記紀・延喜式記載
DEI-088	豊玉姫	とよたまひめ	豊玉毘売命	とよたまびめのみこと	海神女神	女	古事記|日本書紀	-	-	-	DEI-085	-	-	-	山幸彦の妻、海神宮の姫、ウガヤフキアエズの母	verified	textual	2026-05-25T00:00:00	claude	auto-expand Phase 3: main_text_appearance に文献記載
DEI-089	玉依姫	たまよりひめ	玉依毘売命	たまよりびめのみこと	海神女神	女	古事記|日本書紀	-	-	-	-	-	-	-	豊玉姫の妹、ウガヤフキアエズの妻、神武の母	verified	textual	2026-05-25T00:00:00	claude	auto-expand Phase 3: main_text_appearance に文献記載
DEI-090	鸕鶿草葺不合尊	うがやふきあえずのみこと	彦波瀲武鸕鶿草葺不合尊	ひこなぎさたけうがやふきあえずのみこと	王権神	男	古事記|日本書紀	-	-	DEI-085	DEI-089	-	-	-	山幸彦と豊玉姫の子、神武の父	verified	textual	2026-05-25T00:00:00	claude	auto-expand Phase 3: main_text_appearance に文献記載
DEI-091	倭姫命	やまとひめのみこと	-	-	斎宮祖神	女	書紀垂仁紀|倭姫命世記	-	-	-	-	-	-	-	皇大神宮の御杖代、伊勢神宮を定置	under_review	textual	2026-05-25T00:00:00	claude	auto-init: 初期値
DEI-092	豊鋤入姫命	とよすきいりびめのみこと	-	-	斎宮祖神	女	書紀崇神紀	-	-	-	-	-	-	-	倭姫命の前任、笠縫邑から遷幸	under_review	textual	2026-05-25T00:00:00	claude	auto-init: 初期値
DEI-093	瀧原姫	たきはらひめ	-	-	伊勢別宮神	女	瀧原宮社伝	-	-	-	-	-	-	-	瀧原宮(伊勢別宮)関連	under_review	textual	2026-05-25T00:00:00	claude	auto-init: 初期値
DEI-094	伊雑大神	いざわのおおかみ	-	-	伊雑宮祭神	男	伊雑宮社伝	-	-	-	-	-	-	-	伊雑宮(伊勢別宮)祭神	under_review	textual	2026-05-25T00:00:00	claude	auto-init: 初期値
DEI-095	月讀宮神	つきよみのみやのかみ	-	-	月神	-	伊勢別宮社伝	-	-	-	-	-	-	DEI-004	[統合済・参照は統合先へ] merged_into:DEI-004	under_review	textual	2026-05-25T00:00:00	claude	auto-init: 統合済
DEI-096	月夜見宮神	つきよみのみやのかみ	-	-	月神	-	伊勢別宮社伝	-	-	-	-	-	-	DEI-004	[統合済・参照は統合先へ] merged_into:DEI-004(月讀宮の別宮)	under_review	textual	2026-05-25T00:00:00	claude	auto-init: 統合済
DEI-097	伊佐奈岐宮神	いざなぎのみやのかみ	-	-	別宮神	-	伊勢別宮社伝	-	-	-	-	-	-	DEI-005	[統合済・参照は統合先へ] merged_into:DEI-005	under_review	textual	2026-05-25T00:00:00	claude	auto-init: 統合済
DEI-098	伊佐奈弥宮神	-	-	-	別宮神	-	伊勢別宮社伝	-	-	-	-	-	-	DEI-006	[統合済・参照は統合先へ] merged_into:DEI-006	under_review	textual	2026-05-25T00:00:00	claude	auto-init: 統合済
DEI-099	風日祈宮神	かざひのみのみやのかみ	-	-	風神	-	伊勢別宮社伝	-	-	-	-	-	-	-	内宮別宮、級長津彦命と級長戸辺命を祀る	under_review	textual	2026-05-25T00:00:00	claude	auto-init: 初期値
DEI-100	倭姫宮神	-	-	-	倭姫命	女	伊勢別宮社伝	-	-	-	-	-	-	DEI-091	[統合済・参照は統合先へ] merged_into:DEI-091(倭姫命を祀る別宮)	under_review	textual	2026-05-25T00:00:00	claude	auto-init: 統合済
DEI-101	級長津彦命	しなつひこのみこと	-	-	風神	男	古事記|日本書紀|風日祈宮社伝	-	-	-	-	-	-	-	風日祈宮主神	verified	textual	2026-05-25T00:00:00	claude	auto-expand Phase 3: main_text_appearance に文献記載
DEI-102	級長戸辺命	しなとべのみこと	-	-	風神	女	日本書紀	-	-	-	DEI-101	-	-	-	風日祈宮主神(級長津彦の妃)	verified	textual	2026-05-25T00:00:00	claude	auto-expand Phase 3: main_text_appearance に文献記載
DEI-103	日本武尊	やまとたけるのみこと	-	-	英雄神	男	古事記|日本書紀	-	-	-	-	-	-	DEI-016	[統合済・参照は統合先へ] merged_into:DEI-016	verified	textual	2026-05-25T00:00:00	claude	auto-expand Phase 3: main_text_appearance に文献記載
DEI-104	草薙剣	くさなぎのつるぎ	天叢雲剣|都牟刈大刀	あめのむらくものつるぎ|つむがりのたち	神宝/神剣	-	古事記|日本書紀	-	-	-	-	-	-	-	三種神器の一、熱田神宮(尾張)。神格化対象としては境界線	verified	textual	2026-05-25T00:00:00	claude	auto-expand Phase 3: main_text_appearance に文献記載
DEI-105	八咫鏡	やたのかがみ	真経津鏡	まふつのかがみ	神宝/神鏡	-	古事記|日本書紀	-	-	-	-	-	-	-	三種神器の一、伊勢神宮内宮神体	verified	textual	2026-05-25T00:00:00	claude	auto-expand Phase 3: main_text_appearance に文献記載
DEI-106	八尺瓊勾玉	やさかにのまがたま	-	-	神宝	-	古事記|日本書紀	-	-	-	-	-	-	-	三種神器の一、皇居(賢所)	verified	textual	2026-05-25T00:00:00	claude	auto-expand Phase 3: main_text_appearance に文献記載
DEI-107	天児屋根命	あめのこやねのみこと	天兒屋命|天児屋命|アメノコヤネ|コヤネ	あめのこやねのみこと|あめのこやね	祝詞神/中臣祖神	男	古事記|日本書紀|新撰姓氏録	-	-	-	-	-	-	-	中臣・藤原氏祖神、春日大社祭神	verified	textual	2026-05-25T00:00:00	claude	auto-expand Phase 3: main_text_appearance に文献記載
DEI-108	太玉命	ふとだまのみこと	太玉命|布刀玉命	ふとだまのみこと	祭祀神/忌部祖神	男	古事記|日本書紀|古語拾遺	-	-	-	-	-	-	-	忌部氏祖神、岩戸神話で太占	verified	textual	2026-05-25T00:00:00	claude	auto-expand Phase 3: main_text_appearance に文献記載
DEI-109	天宇受売命	あめのうずめのみこと	天鈿女命|天宇受賣命|ウズメ	あめのうずめのみこと|うずめ	芸能神/猿女君祖神	女	古事記|日本書紀	-	-	-	-	-	-	-	岩戸神話の踊り神、猿女君祖	verified	textual	2026-05-25T00:00:00	claude	auto-expand Phase 3: main_text_appearance に文献記載
DEI-110	思金神	おもいかねのかみ	思兼神	おもいかねのかみ	知恵神	男	古事記|日本書紀	-	-	-	-	-	-	-	岩戸神話の智謀神	verified	textual	2026-05-25T00:00:00	claude	auto-expand Phase 3: main_text_appearance に文献記載
DEI-111	天手力男命	あめのたぢからおのみこと	天之手力男神	あめのたぢからおのかみ	力神/岩戸開神	男	古事記|日本書紀	-	-	-	-	-	-	-	岩戸を開いた神、戸隠神社祭神	verified	textual	2026-05-25T00:00:00	claude	auto-expand Phase 3: main_text_appearance に文献記載
DEI-112	石凝姥命	いしこりどめのみこと	石凝戸辺命	いしこりとべのみこと	鏡作神	女	古事記|日本書紀	-	-	-	-	-	-	-	鏡作部祖神、八咫鏡を鋳造	verified	textual	2026-05-25T00:00:00	claude	auto-expand Phase 3: main_text_appearance に文献記載
DEI-113	玉祖命	たまのおやのみこと	玉屋命	たまのおやのみこと	玉作神	男	古事記|日本書紀	-	-	-	-	-	-	-	玉祖連祖、八尺瓊勾玉を作る	verified	textual	2026-05-25T00:00:00	claude	auto-expand Phase 3: main_text_appearance に文献記載
DEI-114	天太玉命	あめのふとだまのみこと	太玉命|天太玉|フトダマ	ふとだまのみこと|あめのふとだま	祭祀神/忌部氏祖神	男	古事記|日本書紀|延喜式|古語拾遺	-	-	DEI-108	-	-	-	-	忌部氏 (斎部氏) の祖神。天岩戸神話で天児屋根命と共に占いを担当、勾玉・八咫鏡を奉斎。天孫降臨に随伴。安房神社 (千葉、阿波忌部祖) 等に祀られる	under_review	textual	2026-05-25T00:00:00	claude	古事記神代上・日本書紀神代上・古語拾遺
DEI-115	天富命	あめのとみのみこと	-	-	忌部分流神	男	古語拾遺	-	-	DEI-108	-	-	-	-	阿波忌部祖、天太玉子孫	under_review	textual	2026-05-25T00:00:00	claude	auto-init: 初期値
DEI-116	日臣命	ひのおみのみこと	-	-	大伴祖神	男	古事記|日本書紀	-	-	-	-	-	-	-	大伴連祖神、神武東征の道臣	verified	textual	2026-05-25T00:00:00	claude	auto-expand Phase 3: main_text_appearance に文献記載
DEI-117	道臣命	みちのおみのみこと	-	-	大伴祖神	男	古事記|日本書紀	-	-	-	-	-	-	DEI-116	[統合済・参照は統合先へ] merged_into:DEI-116	verified	textual	2026-05-25T00:00:00	claude	auto-expand Phase 3: main_text_appearance に文献記載
DEI-118	高倉下命	たかくらじのみこと	-	-	武神/紀伊国造祖神	男	古事記|日本書紀	-	-	-	-	-	-	-	神武東征で建御雷の剣を献上	verified	textual	2026-05-25T00:00:00	claude	auto-expand Phase 3: main_text_appearance に文献記載
DEI-119	八咫烏	やたがらす	-	-	導きの神/賀茂氏祖神	-	古事記|日本書紀	-	-	-	-	-	-	-	神武東征の道案内、山城賀茂氏祖	verified	textual	2026-05-25T00:00:00	claude	auto-expand Phase 3: main_text_appearance に文献記載
DEI-120	賀茂建角身命	かもたけつぬみのみこと	-	-	賀茂祖神	男	山城国風土記逸文|古語拾遺	-	八咫烏化身説 L2	-	-	-	-	-	山城賀茂氏祖、八咫烏化身説あり	verified	textual	2026-05-25T00:00:00	claude	auto-expand Phase 3: main_text_appearance に文献記載
DEI-121	玉依姫(賀茂)	-	-	-	賀茂女神	女	山城国風土記逸文	-	-	DEI-120	-	-	-	-	賀茂別雷の母、上賀茂神社祭神	verified	textual	2026-05-25T00:00:00	claude	auto-expand Phase 3: main_text_appearance に文献記載
DEI-122	賀茂別雷命	かもわけいかづちのみこと	-	-	賀茂主神	男	山城国風土記逸文	-	-	-	-	-	-	-	上賀茂神社主祭神	verified	textual	2026-05-25T00:00:00	claude	auto-expand Phase 3: main_text_appearance に文献記載
DEI-123	伊勢津彦	いせつひこ	-	-	伊勢国祖神	男	伊勢国風土記逸文	-	-	-	-	-	-	-	伊勢の国魂、後に信濃へ移ったとも	verified	textual	2026-05-25T00:00:00	claude	auto-expand Phase 3: main_text_appearance に文献記載
DEI-124	大若子命	おおわくごのみこと	-	-	伊勢国造祖神	男	倭姫命世記|皇大神宮儀式帳	-	-	-	-	-	-	-	伊勢国造の祖、倭姫巡幸の従者	under_review	textual	2026-05-25T00:00:00	claude	auto-init: 初期値
DEI-125	田依姫命	たよりひめのみこと	-	-	斎宮祖伝	女	倭姫命世記	-	-	-	-	-	-	-	倭姫命関連	under_review	textual	2026-05-25T00:00:00	claude	auto-init: 初期値
DEI-126	度会神主祖神	-	-	-	度会氏祖神	-	度会家文書	-	-	-	-	-	-	-	度会氏(外宮神主)祖神	under_review	textual	2026-05-25T00:00:00	claude	auto-init: 初期値
DEI-127	荒木田神主祖神	-	-	-	荒木田氏祖神	-	荒木田家文書	-	-	-	-	-	-	-	荒木田氏(内宮神主)祖神	under_review	textual	2026-05-25T00:00:00	claude	auto-init: 初期値
DEI-128	大宮売神	おおみやのめのかみ	-	-	宮中神	女	古事記|延喜式	-	-	-	-	-	-	-	宮中八神の一、神祇官祭祀	verified	textual	2026-05-25T00:00:00	claude	auto-expand Phase 3: main_text_appearance に文献記載
DEI-129	生井神(宮中)	-	-	-	宮中神	男	延喜式	-	-	-	-	-	-	-	宮中八神の一	verified	textual	2026-05-25T00:00:00	claude	auto-expand Phase 3: main_text_appearance に文献記載
DEI-130	福井神(宮中)	-	-	-	宮中神	男	延喜式	-	-	-	-	-	-	-	宮中八神の一	verified	textual	2026-05-25T00:00:00	claude	auto-expand Phase 3: main_text_appearance に文献記載
DEI-131	八坂刀売命(諏訪)	-	-	-	諏訪女神	女	諏訪大社社伝	-	-	-	-	-	-	DEI-029	[統合済・参照は統合先へ] merged_into:DEI-029(同神)	under_review	textual	2026-05-25T00:00:00	claude	auto-init: 統合済
DEI-132	洩矢神	もりやのかみ	守矢神	-	諏訪在来神	男	守矢家文書|諏訪大明神画詞	-	-	-	-	-	-	-	諏訪在来層、タケミナカタ来訪以前の神	under_review	textual	2026-05-25T00:00:00	claude	auto-init: 初期値
DEI-133	ミシャグジ神	みしゃぐじのかみ	御社宮司|シャグチ|サグジ	みしゃぐじ|しゃぐち|さぐじ	諏訪在来神/縄文系候補	-	守矢家文書	-	-	-	-	-	-	-	諏訪上社前宮中心、全国 1000+ 社、縄文残存仮説 L3	under_review	textual	2026-05-25T00:00:00	claude	auto-init: 初期値
DEI-134	大祝諏訪明神	おおほうりすわみょうじん	諏訪大祝	-	諏訪祭祀神	男	諏訪大明神画詞	-	-	-	-	-	-	DEI-010	[統合済・参照は統合先へ] merged_into:DEI-010(タケミナカタ系大祝)	under_review	textual	2026-05-25T00:00:00	claude	auto-init: 統合済
DEI-135	出早雄命	いずはやおのみこと	-	-	諏訪在来神	男	諏訪大社社伝	-	-	-	-	-	-	-	諏訪関連神	under_review	textual	2026-05-25T00:00:00	claude	auto-init: 初期値
DEI-136	八千矛会津姫	-	-	-	諏訪女神	女	諏訪大社社伝	-	-	-	-	-	-	-	諏訪関連神	under_review	textual	2026-05-25T00:00:00	claude	auto-init: 初期値
DEI-137	諏訪大社摂社神々	-	-	-	諏訪摂社	-	諏訪大社社伝	-	-	-	-	-	-	-	諏訪 4 宮の摂社祭神(集合)	under_review	textual	2026-05-25T00:00:00	claude	auto-init: 初期値
DEI-138	武居夷命	たけいえびすのみこと	-	-	諏訪関連	男	諏訪大社社伝	-	-	-	-	-	-	-	諏訪関連神	under_review	textual	2026-05-25T00:00:00	claude	auto-init: 初期値
DEI-139	守矢神長官祖神	-	-	-	守矢氏祖神	男	守矢家文書	-	-	DEI-132	-	-	-	-	守矢氏(神長官)祖神	under_review	textual	2026-05-25T00:00:00	claude	auto-init: 初期値
DEI-140	諏訪明神	-	-	-	諏訪総体	男	諏訪大社社伝|中世神道書	-	-	-	-	-	-	DEI-010	[統合済・参照は統合先へ] merged_into:DEI-010(諏訪明神=タケミナカタ)	under_review	textual	2026-05-25T00:00:00	claude	auto-init: 統合済
DEI-141	諏訪上社主祭神	-	-	-	-	男	-	-	-	-	-	-	-	DEI-010	[統合済・参照は統合先へ] merged_into:DEI-010	under_review	textual	2026-05-25T00:00:00	claude	auto-init: 統合済
DEI-142	諏訪下社主祭神	-	-	-	-	女	-	-	-	-	-	-	-	DEI-029	[統合済・参照は統合先へ] merged_into:DEI-029	under_review	textual	2026-05-25T00:00:00	claude	auto-init: 統合済
DEI-143	八剱神	-	-	-	諏訪関連神	男	八剱神社社伝	-	-	-	-	-	-	-	諏訪八剱神社祭神(諏訪御渡神事)	under_review	textual	2026-05-25T00:00:00	claude	auto-init: 初期値
DEI-144	諏訪大祝氏祖	-	-	-	諏訪氏祖神	男	諏訪大社社伝	-	-	-	-	-	-	-	諏訪氏(大祝)祖神	under_review	textual	2026-05-25T00:00:00	claude	auto-init: 初期値
DEI-145	金刺氏祖神	-	-	-	下社神官祖神	男	諏訪下社社伝	-	-	-	-	-	-	-	金刺氏(下社神官)祖神	under_review	textual	2026-05-25T00:00:00	claude	auto-init: 初期値
DEI-146	出雲建命	いずもたけのみこと	-	-	諏訪在来神	男	諏訪大社社伝	-	-	-	-	-	-	-	諏訪建国神話の登場神	under_review	textual	2026-05-25T00:00:00	claude	auto-init: 初期値
DEI-147	諏訪七神	-	-	-	諏訪在来神(集合)	-	諏訪大社社伝	-	-	-	-	-	-	-	諏訪七神(集合カテゴリ)	under_review	textual	2026-05-25T00:00:00	claude	auto-init: 初期値
DEI-148	諏訪山岳神	-	-	-	山岳神(諏訪)	-	諏訪大社社伝	-	-	-	-	-	-	-	諏訪山岳神(集合)	under_review	textual	2026-05-25T00:00:00	claude	auto-init: 初期値
DEI-149	諏訪龍蛇神	-	-	-	諏訪龍蛇	-	諏訪大社社伝	-	-	-	-	-	-	-	諏訪湖の龍蛇神信仰	under_review	textual	2026-05-25T00:00:00	claude	auto-init: 初期値
DEI-150	弥栄霊神	いやさかれいしん	-	-	諏訪関連	-	諏訪大社社伝	-	-	-	-	-	-	-	-	under_review	textual	2026-05-25T00:00:00	claude	auto-init: 初期値
DEI-151	経津主神(春日)	-	-	-	香取系	男	-	-	-	-	-	-	-	DEI-012	[統合済・参照は統合先へ] merged_into:DEI-012(春日大社祭神 1)	under_review	textual	2026-05-25T00:00:00	claude	auto-init: 統合済
DEI-152	武甕槌神(春日)	-	-	-	鹿島系	男	-	-	-	-	-	-	-	DEI-011	[統合済・参照は統合先へ] merged_into:DEI-011(春日大社祭神 2)	under_review	textual	2026-05-25T00:00:00	claude	auto-init: 統合済
DEI-153	天児屋根命(春日)	-	-	-	中臣祖	男	-	-	-	-	-	-	-	DEI-107	[統合済・参照は統合先へ] merged_into:DEI-107(春日大社祭神 3)	under_review	textual	2026-05-25T00:00:00	claude	auto-init: 統合済
DEI-154	比売大神(春日)	-	-	-	春日女神	女	春日大社社伝	-	-	-	-	-	-	-	春日大社祭神 4(中臣氏始祖の妻とも)	under_review	textual	2026-05-25T00:00:00	claude	auto-init: 初期値
DEI-155	若宮神	わかみやのかみ	-	-	春日若宮	男	春日大社社伝	-	-	DEI-107|DEI-154	-	-	-	-	春日若宮神社祭神	under_review	textual	2026-05-25T00:00:00	claude	auto-init: 初期値
DEI-156	香取大神	かとりのおおかみ	-	-	香取祖神	男	香取神宮社伝	-	-	-	-	-	-	DEI-012	[統合済・参照は統合先へ] merged_into:DEI-012	under_review	textual	2026-05-25T00:00:00	claude	auto-init: 統合済
DEI-157	鹿島大神	かしまのおおかみ	-	-	鹿島祖神	男	鹿島神宮社伝	-	-	-	-	-	-	DEI-011	[統合済・参照は統合先へ] merged_into:DEI-011	under_review	textual	2026-05-25T00:00:00	claude	auto-init: 統合済
DEI-158	息栖神	いきすのかみ	-	-	東国三社神	男	息栖神社社伝	-	-	-	-	-	-	-	息栖神社祭神(東国三社の一)	under_review	textual	2026-05-25T00:00:00	claude	auto-init: 初期値
DEI-159	卜部祖神	-	-	-	卜部氏祖神	男	新撰姓氏録	-	-	-	-	-	-	-	卜部氏祖神	under_review	textual	2026-05-25T00:00:00	claude	auto-init: 初期値
DEI-160	武内宿禰	たけうちのすくね	-	-	人神(長寿)	男	古事記|日本書紀	-	-	-	-	-	-	-	紀氏・葛城氏祖、5 帝に仕える	verified	textual	2026-05-25T00:00:00	claude	auto-expand Phase 3: main_text_appearance に文献記載
DEI-161	綿津見神(底津)	そこつわたつみのかみ	-	-	海神	男	古事記|日本書紀	-	-	DEI-005	-	-	-	-	ワタツミ三神(底)	verified	textual	2026-05-25T00:00:00	claude	auto-expand Phase 3: main_text_appearance に文献記載
DEI-162	綿津見神(中津)	なかつわたつみのかみ	-	-	海神	男	古事記|日本書紀	-	-	DEI-005	-	-	-	-	ワタツミ三神(中)	verified	textual	2026-05-25T00:00:00	claude	auto-expand Phase 3: main_text_appearance に文献記載
DEI-163	綿津見神(上津)	うわつわたつみのかみ	-	-	海神	男	古事記|日本書紀	-	-	DEI-005	-	-	-	-	ワタツミ三神(上)	verified	textual	2026-05-25T00:00:00	claude	auto-expand Phase 3: main_text_appearance に文献記載
DEI-164	住吉神(底筒)	そこつつのおのかみ	-	-	海路神	男	古事記|日本書紀	-	-	DEI-005	-	-	-	-	住吉三神(底)	verified	textual	2026-05-25T00:00:00	claude	auto-expand Phase 3: main_text_appearance に文献記載
DEI-165	住吉神(中筒)	なかつつのおのかみ	-	-	海路神	男	古事記|日本書紀	-	-	DEI-005	-	-	-	-	住吉三神(中)	verified	textual	2026-05-25T00:00:00	claude	auto-expand Phase 3: main_text_appearance に文献記載
DEI-166	住吉神(表筒)	うわつつのおのかみ	-	-	海路神	男	古事記|日本書紀	-	-	DEI-005	-	-	-	-	住吉三神(上)	verified	textual	2026-05-25T00:00:00	claude	auto-expand Phase 3: main_text_appearance に文献記載
DEI-167	阿曇磯良	あづみのいそら	安曇磯良	あづみのいそら	阿曇族祖	男	筑前国風土記逸文|諸記録	-	-	-	-	-	-	-	阿曇族(志賀海)祖神、海人英雄	verified	textual	2026-05-25T00:00:00	claude	auto-expand Phase 3: main_text_appearance に文献記載
DEI-168	大綿津見神	おおわたつみのかみ	-	-	海神総体	男	古事記|日本書紀	-	-	-	-	-	-	-	海神宮の主、豊玉姫の父	verified	textual	2026-05-25T00:00:00	claude	auto-expand Phase 3: main_text_appearance に文献記載
DEI-169	阿曇連祖神	-	-	-	阿曇族祖神	男	新撰姓氏録	-	-	DEI-167	-	-	-	-	阿曇連祖神	under_review	textual	2026-05-25T00:00:00	claude	auto-init: 初期値
DEI-170	住吉氏祖神	-	-	-	住吉氏祖神	男	新撰姓氏録	-	-	-	-	-	-	-	住吉氏祖神	under_review	textual	2026-05-25T00:00:00	claude	auto-init: 初期値
DEI-171	宗像君祖神	-	-	-	宗像氏祖神	男	新撰姓氏録	-	-	DEI-017	-	-	-	-	宗像氏(胸形君)祖神	under_review	textual	2026-05-25T00:00:00	claude	auto-init: 初期値
DEI-172	海部氏祖神	-	-	-	海部氏祖神	男	海部氏系図(国宝)	-	-	-	-	-	-	-	海部氏祖神(籠神社)	under_review	textual	2026-05-25T00:00:00	claude	auto-init: 初期値
DEI-173	尾張氏祖神	-	-	-	尾張氏祖神	男	新撰姓氏録	-	-	-	-	-	-	-	尾張氏祖神	under_review	textual	2026-05-25T00:00:00	claude	auto-init: 初期値
DEI-174	大山積大神	おおやまづみのおおかみ	-	-	山神/海神(三島)	男	大山祇神社社伝	-	-	-	-	-	-	DEI-064	[統合済・参照は統合先へ] merged_into:DEI-064(伊予三島系)	under_review	textual	2026-05-25T00:00:00	claude	auto-init: 統合済
DEI-175	籠神社主祭神	-	-	-	元伊勢候補	男	籠神社社伝	-	-	-	-	-	-	-	元伊勢候補(L2)	under_review	textual	2026-05-25T00:00:00	claude	auto-init: 初期値
DEI-176	豊葦原中津国海神	-	-	-	海神総体	-	古事記|日本書紀	-	-	-	-	-	-	-	国譲り神話関連の海神	verified	textual	2026-05-25T00:00:00	claude	auto-expand Phase 3: main_text_appearance に文献記載
DEI-177	綿津見三神総体	-	-	-	海神	-	古事記	-	-	-	-	-	-	-	綿津見三神の集合表記	verified	textual	2026-05-25T00:00:00	claude	auto-expand Phase 3: main_text_appearance に文献記載
DEI-178	和多都美	わたつみ	-	-	海神	-	諸記録	-	-	-	-	-	-	-	対馬・壱岐の海神祭祀	under_review	textual	2026-05-25T00:00:00	claude	auto-init: 初期値
DEI-179	豊比命	とよひめのみこと	-	-	豊神(海人系)	女	諸記録	-	-	-	-	-	-	-	豊比咩神社(七尾)祭神	under_review	textual	2026-05-25T00:00:00	claude	auto-init: 初期値
DEI-180	安曇磯良丸	-	-	-	阿曇英雄	男	諸記録	-	-	DEI-167	-	-	-	DEI-167	[統合済・参照は統合先へ] merged_into:DEI-167	under_review	textual	2026-05-25T00:00:00	claude	auto-init: 統合済
DEI-181	八幡神	はちまんしん	八幡大神|八幡大菩薩	はちまんおおかみ|はちまんだいぼさつ	武神/王権神	男	続日本紀|宇佐宮御託宣集	阿弥陀如来(中世)	応神天皇習合	-	-	-	-	-	宇佐神宮主祭神、応神=八幡同体説 L1	under_review	textual	2026-05-25T00:00:00	claude	auto-init: 初期値
DEI-182	応神天皇	おうじんてんのう	誉田別命|品陀和気命	ほむたわけのみこと	皇統	男	古事記|日本書紀	八幡神(平安以降)	-	-	-	-	-	-	八幡神=応神同体(中世以降)	verified	textual	2026-05-25T00:00:00	claude	auto-expand Phase 3: main_text_appearance に文献記載
DEI-183	神功皇后	じんぐうこうごう	気長足姫尊	おきながたらしひめのみこと	皇后/武神	女	古事記|日本書紀	-	-	-	-	-	-	-	八幡三神の母神、三韓征討伝	verified	textual	2026-05-25T00:00:00	claude	auto-expand Phase 3: main_text_appearance に文献記載
DEI-184	比売大神(宇佐)	ひめのおおかみ(うさ)	-	-	八幡比売	女	宇佐宮御託宣集	-	卑弥呼=比売大神説 L4	-	-	-	-	-	宇佐神宮第二殿祭神、卑弥呼同体説あり	under_review	textual	2026-05-25T00:00:00	claude	auto-init: 初期値
DEI-185	武内宿禰(八幡)	-	-	-	八幡関連	男	-	-	-	-	-	-	-	DEI-160	[統合済・参照は統合先へ] merged_into:DEI-160(石清水八幡宮配祀)	under_review	textual	2026-05-25T00:00:00	claude	auto-init: 統合済
DEI-186	高良大神	こうらのおおかみ	-	-	筑後一宮神	男	高良大社社伝	-	-	DEI-160	-	-	-	-	高良大社主祭神(武内宿禰の子孫?)	under_review	textual	2026-05-25T00:00:00	claude	auto-init: 初期値
DEI-187	宇佐津彦	うさつひこ	-	-	宇佐祖神	男	書紀|諸記録	-	-	-	-	-	-	-	宇佐の祖神(神武東征関連)	under_review	textual	2026-05-25T00:00:00	claude	auto-init: 初期値
DEI-188	宇佐津姫	うさつひめ	-	-	宇佐女神	女	書紀	-	-	-	-	-	-	-	-	under_review	textual	2026-05-25T00:00:00	claude	auto-init: 初期値
DEI-189	辛島氏祖神	-	-	-	辛島氏祖神	男	諸記録	-	-	-	-	-	-	-	宇佐神宮神職氏族	under_review	textual	2026-05-25T00:00:00	claude	auto-init: 初期値
DEI-190	大神氏祖神	-	-	-	大神氏祖神	男	諸記録	-	-	DEI-014	-	-	-	-	大神氏(三輪・宇佐神官)祖神	under_review	textual	2026-05-25T00:00:00	claude	auto-init: 初期値
DEI-191	蔵王権現	ざおうごんげん	金剛蔵王権現	こんごうざおうごんげん	修験権現	男	諸修験書|本山派文書	釈迦・観音・弥勒(三尊)	-	-	-	-	-	-	大峰山(吉野)主神、修験道中核	under_review	textual	2026-05-25T00:00:00	claude	auto-init: 初期値
DEI-192	熊野速玉大神	くまのはやたまのおおかみ	-	-	熊野権現	男	熊野権現御垂迹縁起	薬師如来	-	-	-	-	-	-	熊野速玉大社主祭神	under_review	textual	2026-05-25T00:00:00	claude	auto-init: 初期値
DEI-193	熊野夫須美大神	くまのふすみのおおかみ	-	-	熊野権現	女	熊野権現御垂迹縁起	千手観音	-	-	-	-	-	-	熊野那智大社主祭神	under_review	textual	2026-05-25T00:00:00	claude	auto-init: 初期値
DEI-194	家都美御子大神	けつみみこのおおかみ	-	-	熊野権現	男	熊野権現御垂迹縁起	阿弥陀如来	スサノオ習合(中世)	-	-	-	-	-	熊野本宮大社主祭神	under_review	textual	2026-05-25T00:00:00	claude	auto-init: 初期値
DEI-195	白山妙理権現	はくさんみょうりごんげん	白山比咩大神	しらやまひめのおおかみ	白山主神	女	白山社伝|諸修験書	十一面観音	ククリヒメ習合	-	-	-	-	-	白山比咩神社主祭神、全国白山系2700+	under_review	textual	2026-05-25T00:00:00	claude	auto-init: 初期値
DEI-196	菊理媛神	くくりひめのかみ	白山比咩	しらやまひめ	白山祖神/和合神	女	日本書紀	-	-	-	-	-	-	DEI-195	[統合済・参照は統合先へ] merged_into:DEI-195	verified	textual	2026-05-25T00:00:00	claude	auto-expand Phase 3: main_text_appearance に文献記載
DEI-197	富士浅間大神	ふじせんげんおおかみ	-	-	富士山主神	女	浅間社伝	大日如来(中世)	コノハナサクヤ習合	-	-	-	-	-	富士山本宮浅間大社主祭神	under_review	textual	2026-05-25T00:00:00	claude	auto-init: 初期値
DEI-198	浅間大神	せんげんのおおかみ	-	-	浅間総体	-	-	-	-	-	-	-	-	DEI-197	[統合済・参照は統合先へ] merged_into:DEI-197	under_review	textual	2026-05-25T00:00:00	claude	auto-init: 統合済
DEI-199	大山祇神(伊予)	-	-	-	山神	男	-	-	-	-	-	-	-	DEI-064	[統合済・参照は統合先へ] merged_into:DEI-064	under_review	textual	2026-05-25T00:00:00	claude	auto-init: 統合済
DEI-200	大山咋神	おおやまくいのかみ	山末之大主神	やますえのおおぬしのかみ	山王神	男	古事記	山王権現(中世)	-	-	-	-	-	-	日吉大社・松尾大社祭神	verified	textual	2026-05-25T00:00:00	claude	auto-expand Phase 3: main_text_appearance に文献記載
DEI-201	山王権現	さんのうごんげん	山王日吉大権現	-	山王神道	男	山王神道書	大山咋神同体	-	-	-	-	-	DEI-200	[統合済・参照は統合先へ] merged_into:DEI-200(中世以降の習合表記)	under_review	textual	2026-05-25T00:00:00	claude	auto-init: 統合済
DEI-202	月山権現	がっさんごんげん	-	-	出羽三山	男	出羽三山社伝	阿弥陀如来	月読命同体(出羽)	-	-	-	-	-	月山神社主祭神	under_review	textual	2026-05-25T00:00:00	claude	auto-init: 初期値
DEI-203	羽黒権現	はぐろごんげん	羽黒大神	はぐろおおかみ	出羽三山	-	出羽三山社伝	観世音菩薩	-	-	-	-	-	-	出羽神社主祭神	under_review	textual	2026-05-25T00:00:00	claude	auto-init: 初期値
DEI-204	湯殿権現	ゆどのごんげん	湯殿大神	ゆどのおおかみ	出羽三山	-	出羽三山社伝	大日如来	-	-	-	-	-	-	湯殿山神社主祭神	under_review	textual	2026-05-25T00:00:00	claude	auto-init: 初期値
DEI-205	立山権現	たてやまごんげん	-	-	立山	男	立山社伝	阿弥陀如来	-	-	-	-	-	-	立山地獄信仰の核	under_review	textual	2026-05-25T00:00:00	claude	auto-init: 初期値
DEI-206	戸隠九頭龍権現	とがくしくずりゅうごんげん	-	-	戸隠	-	戸隠社伝	-	九頭龍信仰	-	-	-	-	-	戸隠神社祭神	under_review	textual	2026-05-25T00:00:00	claude	auto-init: 初期値
DEI-207	天手力雄命(戸隠)	-	-	-	岩戸神(戸隠)	男	-	-	-	-	-	-	-	DEI-111	[統合済・参照は統合先へ] merged_into:DEI-111	under_review	textual	2026-05-25T00:00:00	claude	auto-init: 統合済
DEI-208	御嶽大神	おんたけのおおかみ	-	-	御嶽山	男	御嶽社伝	-	-	-	-	-	-	-	木曽御嶽山主神	under_review	textual	2026-05-25T00:00:00	claude	auto-init: 初期値
DEI-209	富士講	ふじこう	-	-	-	-	諸修験書	-	-	-	-	-	-	-	富士講の代表神格(集合)	under_review	textual	2026-05-25T00:00:00	claude	auto-init: 初期値
DEI-210	山伏	やまぶし	-	-	修験者集団	-	諸修験書	-	-	-	-	-	-	-	修験者(集合カテゴリ)	under_review	textual	2026-05-25T00:00:00	claude	auto-init: 初期値
DEI-211	役小角	えんのおづの	役行者|神変大菩薩	えんのぎょうじゃ|じんべんだいぼさつ	修験道祖	男	諸修験書	-	-	-	-	-	-	-	修験道の祖、葛城→吉野→熊野→大峰	under_review	textual	2026-05-25T00:00:00	claude	auto-init: 初期値
DEI-212	吉野権現	-	-	-	吉野総体	-	-	-	-	-	-	-	-	DEI-191	[統合済・参照は統合先へ] merged_into:DEI-191	under_review	textual	2026-05-25T00:00:00	claude	auto-init: 統合済
DEI-213	高野山弘法大師	こうぼうだいし	空海	くうかい	真言密教祖	男	真言密教書	-	-	-	-	-	-	-	真言密教祖、両部神道との関連	under_review	textual	2026-05-25T00:00:00	claude	auto-init: 初期値
DEI-214	日吉山王二十一社	-	-	-	日吉山王集合	-	山王神道書	-	-	-	-	-	-	-	日吉大社の山王二十一社祭神	under_review	textual	2026-05-25T00:00:00	claude	auto-init: 初期値
DEI-215	貴船神	きふねのかみ	高龗神	たかおかみのかみ	水神/雨神	男	貴船神社社伝	-	-	-	-	-	-	-	貴船神社主祭神(京都)	under_review	textual	2026-05-25T00:00:00	claude	auto-init: 初期値
DEI-216	龍田大社神	たつたのかみ	級長津彦|級長戸辺	-	風神(龍田)	-	龍田大社社伝	-	-	-	-	-	-	-	大和龍田大社祭神(風神)	under_review	textual	2026-05-25T00:00:00	claude	auto-init: 初期値
DEI-217	廣瀬大社神	ひろせのかみ	若宇加能売命	わかうかのめのみこと	水神	女	延喜式	-	-	-	-	-	-	-	大和廣瀬大社祭神(水神)	verified	textual	2026-05-25T00:00:00	claude	auto-expand Phase 3: main_text_appearance に文献記載
DEI-218	愛宕権現	あたごごんげん	-	-	火防神	男	愛宕社伝	勝軍地蔵	-	-	-	-	-	-	山城愛宕神社、火防祭祀	under_review	textual	2026-05-25T00:00:00	claude	auto-init: 初期値
DEI-219	秋葉権現	あきはごんげん	-	-	火防神	男	秋葉社伝	観音菩薩	-	-	-	-	-	-	遠江秋葉山本宮、近世火防信仰	under_review	textual	2026-05-25T00:00:00	claude	auto-init: 初期値
DEI-220	那智大滝	なちのおおたき	-	-	滝神	-	那智大社社伝	-	-	-	-	-	-	-	那智大社の自然神格	under_review	textual	2026-05-25T00:00:00	claude	auto-init: 初期値
DEI-221	金山彦神	かなやまひこのかみ	-	-	金属神総体	男	古事記|日本書紀	-	-	DEI-006	-	-	-	-	南宮大社(美濃一宮)主祭神、伊邪那美苦悶から	verified	textual	2026-05-25T00:00:00	claude	auto-expand Phase 3: main_text_appearance に文献記載
DEI-222	金山姫神	かなやまひめのかみ	-	-	金属女神	女	古事記|日本書紀	-	-	DEI-006	-	-	-	-	金山彦の対神	verified	textual	2026-05-25T00:00:00	claude	auto-expand Phase 3: main_text_appearance に文献記載
DEI-223	金屋子神	かなやごのかみ	-	-	製鉄神(出雲)	女	諸社伝|金屋子神祭文	-	-	-	-	-	-	-	奥出雲たたら(山内・絲原・桜井)祭神	under_review	textual	2026-05-25T00:00:00	claude	auto-init: 初期値
DEI-224	天目一箇神	あめのまひとつのかみ	-	-	鍛冶神	男	古語拾遺	-	-	-	-	-	-	-	忌部氏祖の鍛冶神	under_review	textual	2026-05-25T00:00:00	claude	auto-init: 初期値
DEI-225	天津麻羅	あまつまら	-	-	鍛冶神	男	古事記	-	-	-	-	-	-	-	鏡作の鍛冶神(石凝姥と並ぶ)	verified	textual	2026-05-25T00:00:00	claude	auto-expand Phase 3: main_text_appearance に文献記載
DEI-226	南宮大神	なんぐうのおおかみ	-	-	金属神	男	-	-	-	-	-	-	-	DEI-221	[統合済・参照は統合先へ] merged_into:DEI-221	under_review	textual	2026-05-25T00:00:00	claude	auto-init: 統合済
DEI-227	伊吹山神	いぶきやまのかみ	-	-	山神/疫神	男	古事記|日本書紀|伊吹山社伝	-	-	-	-	-	-	-	ヤマトタケル白猪伝説、近江一宮	verified	textual	2026-05-25T00:00:00	claude	auto-expand Phase 3: main_text_appearance に文献記載
DEI-228	日御碕神(夜守)	-	-	-	夜守神	男	-	-	-	-	-	-	-	DEI-080	[統合済・参照は統合先へ] merged_into:DEI-080	under_review	textual	2026-05-25T00:00:00	claude	auto-init: 統合済
DEI-229	南宮大社配祀神	-	-	-	南宮配祀	-	南宮大社社伝	-	-	-	-	-	-	-	金山彦周辺の配祀神	under_review	textual	2026-05-25T00:00:00	claude	auto-init: 初期値
DEI-230	桜井茶臼山祭神	-	-	-	古墳期祭祀神	-	桜井茶臼山古墳発掘	-	-	-	-	-	-	-	古墳期の祭祀神(被葬者)	under_review	textual	2026-05-25T00:00:00	claude	auto-init: 初期値
DEI-231	軻遇突智	かぐつち	迦具土神	かぐつち	火神	男	古事記|日本書紀	-	-	-	-	-	-	DEI-066	[統合済・参照は統合先へ] merged_into:DEI-066	verified	textual	2026-05-25T00:00:00	claude	auto-expand Phase 3: main_text_appearance に文献記載
DEI-232	火之夜芸速男神	-	-	-	火神	男	古事記	-	-	-	-	-	-	DEI-066	[統合済・参照は統合先へ] merged_into:DEI-066(同神異表記)	verified	textual	2026-05-25T00:00:00	claude	auto-expand Phase 3: main_text_appearance に文献記載
DEI-233	健磐龍命	たけいわたつのみこと	-	-	阿蘇主神	男	阿蘇社伝	-	-	DEI-015	-	-	-	-	阿蘇神社主祭神、阿蘇カルデラ蹴破	under_review	textual	2026-05-25T00:00:00	claude	auto-init: 初期値
DEI-234	阿蘇都比咩命	あそつひめのみこと	-	-	阿蘇女神	女	阿蘇社伝	-	-	-	DEI-233	-	-	-	阿蘇神社、健磐龍命の妃	under_review	textual	2026-05-25T00:00:00	claude	auto-init: 初期値
DEI-235	国造速甕玉命	くにのみやつこはやみかたまのみこと	-	-	阿蘇国造祖	男	阿蘇社伝	-	-	DEI-233	-	-	-	-	阿蘇神社、阿蘇国造祖	under_review	textual	2026-05-25T00:00:00	claude	auto-init: 初期値
DEI-236	霧島神	きりしまのかみ	-	-	霧島主神	-	霧島社伝	-	高千穂峰=ニニギ降臨地 L2	-	-	-	-	-	霧島神宮主祭神	under_review	textual	2026-05-25T00:00:00	claude	auto-init: 初期値
DEI-237	桜島神	さくらじまのかみ	-	-	桜島	-	諸記録	-	-	-	-	-	-	-	桜島火山祭祀	under_review	textual	2026-05-25T00:00:00	claude	auto-init: 初期値
DEI-238	高千穂峰祭神	-	-	-	霧島系	-	霧島社伝	-	-	-	-	-	-	DEI-236	[統合済・参照は統合先へ] merged_into:DEI-236	under_review	textual	2026-05-25T00:00:00	claude	auto-init: 統合済
DEI-239	阿多都姫命	あたつひめのみこと	-	-	南九州女神	女	古事記|日本書紀	-	-	-	-	-	-	DEI-083	[統合済・参照は統合先へ] merged_into:DEI-083(コノハナサクヤ)	verified	textual	2026-05-25T00:00:00	claude	auto-expand Phase 3: main_text_appearance に文献記載
DEI-240	豊国主神	とよくにぬしのかみ	-	-	豊前主神	男	諸記録	-	-	-	-	-	-	-	豊前国神格	under_review	textual	2026-05-25T00:00:00	claude	auto-init: 初期値
DEI-241	彦火火出見尊(隼人)	-	-	-	隼人祖系	男	-	-	-	-	-	-	-	DEI-085	[統合済・参照は統合先へ] merged_into:DEI-085	under_review	textual	2026-05-25T00:00:00	claude	auto-init: 統合済
DEI-242	火闌降命	ほすそりのみこと	-	-	隼人祖	男	日本書紀	-	-	-	-	-	-	-	隼人(海幸彦末裔)祖	verified	textual	2026-05-25T00:00:00	claude	auto-expand Phase 3: main_text_appearance に文献記載
DEI-243	日向の御子諸神	-	-	-	日向集合	-	古事記|日本書紀	-	-	-	-	-	-	-	日向系皇統諸神(集合)	verified	textual	2026-05-25T00:00:00	claude	auto-expand Phase 3: main_text_appearance に文献記載
DEI-244	阿蘇下宮神	-	-	-	阿蘇配祀	-	阿蘇社伝	-	-	-	-	-	-	-	阿蘇神社配祀(下宮)	under_review	textual	2026-05-25T00:00:00	claude	auto-init: 初期値
DEI-245	英彦山三所権現	-	-	-	英彦山	-	英彦山修験書	-	-	-	-	-	-	-	豊前英彦山修験(九州山岳修験中核)	under_review	textual	2026-05-25T00:00:00	claude	auto-init: 初期値
DEI-246	宗像三女神(沖津)	-	-	-	-	女	-	-	-	-	-	-	-	DEI-017	[統合済・参照は統合先へ] merged_into:DEI-017	under_review	textual	2026-05-25T00:00:00	claude	auto-init: 統合済
DEI-247	高千穂祭神(日向)	-	-	-	高千穂(日向)	-	諸社伝	-	高千穂峡=ニニギ降臨地 L2	-	-	-	-	-	日向高千穂峡側祭神(霧島と論争 L2)	under_review	textual	2026-05-25T00:00:00	claude	auto-init: 初期値
DEI-248	阿蘇火口神	-	-	-	阿蘇	-	-	-	-	-	-	-	-	-	阿蘇火口の神格(諸社伝)	under_review	textual	2026-05-25T00:00:00	claude	auto-init: 初期値
DEI-249	霧島権現	-	-	-	霧島	-	-	-	-	-	-	-	-	DEI-236	[統合済・参照は統合先へ] merged_into:DEI-236	under_review	textual	2026-05-25T00:00:00	claude	auto-init: 統合済
DEI-250	桜島権現	-	-	-	桜島	-	-	-	-	-	-	-	-	-	桜島の権現	under_review	textual	2026-05-25T00:00:00	claude	auto-init: 初期値
DEI-251	伊弉冉(熊野)	-	-	-	熊野	-	-	-	-	-	-	-	-	DEI-006	[統合済・参照は統合先へ] merged_into:DEI-006(熊野速玉大社配祀)	under_review	textual	2026-05-25T00:00:00	claude	auto-init: 統合済
DEI-252	琉球諸島御嶽神	-	-	-	琉球	-	おもろさうし	-	-	-	-	-	-	-	琉球諸島の御嶽神(集合)	under_review	textual	2026-05-25T00:00:00	claude	auto-init: 初期値
DEI-253	アマミキヨ	あまみきよ	-	-	琉球創世神	女	おもろさうし	-	-	-	-	-	-	-	琉球創世神(女神)	under_review	textual	2026-05-25T00:00:00	claude	auto-init: 初期値
DEI-254	シネリキヨ	しねりきよ	-	-	琉球創世神	男	おもろさうし	-	-	-	DEI-253	-	-	-	アマミキヨの夫	under_review	textual	2026-05-25T00:00:00	claude	auto-init: 初期値
DEI-255	ニライカナイ神	にらいかないのかみ	-	-	琉球他界神	-	おもろさうし	-	-	-	-	-	-	-	海の彼方の他界、補陀落浄土と類縁 L2	under_review	textual	2026-05-25T00:00:00	claude	auto-init: 初期値
DEI-256	君手摩神	きみてまのかみ	-	-	琉球王朝	-	おもろさうし	-	-	-	-	-	-	-	琉球王朝祭祀	under_review	textual	2026-05-25T00:00:00	claude	auto-init: 初期値
DEI-257	聞得大君	きこえおおぎみ	-	-	琉球最高巫女	女	琉球王国祭祀	-	-	-	-	-	-	-	王国最高神官(王女兼任)	under_review	textual	2026-05-25T00:00:00	claude	auto-init: 初期値
DEI-258	斎場御嶽神	せーふぁうたきのかみ	-	-	琉球聖地神	女	琉球王国祭祀	-	-	-	-	-	-	-	斎場御嶽の神(琉球最高聖地)	under_review	textual	2026-05-25T00:00:00	claude	auto-init: 初期値
DEI-259	久高島神	くだかじまのかみ	-	-	琉球聖島神	-	琉球祭祀	-	-	-	-	-	-	-	久高島(琉球創世神話の島)	under_review	textual	2026-05-25T00:00:00	claude	auto-init: 初期値
DEI-260	秦氏祖神	はたしそじん	-	-	秦氏祖神	男	新撰姓氏録	-	秦の始皇帝末裔伝(L4)	-	-	-	-	-	秦氏(山城)祖神、伏見稲荷・松尾・広隆寺	under_review	textual	2026-05-25T00:00:00	claude	auto-init: 初期値
DEI-261	伏見稲荷主神	-	-	-	稲荷	-	-	-	-	-	-	-	-	DEI-032	[統合済・参照は統合先へ] merged_into:DEI-032	under_review	textual	2026-05-25T00:00:00	claude	auto-init: 統合済
DEI-262	松尾大神	まつおのおおかみ	大山咋神(松尾)	-	松尾	男	-	-	大山咋神同体	-	-	-	-	DEI-200	[統合済・参照は統合先へ] merged_into:DEI-200	under_review	textual	2026-05-25T00:00:00	claude	auto-init: 統合済
DEI-263	東漢氏祖神	-	-	-	東漢氏祖神	男	新撰姓氏録	-	-	-	-	-	-	-	東漢(やまとのあや)氏祖	under_review	textual	2026-05-25T00:00:00	claude	auto-init: 初期値
DEI-264	阿知使主	あちのおみ	-	-	東漢氏祖	男	日本書紀	-	-	-	-	-	-	-	応神朝来朝、東漢氏祖	verified	textual	2026-05-25T00:00:00	claude	auto-expand Phase 3: main_text_appearance に文献記載
DEI-265	西文氏祖神	-	-	-	西文氏祖	男	新撰姓氏録	-	-	-	-	-	-	-	西文(かわちのふみ)氏祖	under_review	textual	2026-05-25T00:00:00	claude	auto-init: 初期値
DEI-266	王仁	わに	和邇吉師	わにきし	西文祖	男	古事記|日本書紀	-	-	-	-	-	-	-	論語伝来、西文祖	verified	textual	2026-05-25T00:00:00	claude	auto-expand Phase 3: main_text_appearance に文献記載
DEI-267	百済王神	くだらのこにきしのかみ	-	-	百済王氏祖神	男	新撰姓氏録|諸記録	-	-	-	-	-	-	-	百済王氏祖、河内の百済王神社	under_review	textual	2026-05-25T00:00:00	claude	auto-init: 初期値
DEI-268	高麗氏祖神	-	-	-	高麗氏祖神	男	諸記録	-	-	-	-	-	-	-	武蔵高麗郡、高麗神社	under_review	textual	2026-05-25T00:00:00	claude	auto-init: 初期値
DEI-269	天日矛	あめのひぼこ	天之日矛|海檜槍	あめのひぼこ	新羅王子(渡来)	男	古事記|日本書紀|播磨国風土記	-	-	-	-	-	-	-	新羅王子伝、出石神社祭神	verified	textual	2026-05-25T00:00:00	claude	auto-expand Phase 3: main_text_appearance に文献記載
DEI-270	伊和大神	いわのおおかみ	-	-	播磨主神	男	播磨国風土記	-	-	-	-	-	-	-	播磨国風土記主役、出雲大国主と国占争い	verified	textual	2026-05-25T00:00:00	claude	auto-init: 記紀・延喜式記載
DEI-271	伊和都比売	いわつひめ	-	-	播磨女神	女	播磨国風土記	-	-	-	-	-	-	-	伊和大神の妃	verified	textual	2026-05-25T00:00:00	claude	auto-expand Phase 3: main_text_appearance に文献記載
DEI-272	アラハバキ	あらはばき	荒脛巾神|門客人神	-	東北客人神	-	諸民俗|門客人神社縁起	-	縄文系/アイヌ系説 L4	-	-	-	-	-	東北・関東の客人神、縄文残存仮説 L4	under_review	textual	2026-05-25T00:00:00	claude	auto-init: 初期値
DEI-273	岩木山大神	いわきやまのおおかみ	-	-	岩木山	男	岩木山神社社伝	-	-	-	-	-	-	-	岩木山神社祭神(津軽)	under_review	textual	2026-05-25T00:00:00	claude	auto-init: 初期値
DEI-274	早池峰大神	はやちねのおおかみ	-	-	早池峰	女	遠野物語|早池峰神社社伝	-	-	-	-	-	-	-	早池峰神社祭神(陸中)、遠野民俗	under_review	textual	2026-05-25T00:00:00	claude	auto-init: 初期値
DEI-275	月山大神	がっさんのおおかみ	-	-	月山	男	-	-	-	-	-	-	-	DEI-202	[統合済・参照は統合先へ] merged_into:DEI-202	under_review	textual	2026-05-25T00:00:00	claude	auto-init: 統合済
DEI-276	塩土老翁	しおつちのおじ	-	-	塩竈祖神	男	古事記|日本書紀|塩竈神社社伝	-	-	-	-	-	-	-	塩竈神社祖神、海幸山幸で山幸を導く	verified	textual	2026-05-25T00:00:00	claude	auto-expand Phase 3: main_text_appearance に文献記載
DEI-277	志波彦大神	しわひこのおおかみ	-	-	陸奥延喜式	男	延喜式	-	-	-	-	-	-	-	陸奥延喜式に記載、塩竈神社摂社	verified	textual	2026-05-25T00:00:00	claude	auto-init: 記紀・延喜式記載
DEI-278	武甕槌の鹿	-	-	-	春日鹿	-	-	-	-	DEI-011	-	-	-	-	武甕槌が鹿に乗って春日へ来た伝	under_review	textual	2026-05-25T00:00:00	claude	auto-init: 初期値
DEI-279	日光二荒山神	にっこうふたらさんのかみ	-	-	日光	男	日光二荒山社伝	-	-	-	-	-	-	-	日光二荒山神社主祭神	under_review	textual	2026-05-25T00:00:00	claude	auto-init: 初期値
DEI-280	赤城大神	あかぎのおおかみ	-	-	上野赤城	男	赤城神社社伝	-	-	-	-	-	-	-	赤城神社主祭神(上野)	under_review	textual	2026-05-25T00:00:00	claude	auto-init: 初期値
DEI-281	浅間大神(信濃)	-	-	-	信濃浅間	-	-	-	-	-	-	-	-	-	信濃浅間神社系統(富士本宮浅間と区別)	under_review	textual	2026-05-25T00:00:00	claude	auto-init: 初期値
DEI-282	八ヶ岳大神	-	-	-	信濃八ヶ岳	-	-	-	-	-	-	-	-	-	八ヶ岳の山岳神(諏訪関連)	under_review	textual	2026-05-25T00:00:00	claude	auto-init: 初期値
DEI-284	安曇族祖神(信濃)	-	-	-	安曇野	-	諸記録	-	-	-	-	-	-	DEI-583	[統合済・参照は統合先へ] merged_into:DEI-283	under_review	textual	2026-05-25T00:00:00	claude	auto-init: 統合済
DEI-285	国魂神(陸奥)	-	-	-	陸奥	-	延喜式	-	-	-	-	-	-	-	陸奥延喜式の国魂神	verified	textual	2026-05-25T00:00:00	claude	auto-init: 記紀・延喜式記載
DEI-286	伊豆山神	いずさんのかみ	-	-	伊豆	男	伊豆山神社社伝	-	-	-	-	-	-	-	伊豆山神社主祭神	under_review	textual	2026-05-25T00:00:00	claude	auto-init: 初期値
DEI-287	三嶋大神	みしまのおおかみ	事代主・大山祇同体諸説	-	伊豆三嶋	男	三嶋大社社伝	-	-	-	-	-	-	-	伊豆三嶋大社主祭神(諸説あり)	under_review	textual	2026-05-25T00:00:00	claude	auto-init: 初期値
DEI-288	瀬織津姫	せおりつひめ	-	-	祓神	女	大祓詞	-	-	-	-	-	-	-	大祓詞の祓戸大神四神の一	under_review	textual	2026-05-25T00:00:00	claude	auto-init: 初期値
DEI-289	速秋津比売	はやあきつひめ	-	-	祓神	女	大祓詞	-	-	-	-	-	-	-	大祓詞の祓戸大神	under_review	textual	2026-05-25T00:00:00	claude	auto-init: 初期値
DEI-290	気吹戸主	いぶきどぬし	-	-	祓神	男	大祓詞	-	-	-	-	-	-	-	大祓詞の祓戸大神	under_review	textual	2026-05-25T00:00:00	claude	auto-init: 初期値
DEI-291	速佐須良比売	はやさすらひめ	-	-	祓神	女	大祓詞	-	-	-	-	-	-	-	大祓詞の祓戸大神	under_review	textual	2026-05-25T00:00:00	claude	auto-init: 初期値
DEI-292	大神神社末社神々	-	-	-	大神神社摂社	-	大神神社社伝	-	-	-	-	-	-	-	大神神社摂社末社祭神(集合)	under_review	textual	2026-05-25T00:00:00	claude	auto-init: 初期値
DEI-293	若宮八幡(石清水)	-	-	-	八幡分祀	男	-	-	-	-	-	-	-	DEI-181	[統合済・参照は統合先へ] merged_into:DEI-181	under_review	textual	2026-05-25T00:00:00	claude	auto-init: 統合済
DEI-294	鶴岡八幡	-	-	-	八幡分祀	男	-	-	-	-	-	-	-	DEI-181	[統合済・参照は統合先へ] merged_into:DEI-181(鎌倉)	under_review	textual	2026-05-25T00:00:00	claude	auto-init: 統合済
DEI-295	伊雑大神(磯部)	-	-	-	伊雑宮	男	-	-	-	-	-	-	-	DEI-094	[統合済・参照は統合先へ] merged_into:DEI-094	under_review	textual	2026-05-25T00:00:00	claude	auto-init: 統合済
DEI-296	氷川神	ひかわのかみ	氷川大神	-	武蔵氷川	男	氷川神社社伝	-	スサノオ習合(中世)	-	-	-	-	-	武蔵氷川神社主祭神	under_review	textual	2026-05-25T00:00:00	claude	auto-init: 初期値
DEI-297	出雲井神	いずもいのかみ	-	-	武蔵出雲	男	諸社伝	-	-	-	-	-	-	-	武蔵出雲井神(出雲系東国分布)	under_review	textual	2026-05-25T00:00:00	claude	auto-init: 初期値
DEI-298	籠神社祖神	-	-	-	丹後	男	-	-	-	-	-	-	-	DEI-172	[統合済・参照は統合先へ] merged_into:DEI-172(海部氏祖神)	under_review	textual	2026-05-25T00:00:00	claude	auto-init: 統合済
DEI-299	真名井神	まないのかみ	-	-	籠神社	男	籠神社社伝	-	-	-	-	-	-	-	籠神社奥宮(真名井神社)	under_review	textual	2026-05-25T00:00:00	claude	auto-init: 初期値
DEI-300	元伊勢内宮神	-	-	-	元伊勢	-	-	-	-	-	-	-	-	-	元伊勢候補(L2、丹後・大和)	under_review	textual	2026-05-25T00:00:00	claude	auto-init: 初期値
DEI-301	八重事代主神(美保)	-	-	-	美保	男	-	-	-	-	-	-	-	DEI-009	[統合済・参照は統合先へ] merged_into:DEI-009	under_review	textual	2026-05-25T00:00:00	claude	auto-init: 統合済
DEI-302	国魂神(全国)	-	-	-	国魂神総称	-	延喜式	-	-	-	-	-	-	-	延喜式各国の国魂神(集合)	verified	textual	2026-05-25T00:00:00	claude	auto-init: 記紀・延喜式記載
DEI-303	タカミムスビ系神々	-	-	-	高天原	-	-	-	-	-	-	-	-	-	高天原系神統(高皇産霊神系の集合)	under_review	textual	2026-05-25T00:00:00	claude	auto-init: 初期値
DEI-304	アメノミナカヌシ	あめのみなかぬしのかみ	天之御中主神	-	造化三神	-	古事記	-	-	-	-	-	-	-	造化三神の最初、抽象的最高神	verified	textual	2026-05-25T00:00:00	claude	auto-expand Phase 3: main_text_appearance に文献記載
DEI-305	祓戸四神	-	-	-	祓神総称	-	大祓詞	-	-	DEI-288|289|290|291	-	-	-	-	祓戸大神四神(瀬織津・速秋津・気吹戸・速佐須良)集合	under_review	textual	2026-05-25T00:00:00	claude	auto-init: 初期値
DEI-306	早稲田大神	-	-	-	農耕	-	-	-	-	-	-	-	-	-	農耕系神格(地方分布)	under_review	textual	2026-05-25T00:00:00	claude	auto-init: 初期値
DEI-307	若宇加能売命	わかうかのめのみこと	-	-	水神	女	-	-	-	-	-	-	-	DEI-217	[統合済・参照は統合先へ] merged_into:DEI-217(廣瀬大社)	under_review	textual	2026-05-25T00:00:00	claude	auto-init: 統合済
DEI-308	十社大明神	-	-	-	-	-	-	-	-	-	-	-	-	-	地方総社祭祀(集合)	under_review	textual	2026-05-25T00:00:00	claude	auto-init: 初期値
DEI-309	延喜式式内神総体	-	-	-	式内社神	-	延喜式	-	-	-	-	-	-	-	延喜式神名帳 2861 式内社の祭神(集合)	verified	textual	2026-05-25T00:00:00	claude	auto-init: 記紀・延喜式記載
DEI-310	六所宮神	ろくしょのみやのかみ	-	-	国府総社	-	諸社伝	-	-	-	-	-	-	-	国府総社の祭神(集合、各国)	under_review	textual	2026-05-25T00:00:00	claude	auto-init: 初期値
DEI-311	下照姫(別)	-	-	-	-	女	-	-	-	-	-	-	-	DEI-027	[統合済・参照は統合先へ] merged_into:DEI-027	under_review	textual	2026-05-25T00:00:00	claude	auto-init: 統合済
DEI-312	高比売	-	-	-	-	女	-	-	-	-	-	-	-	DEI-027	[統合済・参照は統合先へ] merged_into:DEI-027	under_review	textual	2026-05-25T00:00:00	claude	auto-init: 統合済
DEI-313	田寸津比売	-	-	-	-	女	-	-	-	-	-	-	-	DEI-018	[統合済・参照は統合先へ] merged_into:DEI-018	under_review	textual	2026-05-25T00:00:00	claude	auto-init: 統合済
DEI-314	狭依毘売	-	-	-	-	女	-	-	-	-	-	-	-	DEI-019	[統合済・参照は統合先へ] merged_into:DEI-019	under_review	textual	2026-05-25T00:00:00	claude	auto-init: 統合済
DEI-315	田心姫(誓約)	-	-	-	-	女	-	-	-	-	-	-	-	DEI-017	[統合済・参照は統合先へ] merged_into:DEI-017	under_review	textual	2026-05-25T00:00:00	claude	auto-init: 統合済
DEI-316	八重事代主神(国譲り)	-	-	-	-	男	-	-	-	-	-	-	-	DEI-009	[統合済・参照は統合先へ] merged_into:DEI-009	under_review	textual	2026-05-25T00:00:00	claude	auto-init: 統合済
DEI-317	田の神	たのかみ	-	-	農耕季節神	-	諸民俗	-	山の神→田の神(柳田)	-	-	-	-	-	農耕季節循環神(柳田國男)	under_review	textual	2026-05-25T00:00:00	claude	auto-init: 初期値
DEI-318	田の神舞神	-	-	-	田楽神	-	諸民俗	-	-	-	-	-	-	-	田楽の神格化	under_review	textual	2026-05-25T00:00:00	claude	auto-init: 初期値
DEI-319	山の神(マタギ)	やまのかみ	-	-	狩猟者守護	女	諸民俗	-	-	-	-	-	-	-	マタギの山の神(東北中心)	under_review	textual	2026-05-25T00:00:00	claude	auto-init: 初期値
DEI-320	狼神(三峰)	-	-	-	山犬信仰	-	三峰神社社伝	-	-	-	-	-	-	-	武蔵秩父三峰神社の狼信仰	under_review	textual	2026-05-25T00:00:00	claude	auto-init: 初期値
DEI-321	白蛇神	はくじゃしん	-	-	弁才天習合	-	諸社伝	弁才天習合(L1)	-	-	-	-	-	DEI-019	[統合済・参照は統合先へ] merged_into:DEI-019(白蛇=弁才天=市杵島姫)	under_review	textual	2026-05-25T00:00:00	claude	auto-init: 統合済
DEI-322	御先稲荷	-	-	-	稲荷分流	-	-	-	-	-	-	-	-	DEI-032	[統合済・参照は統合先へ] merged_into:DEI-032	under_review	textual	2026-05-25T00:00:00	claude	auto-init: 統合済
DEI-323	大国主の幸魂奇魂	-	-	-	大国主分霊	男	古事記	-	-	-	-	-	-	DEI-014	[統合済・参照は統合先へ] merged_into:DEI-014(大物主=幸魂奇魂)	verified	textual	2026-05-25T00:00:00	claude	auto-expand Phase 3: main_text_appearance に文献記載
DEI-324	大物主和魂	-	-	-	-	男	-	-	-	-	-	-	-	DEI-014	[統合済・参照は統合先へ] merged_into:DEI-014	under_review	textual	2026-05-25T00:00:00	claude	auto-init: 統合済
DEI-325	弁才天	べんざいてん	弁財天	-	仏教習合女神	女	諸社伝|中世神道	市杵島姫(L1)	-	-	-	-	-	DEI-019	[統合済・参照は統合先へ] merged_into:DEI-019(弁才天=市杵島姫)	under_review	textual	2026-05-25T00:00:00	claude	auto-init: 統合済
DEI-326	大黒天	だいこくてん	-	-	仏教習合男神	男	諸社伝|中世神道	大国主(L1)	-	-	-	-	-	DEI-001	[統合済・参照は統合先へ] merged_into:DEI-001(大黒天=大国主)	under_review	textual	2026-05-25T00:00:00	claude	auto-init: 統合済
DEI-327	毘沙門天	びしゃもんてん	多聞天	-	仏教	男	諸記録	-	-	-	-	-	-	-	四天王の一、武神(本地仏として登録)	under_review	textual	2026-05-25T00:00:00	claude	auto-init: 初期値
DEI-328	七福神	しちふくじん	-	-	福神	-	諸民俗	-	-	-	-	-	-	-	近世以降の福神集合(恵比寿/大黒/毘沙門/弁才天/福禄寿/寿老人/布袋)	under_review	textual	2026-05-25T00:00:00	claude	auto-init: 初期値
DEI-330	大蛇神	だいじゃしん	-	-	蛇神総称	-	諸民俗	-	-	-	-	-	-	-	蛇神信仰総称(全国)	under_review	textual	2026-05-25T00:00:00	claude	auto-init: 初期値
DEI-331	龍神	りゅうじん	-	-	龍神総称	-	諸民俗	-	-	-	-	-	-	-	龍神信仰総称(全国、中国系影響)	under_review	textual	2026-05-25T00:00:00	claude	auto-init: 初期値
DEI-332	八大龍王	はちだいりゅうおう	-	-	龍王	-	諸社伝	-	-	-	-	-	-	-	八大龍王(仏教系龍神)	under_review	textual	2026-05-25T00:00:00	claude	auto-init: 初期値
DEI-333	九頭龍神	くずりゅうしん	-	-	九頭龍	-	戸隠社伝|諸社伝	-	-	-	-	-	-	DEI-206	[統合済・参照は統合先へ] merged_into:DEI-206(戸隠九頭龍)	under_review	textual	2026-05-25T00:00:00	claude	auto-init: 統合済
DEI-334	白山九頭龍神	-	-	-	-	-	-	-	-	-	-	-	-	-	白山系の九頭龍信仰(L3)	under_review	textual	2026-05-25T00:00:00	claude	auto-init: 初期値
DEI-335	桑名神(伊勢)	-	-	-	伊勢	-	-	-	-	-	-	-	-	-	伊勢桑名神社祭神	under_review	textual	2026-05-25T00:00:00	claude	auto-init: 初期値
DEI-336	椿大神(伊勢)	-	-	-	伊勢	-	椿大神社社伝	-	-	-	-	-	-	-	伊勢椿大神社祭神(猿田彦)	under_review	textual	2026-05-25T00:00:00	claude	auto-init: 初期値
DEI-337	猿田彦命	さるたひこのみこと	猿田毘古神|サルタヒコ|衢神	さるたびこのかみ|さるたひこ|ちまたのかみ	導きの神	男	古事記|日本書紀|椿大神社社伝	-	-	-	-	-	-	-	天孫降臨の道案内、椿大神社主祭神	verified	textual	2026-05-25T00:00:00	claude	auto-expand Phase 3: main_text_appearance に文献記載
DEI-338	倭氏祖神	-	-	-	倭氏祖神	男	新撰姓氏録	-	-	-	-	-	-	-	倭(やまと)氏祖	under_review	textual	2026-05-25T00:00:00	claude	auto-init: 初期値
DEI-339	物部氏祖神	-	-	-	物部祖	男	先代旧事本紀	-	ニギハヤヒ同体	-	-	-	-	-	物部氏祖神	under_review	textual	2026-05-25T00:00:00	claude	auto-init: 初期値
DEI-340	饒速日命	にぎはやひのみこと	天照国照彦天火明櫛玉饒速日尊	あまてるくにてるひこあめのほあかりくしたまにぎはやひのみこと	物部祖神	男	古事記|日本書紀|先代旧事本紀	-	-	-	-	-	-	-	物部氏祖、神武東征前の大和君臨者	verified	textual	2026-05-25T00:00:00	claude	auto-expand Phase 3: main_text_appearance に文献記載
DEI-341	可美真手命	うましまでのみこと	-	-	物部祖	男	古事記|日本書紀	-	-	DEI-340	-	-	-	-	ニギハヤヒの子、物部祖	verified	textual	2026-05-25T00:00:00	claude	auto-expand Phase 3: main_text_appearance に文献記載
DEI-342	布都御魂	ふつのみたま	布都御魂剣	-	物部神剣	-	古事記|日本書紀|石上神宮社伝	-	-	-	-	-	-	-	石上神宮主祭神(神剣)	verified	textual	2026-05-25T00:00:00	claude	auto-expand Phase 3: main_text_appearance に文献記載
DEI-343	布留御魂	ふるのみたま	十種神宝	とくさのかんだから	物部神宝	-	先代旧事本紀	-	-	-	-	-	-	-	石上神宮の十種神宝	under_review	textual	2026-05-25T00:00:00	claude	auto-init: 初期値
DEI-344	布都斯魂	ふつしのみたま	-	-	物部神	-	先代旧事本紀	-	-	-	-	-	-	-	物部三神の一	under_review	textual	2026-05-25T00:00:00	claude	auto-init: 初期値
DEI-345	十種神宝	とくさのかんだから	-	-	物部祭祀	-	先代旧事本紀	-	-	-	-	-	-	-	物部氏伝来の神宝	under_review	textual	2026-05-25T00:00:00	claude	auto-init: 初期値
DEI-346	物部祭祀祖神	-	-	-	物部祖	男	先代旧事本紀	-	-	-	-	-	-	DEI-339	[統合済・参照は統合先へ] merged_into:DEI-339	under_review	textual	2026-05-25T00:00:00	claude	auto-init: 統合済
DEI-347	穂積氏祖神	-	-	-	穂積氏祖	男	新撰姓氏録	-	物部分流	DEI-339	-	-	-	-	穂積氏(物部分流)祖	under_review	textual	2026-05-25T00:00:00	claude	auto-init: 初期値
DEI-348	采女氏祖神	-	-	-	采女氏祖	女	新撰姓氏録	-	物部分流	-	-	-	-	-	采女氏祖	under_review	textual	2026-05-25T00:00:00	claude	auto-init: 初期値
DEI-349	若桜部氏祖神	-	-	-	-	男	新撰姓氏録	-	物部分流	-	-	-	-	-	若桜部氏祖	under_review	textual	2026-05-25T00:00:00	claude	auto-init: 初期値
DEI-350	大伴氏祖神	-	-	-	大伴氏祖神	男	古事記|新撰姓氏録	-	-	-	-	-	-	-	大伴氏祖神(天忍日命系)	verified	textual	2026-05-25T00:00:00	claude	auto-expand Phase 3: main_text_appearance に文献記載
DEI-351	天忍日命	あめのおしひのみこと	-	-	大伴祖	男	古事記|日本書紀	-	-	-	-	-	-	-	大伴氏祖、天孫降臨随従	verified	textual	2026-05-25T00:00:00	claude	auto-expand Phase 3: main_text_appearance に文献記載
DEI-352	天津久米命	あまつくめのみこと	-	-	久米氏祖	男	古事記|日本書紀	-	-	-	-	-	-	-	久米氏祖、天孫降臨随従	verified	textual	2026-05-25T00:00:00	claude	auto-expand Phase 3: main_text_appearance に文献記載
DEI-353	阿倍氏祖神	-	-	-	阿倍氏祖神	男	新撰姓氏録	-	-	-	-	-	-	-	阿倍氏祖	under_review	textual	2026-05-25T00:00:00	claude	auto-init: 初期値
DEI-354	平群氏祖神	-	-	-	平群氏祖	男	新撰姓氏録	-	-	-	-	-	-	-	平群氏祖	under_review	textual	2026-05-25T00:00:00	claude	auto-init: 初期値
DEI-355	葛城氏祖神	-	-	-	葛城氏祖神	男	古事記|新撰姓氏録	-	-	-	-	-	-	-	葛城氏祖(武内宿禰系)	verified	textual	2026-05-25T00:00:00	claude	auto-expand Phase 3: main_text_appearance に文献記載
DEI-356	紀氏祖神	-	-	-	紀氏祖神	男	新撰姓氏録	-	-	DEI-160	-	-	-	-	紀氏祖(武内宿禰系)	under_review	textual	2026-05-25T00:00:00	claude	auto-init: 初期値
DEI-357	蘇我氏祖神	-	-	-	蘇我氏祖神	男	古事記|新撰姓氏録	-	-	DEI-160	-	-	-	-	蘇我氏祖(武内宿禰系)	verified	textual	2026-05-25T00:00:00	claude	auto-expand Phase 3: main_text_appearance に文献記載
DEI-358	巨勢氏祖神	-	-	-	巨勢氏祖	男	新撰姓氏録	-	-	-	-	-	-	-	巨勢氏祖	under_review	textual	2026-05-25T00:00:00	claude	auto-init: 初期値
DEI-359	中臣氏祖神	-	-	-	中臣氏祖神	男	新撰姓氏録	-	天児屋根同体	DEI-107	-	-	-	-	中臣氏祖(天児屋根系)	under_review	textual	2026-05-25T00:00:00	claude	auto-init: 初期値
DEI-360	藤原氏祖神	-	-	-	藤原氏祖神	男	新撰姓氏録	-	中臣分流	DEI-359	-	-	-	-	藤原氏祖(中臣鎌足系)	under_review	textual	2026-05-25T00:00:00	claude	auto-init: 初期値
DEI-361	忌部氏祖神	-	-	-	忌部氏祖神	男	古語拾遺	-	太玉命同体	DEI-108	-	-	-	-	忌部氏祖(太玉命系)	under_review	textual	2026-05-25T00:00:00	claude	auto-init: 初期値
DEI-362	阿波忌部祖	-	-	-	阿波忌部	男	古語拾遺	-	-	DEI-115	-	-	-	-	阿波忌部祖(天富命系)	under_review	textual	2026-05-25T00:00:00	claude	auto-init: 初期値
DEI-363	斎部広成	いんべのひろなり	-	-	古語拾遺撰者	男	古語拾遺	-	-	-	-	-	-	-	古語拾遺(807)撰者	under_review	textual	2026-05-25T00:00:00	claude	auto-init: 初期値
DEI-364	大三輪氏祖	-	-	-	大三輪氏	男	古事記|新撰姓氏録	-	-	DEI-053	-	-	-	-	大三輪(三輪)氏祖、大田田根子系	verified	textual	2026-05-25T00:00:00	claude	auto-expand Phase 3: main_text_appearance に文献記載
DEI-365	賀茂氏祖(山城)	-	-	-	山城賀茂氏	男	山城国風土記逸文	-	-	DEI-120	-	-	-	-	山城賀茂氏祖(賀茂建角身命系)	verified	textual	2026-05-25T00:00:00	claude	auto-expand Phase 3: main_text_appearance に文献記載
DEI-366	賀茂氏祖(葛城)	-	-	-	葛城賀茂氏	男	古事記	-	-	DEI-026	-	-	-	-	葛城賀茂氏祖(阿遅鉏高日子根命系)	verified	textual	2026-05-25T00:00:00	claude	auto-expand Phase 3: main_text_appearance に文献記載
DEI-367	度会氏祖神	-	-	-	度会氏祖	男	度会家文書	-	-	-	-	-	-	DEI-126	[統合済・参照は統合先へ] merged_into:DEI-126	under_review	textual	2026-05-25T00:00:00	claude	auto-init: 統合済
DEI-368	荒木田氏祖神	-	-	-	荒木田氏祖	男	荒木田家文書	-	-	-	-	-	-	DEI-127	[統合済・参照は統合先へ] merged_into:DEI-127	under_review	textual	2026-05-25T00:00:00	claude	auto-init: 統合済
DEI-369	卜部氏祖神	-	-	-	卜部氏祖	男	新撰姓氏録	-	-	-	-	-	-	DEI-159	[統合済・参照は統合先へ] merged_into:DEI-159	under_review	textual	2026-05-25T00:00:00	claude	auto-init: 統合済
DEI-370	出雲国造祖	-	-	-	出雲国造	男	先代旧事本紀	-	-	DEI-013	-	-	-	-	出雲国造祖(天穂日系)	under_review	textual	2026-05-25T00:00:00	claude	auto-init: 初期値
DEI-371	千家氏祖	-	-	-	千家氏	男	出雲国造家文書	-	-	DEI-370	-	-	-	-	千家家(出雲国造分家)祖	under_review	textual	2026-05-25T00:00:00	claude	auto-init: 初期値
DEI-372	北島氏祖	-	-	-	北島氏	男	出雲国造家文書	-	-	DEI-370	-	-	-	-	北島家(出雲国造分家)祖	under_review	textual	2026-05-25T00:00:00	claude	auto-init: 初期値
DEI-373	守矢氏祖	-	-	-	守矢氏	男	守矢家文書	-	-	DEI-132	-	-	-	-	守矢氏(諏訪神長官)祖	under_review	textual	2026-05-25T00:00:00	claude	auto-init: 初期値
DEI-374	諏訪氏祖	-	-	-	諏訪氏	男	諏訪大社社伝	-	-	DEI-010	-	-	-	-	諏訪氏(大祝)祖	under_review	textual	2026-05-25T00:00:00	claude	auto-init: 初期値
DEI-375	阿蘇氏祖	-	-	-	阿蘇氏	男	阿蘇社伝	-	-	DEI-235	-	-	-	-	阿蘇氏(阿蘇国造)祖	under_review	textual	2026-05-25T00:00:00	claude	auto-init: 初期値
DEI-376	尾張氏祖	-	-	-	尾張氏	男	新撰姓氏録	-	-	DEI-340	-	-	-	-	尾張氏祖(ニギハヤヒ系または別)	under_review	textual	2026-05-25T00:00:00	claude	auto-init: 初期値
DEI-377	海部氏祖	-	-	-	海部氏	男	海部氏系図(国宝)	-	-	-	-	-	-	DEI-172	[統合済・参照は統合先へ] merged_into:DEI-172	under_review	textual	2026-05-25T00:00:00	claude	auto-init: 統合済
DEI-378	宗像氏祖	-	-	-	宗像氏	男	-	-	-	-	-	-	-	DEI-171	[統合済・参照は統合先へ] merged_into:DEI-171	under_review	textual	2026-05-25T00:00:00	claude	auto-init: 統合済
DEI-379	阿曇氏祖	-	-	-	阿曇氏	男	-	-	-	-	-	-	-	DEI-169	[統合済・参照は統合先へ] merged_into:DEI-169	under_review	textual	2026-05-25T00:00:00	claude	auto-init: 統合済
DEI-380	住吉氏祖	-	-	-	住吉氏	男	-	-	-	-	-	-	-	DEI-170	[統合済・参照は統合先へ] merged_into:DEI-170	under_review	textual	2026-05-25T00:00:00	claude	auto-init: 統合済
DEI-381	山内氏祖(出雲たたら)	-	-	-	近世たたら	男	近世史料	-	-	-	-	-	-	-	奥出雲山内氏祖(近世たたら)	under_review	textual	2026-05-25T00:00:00	claude	auto-init: 初期値
DEI-382	絲原氏祖	-	-	-	絲原氏	男	近世史料	-	-	-	-	-	-	-	絲原氏(出雲たたら)祖	under_review	textual	2026-05-25T00:00:00	claude	auto-init: 初期値
DEI-383	桜井氏祖	-	-	-	桜井氏	男	近世史料	-	-	-	-	-	-	-	桜井氏(出雲たたら)祖	under_review	textual	2026-05-25T00:00:00	claude	auto-init: 初期値
DEI-384	古事記編纂神	-	-	-	-	-	-	-	-	-	-	-	-	-	古事記編纂(太安万侶等)の祖神扱い	verified	textual	2026-05-25T00:00:00	claude	auto-init: 記紀・延喜式記載
DEI-385	太安万侶	おおのやすまろ	-	-	古事記編者	男	古事記|諸記録	-	-	-	-	-	-	-	古事記(712)編者	verified	textual	2026-05-25T00:00:00	claude	auto-init: 記紀・延喜式記載
DEI-386	舎人親王	とねりしんのう	-	-	書紀編纂責任者	男	日本書紀|諸記録	-	-	-	-	-	-	-	日本書紀(720)編纂責任者(天武皇子)	verified	textual	2026-05-25T00:00:00	claude	auto-init: 記紀・延喜式記載
DEI-387	倭姫命再々追加	-	-	-	斎宮	女	-	-	-	-	-	-	-	DEI-091	[統合済・参照は統合先へ] merged_into:DEI-091	under_review	textual	2026-05-25T00:00:00	claude	auto-init: 統合済
DEI-388	平田篤胤	ひらたあつたね	-	-	近世神道	男	霊能真柱	-	-	-	-	-	-	-	復古神道、幽冥論	under_review	textual	2026-05-25T00:00:00	claude	auto-init: 初期値
DEI-389	本居宣長	もとおりのりなが	-	-	近世国学	男	古事記伝	-	-	-	-	-	-	-	国学者(古事記伝完成 1798)	verified	textual	2026-05-25T00:00:00	claude	auto-init: 記紀・延喜式記載
DEI-390	徳川光圀	とくがわみつくに	-	-	近世神道	男	大日本史	-	-	-	-	-	-	-	大日本史編纂(水戸藩主)	under_review	textual	2026-05-25T00:00:00	claude	auto-init: 初期値
DEI-391	折口信夫	おりくちしのぶ	-	-	近代民俗学	男	古代研究	-	-	-	-	-	-	-	近代民俗学者、まれびと論	under_review	textual	2026-05-25T00:00:00	claude	auto-init: 初期値
DEI-392	柳田國男	やなぎだくにお	-	-	近代民俗学	男	遠野物語	-	-	-	-	-	-	-	民俗学創始、遠野物語	under_review	textual	2026-05-25T00:00:00	claude	auto-init: 初期値
DEI-393	南方熊楠	みなかたくまぐす	-	-	近代博物学	男	南方熊楠全集	-	-	-	-	-	-	-	近代博物学・民俗学	under_review	textual	2026-05-25T00:00:00	claude	auto-init: 初期値
DEI-394	国家神道	こっかしんとう	-	-	近代	-	近代諸記録	-	-	-	-	-	-	-	明治国家神道(集合カテゴリ)	under_review	textual	2026-05-25T00:00:00	claude	auto-init: 初期値
DEI-395	神社本庁	じんじゃほんちょう	-	-	戦後	-	戦後諸記録	-	-	-	-	-	-	-	戦後神社本庁設立	under_review	textual	2026-05-25T00:00:00	claude	auto-init: 初期値
DEI-396	大祓神	-	-	-	祓神	-	大祓詞	-	-	-	-	-	-	-	大祓神事の総称	under_review	textual	2026-05-25T00:00:00	claude	auto-init: 初期値
DEI-397	六月晦大祓	-	-	-	祓儀	-	延喜式	-	-	-	-	-	-	-	夏越大祓	verified	textual	2026-05-25T00:00:00	claude	auto-expand Phase 3: main_text_appearance に文献記載
DEI-398	十二月晦大祓	-	-	-	祓儀	-	延喜式	-	-	-	-	-	-	-	年越大祓	verified	textual	2026-05-25T00:00:00	claude	auto-expand Phase 3: main_text_appearance に文献記載
DEI-399	国家神道祭神	-	-	-	国家神道	-	近代	-	-	-	-	-	-	-	国家神道期に祭祀対象とされた神(集合)	under_review	textual	2026-05-25T00:00:00	claude	auto-init: 初期値
DEI-400	靖国祭神	やすくにのさいじん	-	-	近代戦没者	-	近代	-	-	-	-	-	-	-	靖国神社祭神(近代戦没者神格化)	under_review	textual	2026-05-25T00:00:00	claude	auto-init: 初期値
DEI-401	護国神社	-	-	-	近代戦没者	-	近代	-	-	-	-	-	-	-	護国神社祭神(各地)	under_review	textual	2026-05-25T00:00:00	claude	auto-init: 初期値
DEI-403	昭和天皇	しょうわてんのう	-	-	近代	男	諸記録	-	-	-	-	-	-	-	-	under_review	textual	2026-05-25T00:00:00	claude	auto-init: 初期値
DEI-404	祓戸大神(集合)	はらえどのおおかみ	-	-	祓戸	-	-	-	-	-	-	-	-	DEI-305	[統合済・参照は統合先へ] merged_into:DEI-305	under_review	textual	2026-05-25T00:00:00	claude	auto-init: 統合済
DEI-405	氏神(集合)	うじがみ	-	-	-	-	諸民俗	-	-	-	-	-	-	-	地域氏神(集合カテゴリ)	under_review	textual	2026-05-25T00:00:00	claude	auto-init: 初期値
DEI-406	産土神	うぶすながみ	-	-	地縁神	-	諸民俗	-	-	-	-	-	-	-	地縁神総称	under_review	textual	2026-05-25T00:00:00	claude	auto-init: 初期値
DEI-407	鎮守神	ちんじゅがみ	-	-	地域守護	-	諸民俗	-	-	-	-	-	-	-	地域守護神総称	under_review	textual	2026-05-25T00:00:00	claude	auto-init: 初期値
DEI-408	歳神	としがみ	-	-	年神	男	諸民俗	-	-	-	-	-	-	DEI-031	[統合済・参照は統合先へ] merged_into:DEI-031	under_review	textual	2026-05-25T00:00:00	claude	auto-init: 統合済
DEI-409	七夕神	-	-	-	年中行事	-	諸民俗	-	-	-	-	-	-	-	七夕祭祀の対象(中国渡来)	under_review	textual	2026-05-25T00:00:00	claude	auto-init: 初期値
DEI-410	妙見菩薩	みょうけんぼさつ	-	-	北辰	男	諸社伝	-	-	-	-	-	-	-	北極星(北辰)信仰、秩父神社等	under_review	textual	2026-05-25T00:00:00	claude	auto-init: 初期値
DEI-411	北辰菩薩	-	-	-	-	-	-	-	-	-	-	-	-	DEI-410	[統合済・参照は統合先へ] merged_into:DEI-410	under_review	textual	2026-05-25T00:00:00	claude	auto-init: 統合済
DEI-412	北極星神	-	-	-	-	-	-	-	-	-	-	-	-	DEI-410	[統合済・参照は統合先へ] merged_into:DEI-410	under_review	textual	2026-05-25T00:00:00	claude	auto-init: 統合済
DEI-413	北辰妙見	-	-	-	-	-	-	-	-	-	-	-	-	DEI-410	[統合済・参照は統合先へ] merged_into:DEI-410	under_review	textual	2026-05-25T00:00:00	claude	auto-init: 統合済
DEI-414	白蛇大明神	-	-	-	-	-	-	-	-	-	-	-	-	DEI-321	[統合済・参照は統合先へ] merged_into:DEI-321	under_review	textual	2026-05-25T00:00:00	claude	auto-init: 統合済
DEI-415	一言主神	ひとことぬしのかみ	-	-	葛城	男	古事記|日本書紀	-	-	-	-	-	-	-	葛城一言主神社祭神	verified	textual	2026-05-25T00:00:00	claude	auto-expand Phase 3: main_text_appearance に文献記載
DEI-416	葛城高鴨神	-	-	-	葛城	男	-	-	-	-	-	-	-	DEI-026	[統合済・参照は統合先へ] merged_into:DEI-026	under_review	textual	2026-05-25T00:00:00	claude	auto-init: 統合済
DEI-417	高鴨神	-	-	-	葛城	-	-	-	-	-	-	-	-	DEI-026	[統合済・参照は統合先へ] merged_into:DEI-026	under_review	textual	2026-05-25T00:00:00	claude	auto-init: 統合済
DEI-418	高市御縣神	たけちのみあがたのかみ	-	-	大和御縣	-	延喜式	-	-	-	-	-	-	-	大和高市御縣坐神社	verified	textual	2026-05-25T00:00:00	claude	auto-expand Phase 3: main_text_appearance に文献記載
DEI-419	六御縣神	-	-	-	大和御縣	-	延喜式	-	-	-	-	-	-	-	大和六御縣神(集合)	verified	textual	2026-05-25T00:00:00	claude	auto-expand Phase 3: main_text_appearance に文献記載
DEI-420	難波宮神	-	-	-	難波	-	-	-	-	-	-	-	-	-	難波宮祭祀	under_review	textual	2026-05-25T00:00:00	claude	auto-init: 初期値
DEI-421	平城京祭神	-	-	-	平城京	-	-	-	-	-	-	-	-	-	平城京祭祀(集合)	under_review	textual	2026-05-25T00:00:00	claude	auto-init: 初期値
DEI-422	平安京祭神	-	-	-	平安京	-	-	-	-	-	-	-	-	-	平安京祭祀(集合)	under_review	textual	2026-05-25T00:00:00	claude	auto-init: 初期値
DEI-423	阿蘇神社配祀十二神	あそじんじゃはいしじゅうにしん	-	-	阿蘇	-	阿蘇社伝	-	-	-	-	-	-	-	阿蘇神社十二神(健磐龍命含)	under_review	textual	2026-05-25T00:00:00	claude	auto-init: 初期値
DEI-424	霧島五大権現	-	-	-	霧島	-	霧島社伝	-	-	-	-	-	-	-	霧島六社権現の集合	under_review	textual	2026-05-25T00:00:00	claude	auto-init: 初期値
DEI-425	阿蘇火山神	-	-	-	阿蘇	-	-	-	-	-	-	-	-	DEI-233	[統合済・参照は統合先へ] merged_into:DEI-233	under_review	textual	2026-05-25T00:00:00	claude	auto-init: 統合済
DEI-426	高千穂神社祭神	-	-	-	高千穂	-	高千穂神社社伝	-	-	-	-	-	-	-	日向高千穂神社祭神	under_review	textual	2026-05-25T00:00:00	claude	auto-init: 初期値
DEI-427	幣立神宮神	-	-	-	阿蘇	-	幣立神宮社伝	-	-	-	-	-	-	-	幣立神宮(熊本)	under_review	textual	2026-05-25T00:00:00	claude	auto-init: 初期値
DEI-428	阿蘇国造速瓶玉命	-	-	-	阿蘇	-	-	-	-	-	-	-	-	DEI-235	[統合済・参照は統合先へ] merged_into:DEI-235	under_review	textual	2026-05-25T00:00:00	claude	auto-init: 統合済
DEI-429	筑紫神	-	-	-	筑紫	-	諸記録	-	-	-	-	-	-	-	筑紫国神格(集合)	under_review	textual	2026-05-25T00:00:00	claude	auto-init: 初期値
DEI-430	豊国神	とよくにのかみ	-	-	豊国	-	諸記録	-	-	-	-	-	-	-	豊前・豊後神格(集合)	under_review	textual	2026-05-25T00:00:00	claude	auto-init: 初期値
DEI-431	肥前神	-	-	-	肥前	-	肥前国風土記	-	-	-	-	-	-	-	肥前国神格(集合)	verified	textual	2026-05-25T00:00:00	claude	auto-expand Phase 3: main_text_appearance に文献記載
DEI-432	肥後神	-	-	-	肥後	-	肥後国風土記逸文	-	-	-	-	-	-	-	肥後国神格(集合、阿蘇等)	verified	textual	2026-05-25T00:00:00	claude	auto-expand Phase 3: main_text_appearance に文献記載
DEI-433	日向神	-	-	-	日向	-	諸記録	-	-	-	-	-	-	-	日向国神格(集合、皇統発祥地)	under_review	textual	2026-05-25T00:00:00	claude	auto-init: 初期値
DEI-434	大隅神	-	-	-	大隅	-	諸記録	-	-	-	-	-	-	-	大隅国神格(集合、霧島等)	under_review	textual	2026-05-25T00:00:00	claude	auto-init: 初期値
DEI-435	薩摩神	-	-	-	薩摩	-	諸記録	-	-	-	-	-	-	-	薩摩国神格(集合)	under_review	textual	2026-05-25T00:00:00	claude	auto-init: 初期値
DEI-436	琉球諸島ノロ	-	-	-	琉球	女	琉球祭祀	-	-	-	-	-	-	-	ノロ(琉球神女、各島)	under_review	textual	2026-05-25T00:00:00	claude	auto-init: 初期値
DEI-437	琉球諸島ユタ	-	-	-	琉球	女	琉球民俗	-	-	-	-	-	-	-	ユタ(琉球民間巫女)	under_review	textual	2026-05-25T00:00:00	claude	auto-init: 初期値
DEI-438	斎場御嶽聞得大君	-	-	-	琉球最高	女	-	-	-	-	-	-	-	DEI-257	[統合済・参照は統合先へ] merged_into:DEI-257	under_review	textual	2026-05-25T00:00:00	claude	auto-init: 統合済
DEI-439	琉球御嶽神(集合)	-	-	-	琉球	-	-	-	-	-	-	-	-	DEI-252	[統合済・参照は統合先へ] merged_into:DEI-252	under_review	textual	2026-05-25T00:00:00	claude	auto-init: 統合済
DEI-440	先島諸島御嶽神	-	-	-	先島	-	琉球祭祀	-	-	-	-	-	-	-	先島(宮古・八重山)御嶽神	under_review	textual	2026-05-25T00:00:00	claude	auto-init: 初期値
DEI-441	樹石信仰神	-	-	-	縄文系	-	諸民俗	-	-	-	-	-	-	-	樹石信仰の総称(磐座・神木)	under_review	textual	2026-05-25T00:00:00	claude	auto-init: 初期値
DEI-442	縄文海進記憶神	じょうもんかいしんきおくしん	-	-	-	-	HYP-001	-	-	-	-	-	-	-	縄文海進記憶仮説の対応神(L5)	under_review	textual	2026-05-25T00:00:00	claude	auto-init: 初期値
DEI-443	古代蛇神	-	-	-	縄文	-	諸記録	-	-	-	-	-	-	-	縄文期蛇神(集合、土製品由来)	under_review	textual	2026-05-25T00:00:00	claude	auto-init: 初期値
DEI-444	山岳神総体	-	-	-	山岳	-	諸記録	-	-	-	-	-	-	-	山岳神(集合、神奈備)	under_review	textual	2026-05-25T00:00:00	claude	auto-init: 初期値
DEI-445	海洋神総体	-	-	-	海洋	-	諸記録	-	-	-	-	-	-	-	海洋神(集合)	under_review	textual	2026-05-25T00:00:00	claude	auto-init: 初期値
DEI-446	常世神	とこよのかみ	-	-	常世	-	古事記	-	-	-	-	-	-	-	常世国の神格化	verified	textual	2026-05-25T00:00:00	claude	auto-expand Phase 3: main_text_appearance に文献記載
DEI-447	根の堅州国神	-	-	-	冥界	-	古事記	-	-	-	-	-	-	-	根の堅州国神(集合)	verified	textual	2026-05-25T00:00:00	claude	auto-expand Phase 3: main_text_appearance に文献記載
DEI-448	高天原神	-	-	-	高天原	-	古事記|日本書紀	-	-	-	-	-	-	-	高天原神(集合)	verified	textual	2026-05-25T00:00:00	claude	auto-expand Phase 3: main_text_appearance に文献記載
DEI-449	葦原中津国神	-	-	-	地上	-	古事記	-	-	-	-	-	-	-	葦原中津国神(集合)	verified	textual	2026-05-25T00:00:00	claude	auto-expand Phase 3: main_text_appearance に文献記載
DEI-450	黄泉神	よみつかみ	-	-	冥界	-	古事記|日本書紀	-	-	-	-	-	-	-	黄泉国神(集合)	verified	textual	2026-05-25T00:00:00	claude	auto-expand Phase 3: main_text_appearance に文献記載
DEI-451	綿津見三神(後付)	-	-	-	-	-	-	-	-	-	-	-	-	DEI-177	[統合済・参照は統合先へ] merged_into:DEI-177	under_review	textual	2026-05-25T00:00:00	claude	auto-init: 統合済
DEI-452	住吉大神(後付)	-	-	-	-	-	-	-	-	-	-	-	-	DEI-005	[統合済・参照は統合先へ] merged_into:DEI-005(住吉三神は伊邪那岐の禊から生成のため)	under_review	textual	2026-05-25T00:00:00	claude	auto-init: 統合済
DEI-453	八幡大神(石清水)	-	-	-	-	-	-	-	-	-	-	-	-	DEI-181	[統合済・参照は統合先へ] merged_into:DEI-181	under_review	textual	2026-05-25T00:00:00	claude	auto-init: 統合済
DEI-454	八幡大神(鶴岡)	-	-	-	-	-	-	-	-	-	-	-	-	DEI-181	[統合済・参照は統合先へ] merged_into:DEI-181	under_review	textual	2026-05-25T00:00:00	claude	auto-init: 統合済
DEI-455	日吉大神(東本宮)	-	-	-	-	-	-	-	-	-	-	-	-	DEI-200	[統合済・参照は統合先へ] merged_into:DEI-200	under_review	textual	2026-05-25T00:00:00	claude	auto-init: 統合済
DEI-456	日吉大神(西本宮)	-	-	-	-	-	-	-	-	-	-	-	-	DEI-014	[統合済・参照は統合先へ] merged_into:DEI-014(西本宮=大己貴神=大国主)	under_review	textual	2026-05-25T00:00:00	claude	auto-init: 統合済
DEI-457	諏訪明神総体	-	-	-	-	-	-	-	-	-	-	-	-	DEI-010	[統合済・参照は統合先へ] merged_into:DEI-010	under_review	textual	2026-05-25T00:00:00	claude	auto-init: 統合済
DEI-458	伊勢二所大神	-	-	-	-	-	-	-	-	-	-	-	-	-	伊勢内外宮を合わせる集合表記	under_review	textual	2026-05-25T00:00:00	claude	auto-init: 初期値
DEI-459	出雲大神	いずものおおかみ	-	-	-	-	-	-	-	-	-	-	-	DEI-001	[統合済・参照は統合先へ] merged_into:DEI-001(出雲総体)	under_review	textual	2026-05-25T00:00:00	claude	auto-init: 統合済
DEI-460	伊勢大神	いせのおおかみ	-	-	-	-	-	-	-	-	-	-	-	DEI-003	[統合済・参照は統合先へ] merged_into:DEI-003(伊勢総体)	under_review	textual	2026-05-25T00:00:00	claude	auto-init: 統合済
DEI-461	香春神	かわらのかみ	香春三女神	-	豊前山岳	女	香春神社社伝	-	-	-	-	-	-	-	豊前香春神社三女神	under_review	textual	2026-05-25T00:00:00	claude	auto-init: 初期値
DEI-462	辛国息長大姫大目命	-	-	-	豊前	女	-	-	-	-	-	-	-	-	香春神社祭神(渡来系女神)	under_review	textual	2026-05-25T00:00:00	claude	auto-init: 初期値
DEI-463	忍坂大中津姫	おしさかおおなかつひめ	-	-	-	女	諸記録	-	-	-	-	-	-	-	-	under_review	textual	2026-05-25T00:00:00	claude	auto-init: 初期値
DEI-464	安曇磯良丸(別)	-	-	-	-	-	-	-	-	-	-	-	-	DEI-167	[統合済・参照は統合先へ] merged_into:DEI-167	under_review	textual	2026-05-25T00:00:00	claude	auto-init: 統合済
DEI-465	阿曇沖津彦	-	-	-	阿曇分流	男	諸記録	-	-	DEI-167	-	-	-	-	阿曇分流神	under_review	textual	2026-05-25T00:00:00	claude	auto-init: 初期値
DEI-466	阿曇磯津姫	あづみいそつひめ	-	-	阿曇女神	女	諸記録	-	-	DEI-167	-	-	-	-	-	under_review	textual	2026-05-25T00:00:00	claude	auto-init: 初期値
DEI-467	弁天島神	-	-	-	-	-	-	-	-	-	-	-	-	DEI-019	[統合済・参照は統合先へ] merged_into:DEI-019	under_review	textual	2026-05-25T00:00:00	claude	auto-init: 統合済
DEI-468	厳島大神	いつくしまのおおかみ	-	-	-	-	-	-	-	-	-	-	-	DEI-019	[統合済・参照は統合先へ] merged_into:DEI-019	under_review	textual	2026-05-25T00:00:00	claude	auto-init: 統合済
DEI-469	竹生島神	ちくぶしまのかみ	-	-	-	-	-	-	-	-	-	-	-	DEI-019	[統合済・参照は統合先へ] merged_into:DEI-019	under_review	textual	2026-05-25T00:00:00	claude	auto-init: 統合済
DEI-470	江島神	-	-	-	-	-	-	-	-	-	-	-	-	DEI-019	[統合済・参照は統合先へ] merged_into:DEI-019	under_review	textual	2026-05-25T00:00:00	claude	auto-init: 統合済
DEI-471	小金山神	-	-	-	-	-	-	-	-	-	-	-	-	-	-	under_review	textual	2026-05-25T00:00:00	claude	auto-init: 初期値
DEI-472	備中神	-	-	-	備中	-	備中国風土記逸文	-	-	-	-	-	-	-	備中国神格(集合)	verified	textual	2026-05-25T00:00:00	claude	auto-expand Phase 3: main_text_appearance に文献記載
DEI-473	温羅	うら	鬼神温羅	-	備中渡来製鉄	男	諸地方伝承	-	-	-	-	-	-	-	吉備津彦に退治される(L2)	under_review	textual	2026-05-25T00:00:00	claude	auto-init: 初期値
DEI-474	吉備津彦命	きびつひこのみこと	大吉備津日子命	おおきびつひこ	吉備祖	男	古事記|日本書紀	-	-	-	-	-	-	-	吉備津神社主祭神、温羅退治	verified	textual	2026-05-25T00:00:00	claude	auto-expand Phase 3: main_text_appearance に文献記載
DEI-475	若日子建吉備津日子命	わかひこたけきびつひこのみこと	-	-	吉備祖(若)	男	古事記|日本書紀	-	-	-	-	-	-	-	吉備津彦の弟	verified	textual	2026-05-25T00:00:00	claude	auto-expand Phase 3: main_text_appearance に文献記載
DEI-476	温羅(化身)	-	-	-	-	男	-	-	-	-	-	-	-	DEI-473	[統合済・参照は統合先へ] merged_into:DEI-473	under_review	textual	2026-05-25T00:00:00	claude	auto-init: 統合済
DEI-477	桃太郎	ももたろう	-	-	伝承	男	諸地方伝承	-	吉備津彦同体説 L3	-	-	-	-	-	桃太郎=吉備津彦(中世以降の伝承化 L3)	under_review	textual	2026-05-25T00:00:00	claude	auto-init: 初期値
DEI-478	備中楯築祭神	-	-	-	弥生末	-	楯築遺跡	-	-	-	-	-	-	-	楯築墳丘墓(弥生末の祭祀)	under_review	textual	2026-05-25T00:00:00	claude	auto-init: 初期値
DEI-479	吉備上道氏祖	-	-	-	吉備分流	男	-	-	-	-	-	-	-	-	吉備上道氏祖(雄略期に分裂)	under_review	textual	2026-05-25T00:00:00	claude	auto-init: 初期値
DEI-480	吉備下道氏祖	-	-	-	吉備分流	男	-	-	-	-	-	-	-	-	吉備下道氏祖	under_review	textual	2026-05-25T00:00:00	claude	auto-init: 初期値
DEI-481	三野氏祖	-	-	-	吉備分流	男	-	-	-	-	-	-	-	-	-	under_review	textual	2026-05-25T00:00:00	claude	auto-init: 初期値
DEI-482	笠氏祖	-	-	-	吉備分流	男	-	-	-	-	-	-	-	-	-	under_review	textual	2026-05-25T00:00:00	claude	auto-init: 初期値
DEI-483	備後神	-	-	-	備後	-	-	-	-	-	-	-	-	-	-	under_review	textual	2026-05-25T00:00:00	claude	auto-init: 初期値
DEI-484	備前神	-	-	-	備前	-	-	-	-	-	-	-	-	-	-	under_review	textual	2026-05-25T00:00:00	claude	auto-init: 初期値
DEI-485	因幡白兎	いなばのしろうさぎ	-	-	医療神話	-	古事記	-	-	-	-	-	-	-	因幡白兎神話(医療)	verified	textual	2026-05-25T00:00:00	claude	auto-expand Phase 3: main_text_appearance に文献記載
DEI-486	白兎神	はくとしん	-	-	-	-	-	-	-	-	-	-	-	DEI-485	[統合済・参照は統合先へ] merged_into:DEI-485	under_review	textual	2026-05-25T00:00:00	claude	auto-init: 統合済
DEI-487	貝比売	かいひめ	-	-	医療神	女	古事記	-	-	-	-	-	-	-	大国主の母蘇生(蛤貝比売・蛤貝比売)	verified	textual	2026-05-25T00:00:00	claude	auto-expand Phase 3: main_text_appearance に文献記載
DEI-488	蛤貝比売	うむがいひめ	-	-	医療神	女	古事記	-	-	-	-	-	-	DEI-487	[統合済・参照は統合先へ] merged_into:DEI-487	verified	textual	2026-05-25T00:00:00	claude	auto-expand Phase 3: main_text_appearance に文献記載
DEI-489	八十神	やそがみ	-	-	八十兄弟	男	古事記	-	-	-	-	-	-	-	大国主の兄弟、敵対	verified	textual	2026-05-25T00:00:00	claude	auto-expand Phase 3: main_text_appearance に文献記載
DEI-490	因幡八上比売	やがみひめ	八上姫	-	因幡女神	女	古事記	-	-	-	-	-	-	-	因幡白兎神話の女神、大国主の最初の妻	verified	textual	2026-05-25T00:00:00	claude	auto-expand Phase 3: main_text_appearance に文献記載
DEI-491	木俣神	きのまたのかみ	-	-	-	-	古事記	-	-	-	DEI-490	-	-	-	大国主と八上比売の子	verified	textual	2026-05-25T00:00:00	claude	auto-expand Phase 3: main_text_appearance に文献記載
DEI-492	物部三神	-	-	-	-	-	先代旧事本紀	-	-	-	-	-	-	-	布都御魂・布留御魂・布都斯魂(集合)	under_review	textual	2026-05-25T00:00:00	claude	auto-init: 初期値
DEI-493	十種瑞宝(物部)	-	-	-	-	-	-	-	-	-	-	-	-	DEI-345	[統合済・参照は統合先へ] merged_into:DEI-345	under_review	textual	2026-05-25T00:00:00	claude	auto-init: 統合済
DEI-494	月日星	-	-	-	-	-	-	-	-	-	-	-	-	-	月日星(三光)集合	under_review	textual	2026-05-25T00:00:00	claude	auto-init: 初期値
DEI-495	妙見三光天	-	-	-	-	-	-	-	-	-	-	-	-	DEI-410	[統合済・参照は統合先へ] merged_into:DEI-410	under_review	textual	2026-05-25T00:00:00	claude	auto-init: 統合済
DEI-496	加賀之潜戸神	かかのくけどのかみ	-	-	出雲	-	出雲国風土記	-	-	-	-	-	-	-	出雲国風土記の佐太大神誕生地	verified	textual	2026-05-25T00:00:00	claude	auto-init: 記紀・延喜式記載
DEI-497	豊富氏祖	-	-	-	-	男	-	-	-	-	-	-	-	-	-	under_review	textual	2026-05-25T00:00:00	claude	auto-init: 初期値
DEI-498	出雲大神宮	-	-	-	丹波	-	出雲大神宮社伝	-	-	-	-	-	-	-	元出雲(丹波出雲大神宮)	under_review	textual	2026-05-25T00:00:00	claude	auto-init: 初期値
DEI-499	籠神社真名井	-	-	-	-	-	-	-	-	-	-	-	-	DEI-299	[統合済・参照は統合先へ] merged_into:DEI-299	under_review	textual	2026-05-25T00:00:00	claude	auto-init: 統合済
DEI-500	国生み諸島神	-	-	-	国生み	-	古事記|日本書紀	-	-	-	-	-	-	-	国生み 8 島(集合カテゴリ)	verified	textual	2026-05-25T00:00:00	claude	auto-expand Phase 3: main_text_appearance に文献記載
DEI-501	菅原道真	すがわらのみちざね	菅公|天神様|天満大自在天神|日本太政威徳天	かんこう|てんじんさま|てんまだいじざいてんじん	学問神/雷神/怨霊鎮魂	男	続日本紀|大鏡|北野天神縁起|天満宮社伝	天満大自在天神(神号)|火雷天神(合祀)	-	-	-	-	-	-	北野天満宮・大宰府天満宮主祭神。延喜元年(901)左遷、延喜3年(903)薨去後、怨霊化を経て天満天神として神格化(L0)。学問神・雷神。土師氏(出雲族)系	under_review	textual	2026-05-25T00:00:00	claude	auto-init: 初期値
DEI-502	火雷天神	からいてんじん	-	-	雷神/天神合祀	男	北野天神縁起	菅原道真合祀(平安末)	-	-	-	-	-	DEI-501	[統合済・参照は統合先へ] merged_into:DEI-501(怨霊鎮魂期に道真と合祀)	under_review	textual	2026-05-25T00:00:00	claude	auto-init: 統合済
DEI-503	明治天皇	めいじてんのう	睦仁親王	むつひとしんのう	皇統/近代神格化	男	明治神宮鎮座記|近代史料	-	-	-	-	-	-	-	明治神宮主祭神(SHR-629)。1852-1912、第122代天皇、近代国家形成期	under_review	textual	2026-05-25T00:00:00	claude	auto-init: 初期値
DEI-504	昭憲皇太后	しょうけんこうたいごう	一条美子	いちじょうはるこ	皇族/近代神格化	女	明治神宮鎮座記|近代史料	-	-	-	DEI-503	-	-	-	明治神宮配祀(SHR-629)、明治天皇皇后	under_review	textual	2026-05-25T00:00:00	claude	auto-init: 初期値
DEI-505	桓武天皇	かんむてんのう	山部親王	やまべしんのう	皇統	男	続日本紀|日本後紀|平安神宮鎮座記	-	-	-	-	-	-	-	平安神宮主祭神(SHR-630)。737-806、平安遷都	under_review	textual	2026-05-25T00:00:00	claude	auto-init: 初期値
DEI-506	孝明天皇	こうめいてんのう	統仁親王	おさひとしんのう	皇統/近代神格化	男	孝明天皇紀|平安神宮鎮座記	-	-	-	-	-	-	-	平安神宮配祀(SHR-630)、明治天皇父、1831-1867	under_review	textual	2026-05-25T00:00:00	claude	auto-init: 初期値
DEI-507	神武天皇	じんむてんのう	神倭伊波禮毘古命|彦火火出見|始馭天下之天皇	かんやまといわれびこのみこと|ひこほほでみ|はつくにしらすすめらみこと	皇統/初代天皇	男	古事記|日本書紀|橿原神宮鎮座記	-	-	DEI-015	DEI-508	SHR-631	-	-	橿原神宮主祭神(SHR-631)、初代天皇、九州→大和東征伝、L0	verified	textual	2026-05-25T00:00:00	claude	auto-expand Phase 3: main_text_appearance に文献記載
DEI-508	媛蹈韛五十鈴媛命	ひめたたらいすずひめのみこと	-	-	皇族/初代皇后	女	古事記|日本書紀	-	-	DEI-009	DEI-507	-	-	-	神武天皇皇后、コトシロヌシ娘、橿原神宮配祀(SHR-631)	verified	textual	2026-05-25T00:00:00	claude	auto-expand Phase 3: main_text_appearance に文献記載
DEI-509	大那牟遅神	おおなむちのかみ	大国主の別名|オオナモチ	おおくにぬしのべつめい|おおなもち	国津神(出雲)/開拓神格化	男	古事記|日本書紀|北海道神宮社伝	大国主同体	-	-	-	-	-	DEI-001	[統合済・参照は統合先へ] merged_into:DEI-001、北海道神宮(SHR-632)開拓三神の一	verified	textual	2026-05-25T00:00:00	claude	auto-expand Phase 3: main_text_appearance に文献記載
DEI-510	少彦名神	すくなびこなのかみ	少名毘古那命	すくなびこなのみこと	国津神(出雲)/開拓神格化	男	古事記|日本書紀|北海道神宮社伝	-	-	-	-	-	-	-	北海道神宮(SHR-632)開拓三神、医薬・薬草の神	verified	textual	2026-05-25T00:00:00	claude	auto-expand Phase 3: main_text_appearance に文献記載
DEI-511	大国魂神(開拓三神)	おおくにたまのかみ	国魂神	くにたまのかみ	国津神/開拓神格化	男	北海道神宮社伝	-	-	-	-	-	-	-	北海道神宮(SHR-632)開拓三神、土地神	under_review	textual	2026-05-25T00:00:00	claude	auto-init: 初期値
DEI-512	楠木正成	くすのきまさしげ	楠公|大楠公	なんこう|だいなんこう	南朝忠臣/近代神格化	男	太平記|湊川神社縁起	-	-	-	-	-	-	-	湊川神社主祭神(SHR-634)。1294-1336、南朝奉斎、明治近代殉節象徴	under_review	textual	2026-05-25T00:00:00	claude	auto-init: 初期値
DEI-513	新田義貞	にったよしさだ	-	-	南朝忠臣/近代神格化	男	太平記|藤島神社縁起	-	-	-	-	-	-	-	藤島神社主祭神(SHR-639)。1301-1338、鎌倉幕府討滅	under_review	textual	2026-05-25T00:00:00	claude	auto-init: 初期値
DEI-514	北畠親房	きたばたけちかふさ	-	-	南朝忠臣/近代神格化	男	神皇正統記|阿部野神社縁起	-	-	-	-	-	-	-	阿部野神社主祭神(SHR-635)。1293-1354、神皇正統記著者	under_review	textual	2026-05-25T00:00:00	claude	auto-init: 初期値
DEI-515	北畠顕家	きたばたけあきいえ	-	-	南朝忠臣/近代神格化	男	太平記|阿部野神社縁起	-	-	DEI-514	-	-	-	-	阿部野神社配祀(SHR-635)、北畠親房長男、1318-1338	under_review	textual	2026-05-25T00:00:00	claude	auto-init: 初期値
DEI-516	結城宗広	ゆうきむねひろ	-	-	南朝忠臣/近代神格化	男	太平記|結城神社縁起	-	-	-	-	-	-	-	結城神社主祭神(SHR-636)。?-1338、南朝奉斎	under_review	textual	2026-05-25T00:00:00	claude	auto-init: 初期値
DEI-517	名和長年	なわながとし	-	-	南朝忠臣/近代神格化	男	太平記|名和神社縁起	-	-	-	-	-	-	-	名和神社主祭神(SHR-637)。?-1336、後醍醐天皇隠岐脱出援助	under_review	textual	2026-05-25T00:00:00	claude	auto-init: 初期値
DEI-518	菊池武時	きくちたけとき	-	-	南朝忠臣/近代神格化	男	太平記|菊池神社縁起	-	-	-	-	-	-	-	菊池神社主祭神(SHR-638)。1292-1333、菊池一族祖	under_review	textual	2026-05-25T00:00:00	claude	auto-init: 初期値
DEI-519	北畠顕能	きたばたけあきよし	-	-	南朝忠臣/近代神格化	男	南朝史料|北畠神社縁起	-	-	DEI-514	-	-	-	-	北畠神社主祭神(SHR-640)、北畠親房三男	under_review	textual	2026-05-25T00:00:00	claude	auto-init: 初期値
DEI-520	宗良親王	むねながしんのう	-	-	皇族/南朝親王	男	李花集|井伊谷宮社伝	-	-	-	-	-	-	-	井伊谷宮主祭神(SHR-641)。1311-1385?、後醍醐皇子	under_review	textual	2026-05-25T00:00:00	claude	auto-init: 初期値
DEI-521	懐良親王	かねよししんのう	-	-	皇族/南朝親王	男	南朝史料|八代宮社伝	-	-	-	-	-	-	-	八代宮主祭神(SHR-642)。1329?-1383、後醍醐皇子、九州征西	under_review	textual	2026-05-25T00:00:00	claude	auto-init: 初期値
DEI-522	後醍醐天皇	ごだいごてんのう	尊治親王	たかはるしんのう	皇統/南朝天皇	男	太平記|吉野神宮鎮座記	-	-	-	-	-	-	-	吉野神宮主祭神(SHR-643)。1288-1339、南朝総本社	under_review	textual	2026-05-25T00:00:00	claude	auto-init: 初期値
DEI-523	後鳥羽天皇	ごとばてんのう	尊成親王	たかひらしんのう	皇統/院政期天皇	男	新古今和歌集|水無瀬神宮鎮座記	-	-	-	-	-	-	-	水無瀬神宮主祭神(SHR-644)。1180-1239、承久の乱・隠岐流配	under_review	textual	2026-05-25T00:00:00	claude	auto-init: 初期値
DEI-524	崇徳天皇	すとくてんのう	顕仁親王	あきひとしんのう	皇統/怨霊鎮魂	男	保元物語|白峯神宮鎮座記	怨霊化(中世以降)	-	-	-	-	-	-	白峯神宮主祭神(SHR-645)。1119-1164、保元の乱・讃岐流配・大怨霊	under_review	textual	2026-05-25T00:00:00	claude	auto-init: 初期値
DEI-525	安徳天皇	あんとくてんのう	言仁親王	ときひとしんのう	皇統/平家連帯	男	平家物語|赤間神宮鎮座記	-	-	-	-	-	-	-	赤間神宮主祭神(SHR-646)。1178-1185、壇ノ浦入水	under_review	textual	2026-05-25T00:00:00	claude	auto-init: 初期値
DEI-526	天智天皇	てんじてんのう	中大兄皇子|葛城皇子	なかのおおえのおうじ|かずらきのみこ	皇統	男	日本書紀|近江神宮鎮座記	-	-	-	-	-	-	-	近江神宮主祭神(SHR-647)。626-672、大化改新・近江京遷都	verified	textual	2026-05-25T00:00:00	claude	auto-expand Phase 3: main_text_appearance に文献記載
DEI-527	護良親王	もりよししんのう	大塔宮	おおとうのみや	皇族/南朝親王	男	太平記|鎌倉宮社伝	-	-	DEI-522	-	-	-	-	鎌倉宮主祭神(SHR-650)。1308-1335、後醍醐皇子、鎌倉幽閉	under_review	textual	2026-05-25T00:00:00	claude	auto-init: 初期値
DEI-528	和気清麻呂	わけのきよまろ	-	-	公卿/皇統護持	男	続日本紀|護王神社縁起	-	-	-	-	-	-	-	護王神社主祭神(SHR-656)。733-799、宇佐神託で道鏡阻止	under_review	textual	2026-05-25T00:00:00	claude	auto-init: 初期値
DEI-529	前田利家	まえだとしいえ	-	-	近世武将/近代神格化	男	前田家文書|尾山神社社伝	-	-	-	-	-	-	-	尾山神社主祭神(SHR-657)。1538-1599、加賀藩祖	under_review	textual	2026-05-25T00:00:00	claude	auto-init: 初期値
DEI-530	豊臣秀吉	とよとみのひでよし	羽柴秀吉|太閤	はしばひでよし|たいこう	近世統一者/近代神格化	男	太閤記|豊国神社社伝	-	-	-	-	-	-	-	京豊国神社・大阪豊国神社・名古屋豊国神社主祭神(SHR-658, 660, 661)。1537-1598	under_review	textual	2026-05-25T00:00:00	claude	auto-init: 初期値
DEI-531	乃木希典	のぎまれすけ	-	-	近代軍人/殉節象徴	男	明治期史料|乃木神社縁起	-	-	-	-	-	-	-	乃木神社主祭神(SHR-659)。1849-1912、明治天皇大葬殉死	under_review	textual	2026-05-25T00:00:00	claude	auto-init: 初期値
DEI-532	東郷平八郎	とうごうへいはちろう	-	-	近代軍人/海戦勝利	男	明治期史料|東郷神社縁起	-	-	-	-	-	-	-	東郷神社主祭神(SHR-662)。1848-1934、日本海海戦勝利	under_review	textual	2026-05-25T00:00:00	claude	auto-init: 初期値
DEI-533	徳川家康	とくがわいえやす	東照大権現|権現様	とうしょうだいごんげん|ごんげんさま	近世統一者/江戸幕府開祖	男	徳川実紀|東照宮縁起	東照大権現(神号、元和2年勅諡)	-	-	-	-	-	-	日光東照宮(SHR-940)・駿府東照宮(SHR-941)・久能山東照宮(SHR-942)主祭神。1543-1616、江戸幕府開祖、神号=東照大権現	under_review	textual	2026-05-25T00:00:00	claude	auto-init: 初期値
DEI-534	織田信長	おだのぶなが	建勲大明神|大織冠	たけいさおだいみょうじん	近世武将/明治神格化	男	信長公記|建勲神社縁起	-	-	-	-	-	-	-	建勲神社(SHR-943)主祭神。1534-1582、本能寺の変・天下統一。明治2年神格化	under_review	textual	2026-05-25T00:00:00	claude	auto-init: 初期値
DEI-535	武田信玄	たけだしんげん	武田大明神	たけだだいみょうじん	戦国大名/近代神格化	男	甲陽軍鑑|武田神社縁起	-	-	-	-	-	-	-	武田神社(SHR-944)主祭神。1521-1573、甲斐武田氏当主、躑躅ヶ崎館跡	under_review	textual	2026-05-25T00:00:00	claude	auto-init: 初期値
DEI-536	上杉謙信	うえすぎけんしん	毘沙門天化身|不識庵	びしゃもんてんけしん	戦国大名/仏神習合	男	上杉家文書|上杉神社縁起	毘沙門天習合(自称)	-	-	-	-	-	-	上杉神社(SHR-945)主祭神。1530-1578、毘沙門天信仰、川中島の戦い	under_review	textual	2026-05-25T00:00:00	claude	auto-init: 初期値
DEI-537	上杉鷹山	うえすぎようざん	-	-	近世藩政改革者/近代奉斎	男	翹楚篇|上杉神社縁起	-	-	-	DEI-536	-	-	-	上杉神社(SHR-945)合祀。1751-1822、米沢藩中興の祖	under_review	textual	2026-05-25T00:00:00	claude	auto-init: 初期値
DEI-538	伊達政宗	だてまさむね	独眼竜	どくがんりゅう	戦国大名/近代神格化	男	貞山公治家記録|青葉神社縁起	-	-	-	-	-	-	-	青葉神社(SHR-946)主祭神。1567-1636、奥州独立王権・仙台藩祖	under_review	textual	2026-05-25T00:00:00	claude	auto-init: 初期値
DEI-539	毛利元就	もうりもとなり	-	-	戦国大名/近代神格化	男	毛利家文書|豊栄神社縁起	-	-	-	-	-	-	-	豊栄神社(SHR-947)主祭神。1497-1571、安芸毛利氏拡大、三本の矢の故事	under_review	textual	2026-05-25T00:00:00	claude	auto-init: 初期値
DEI-540	島津家神格	しまづけしんかく	-	-	戦国大名/近代神格化	-	島津家文書	-	-	-	-	-	-	-	島津家神社(SHR-948)主祭神。島津家代々を集合的に奉斎	under_review	textual	2026-05-25T00:00:00	claude	auto-init: 初期値
DEI-541	源頼朝	みなもとのよりとも	右大将|鎌倉殿	うだいしょう|かまくらどの	鎌倉幕府初代将軍	男	吾妻鏡|平家物語	-	-	DEI-160	-	-	-	-	頼朝法華堂(SHR-934)関連。1147-1199、鎌倉幕府開祖、武家政権開始	under_review	textual	2026-05-25T00:00:00	claude	auto-init: 初期値
DEI-542	源義経	みなもとのよしつね	九郎判官	くろうほうがん	鎌倉源氏/英雄神格化	男	義経記|平家物語	-	-	-	-	-	-	DEI-541	義経神社(SHR-935)関連。1159-1189、平家追討・奥州流亡、近世以降英雄神格化	under_review	textual	2026-05-25T00:00:00	claude	auto-init: 初期値
DEI-543	弘法大師空海	こうぼうだいしくうかい	空海|遍照金剛	くうかい|へんじょうこんごう	真言宗開祖/即身成仏神格化	男	空海伝|高野山縁起	弘法大師(神号)	-	-	-	-	-	-	高野山奥之院(SHR-933)・高野山金剛峯寺(SHR-846)・善通寺(SHR-931)主祭神級。774-835、真言宗開祖	under_review	textual	2026-05-25T00:00:00	claude	auto-init: 初期値
DEI-544	伝教大師最澄	でんぎょうだいしさいちょう	最澄|根本伝教大師	さいちょう|こんぽんでんぎょう	天台宗開祖	男	最澄伝|延暦寺縁起	伝教大師(神号)	-	-	-	-	-	-	比叡山延暦寺総鎮守(SHR-845)関連・坂本最澄誕生地(SHR-932)。767-822、天台宗開祖	under_review	textual	2026-05-25T00:00:00	claude	auto-init: 初期値
DEI-545	親鸞	しんらん	見真大師	けんしんだいし	浄土真宗開祖	男	教行信証|歎異抄	-	-	-	-	-	-	-	西本願寺・東本願寺関連(SHR-841/842)。1173-1262、浄土真宗開祖	under_review	textual	2026-05-25T00:00:00	claude	auto-init: 初期値
DEI-546	日蓮	にちれん	立正大師	りっしょうだいし	日蓮宗開祖	男	立正安国論|日蓮遺文	-	-	-	-	-	-	-	身延山久遠寺・池上本門寺・中山法華経寺関連(SHR-838/839/840)。1222-1282、日蓮宗開祖	under_review	textual	2026-05-25T00:00:00	claude	auto-init: 初期値
DEI-547	道元	どうげん	高祖承陽大師	じょうようだいし	曹洞宗開祖	男	正法眼蔵|永平寺縁起	-	-	-	-	-	-	-	永平寺鎮守(SHR-836)関連。1200-1253、曹洞宗開祖	under_review	textual	2026-05-25T00:00:00	claude	auto-init: 初期値
DEI-548	栄西	えいさい	千光祖師	せんこうそし	臨済宗開祖	男	興禅護国論|建仁寺縁起	-	-	-	-	-	-	-	建長寺・円覚寺関連(SHR-834/835)。1141-1215、日本臨済宗開祖	under_review	textual	2026-05-25T00:00:00	claude	auto-init: 初期値
DEI-549	一遍	いっぺん	証誠大師|円照大師	しょうじょうだいし	時宗開祖	男	一遍上人語録|遊行寺縁起	-	-	-	-	-	-	-	時宗総本山遊行寺鎮守(SHR-843)関連。1239-1289、時宗開祖	under_review	textual	2026-05-25T00:00:00	claude	auto-init: 初期値
DEI-550	聖徳太子	しょうとくたいし	厩戸皇子|上宮王|豊聡耳皇子	うまやどのおうじ|じょうぐうおう|とよとみみのおうじ	皇族/政治家/仏教興隆	男	日本書紀|聖徳太子伝暦	-	-	-	-	-	-	-	法隆寺(SHR-928)・四天王寺(SHR-929)関連。574-622、推古朝摂政、十七条憲法・冠位十二階	verified	textual	2026-05-25T00:00:00	claude	auto-expand Phase 3: main_text_appearance に文献記載
DEI-551	鑑真	がんじん	過海大師	かかいだいし	唐僧/律宗開祖	男	唐大和上東征伝	-	-	-	-	-	-	-	唐招提寺(SHR-930)関連。688-763、6 度の渡航失敗を経て来日、戒律伝来	under_review	textual	2026-05-25T00:00:00	claude	auto-init: 初期値
DEI-552	光明皇后	こうみょうこうごう	藤原安宿媛	ふじわらのあすかべひめ	皇族/仏教興隆	女	続日本紀|光明皇后伝	-	-	DEI-552	-	-	-	-	法華寺(SHR-934)主祭神級。701-760、藤原不比等娘、聖武皇后、東大寺大仏建立	under_review	textual	2026-05-25T00:00:00	claude	auto-init: 初期値
DEI-553	綏靖天皇	すいぜいてんのう	神渟名川耳尊	かんぬなかわみみのみこと	皇統/欠史八代	男	古事記|日本書紀	-	-	DEI-507	-	-	-	-	第 2 代天皇、欠史八代の一(L1 系譜上の存在のみ)、桃花鳥田丘上陵(SHR-927)	verified	textual	2026-05-25T00:00:00	claude	auto-expand Phase 3: main_text_appearance に文献記載
DEI-554	安寧天皇	あんねいてんのう	磯城津彦玉手看尊	しきつひこたまでみのみこと	皇統/欠史八代	男	古事記|日本書紀	-	-	DEI-553	-	-	-	-	第 3 代天皇、欠史八代(L1)	verified	textual	2026-05-25T00:00:00	claude	auto-expand Phase 3: main_text_appearance に文献記載
DEI-555	懿徳天皇	いとくてんのう	大日本彦耜友尊	おおやまとひこすきとものみこと	皇統/欠史八代	男	古事記|日本書紀	-	-	DEI-554	-	-	-	-	第 4 代天皇、欠史八代(L1)	verified	textual	2026-05-25T00:00:00	claude	auto-expand Phase 3: main_text_appearance に文献記載
DEI-556	孝昭天皇	こうしょうてんのう	観松彦香殖稲尊	みまつひこかえしねのみこと	皇統/欠史八代	男	古事記|日本書紀	-	-	DEI-555	-	-	-	-	第 5 代天皇、欠史八代(L1)	verified	textual	2026-05-25T00:00:00	claude	auto-expand Phase 3: main_text_appearance に文献記載
DEI-557	孝安天皇	こうあんてんのう	日本足彦国押人尊	やまとたらしひこくにおしひとのみこと	皇統/欠史八代	男	古事記|日本書紀	-	-	DEI-556	-	-	-	-	第 6 代天皇、欠史八代(L1)	verified	textual	2026-05-25T00:00:00	claude	auto-expand Phase 3: main_text_appearance に文献記載
DEI-558	孝霊天皇	こうれいてんのう	大日本根子彦太瓊尊	おおやまとねこひこふとにのみこと	皇統/欠史八代	男	古事記|日本書紀	-	-	DEI-557	-	-	-	-	第 7 代天皇、欠史八代(L1)、吉備津彦の父(L1)	verified	textual	2026-05-25T00:00:00	claude	auto-expand Phase 3: main_text_appearance に文献記載
DEI-559	孝元天皇	こうげんてんのう	大日本根子彦国牽尊	おおやまとねこひこくにくるのみこと	皇統/欠史八代	男	古事記|日本書紀	-	-	DEI-558	-	-	-	-	第 8 代天皇、欠史八代(L1)、武内宿禰祖父(L1)	verified	textual	2026-05-25T00:00:00	claude	auto-expand Phase 3: main_text_appearance に文献記載
DEI-560	開化天皇	かいかてんのう	稚日本根子彦大日日尊	わかやまとねこひこおおひひのみこと	皇統/欠史八代	男	古事記|日本書紀	-	-	DEI-559	-	-	-	-	第 9 代天皇、欠史八代の最終、崇神朝への継承	verified	textual	2026-05-25T00:00:00	claude	auto-expand Phase 3: main_text_appearance に文献記載
DEI-561	崇神天皇	すじんてんのう	御間城入彦五十瓊殖尊|ハツクニシラス スメラミコト	みまきいりひこいにえのみこと|はつくにしらすすめらみこと	皇統/三輪王権	男	古事記|日本書紀|出雲国造神賀詞	-	-	DEI-560	-	SHR-925_x	-	-	第 10 代天皇、三輪王権、実在確実視(L0)、崇神陵(SHR-928)。ハツクニシラス(初国知らす)称号	verified	textual	2026-05-25T00:00:00	claude	auto-expand Phase 3: main_text_appearance に文献記載
DEI-562	垂仁天皇	すいにんてんのう	活目入彦五十狭茅尊	いくめいりひこいさちのみこと	皇統	男	古事記|日本書紀	-	-	DEI-561	-	-	-	-	第 11 代天皇、伊勢神宮鎮座(倭姫命の御杖代)	verified	textual	2026-05-25T00:00:00	claude	auto-expand Phase 3: main_text_appearance に文献記載
DEI-563	景行天皇	けいこうてんのう	大足彦忍代別尊	おおたらしひこおしろわけのみこと	皇統	男	古事記|日本書紀	-	-	DEI-562	-	-	-	-	第 12 代天皇、ヤマトタケルの父	verified	textual	2026-05-25T00:00:00	claude	auto-expand Phase 3: main_text_appearance に文献記載
DEI-564	成務天皇	せいむてんのう	稚足彦尊	わかたらしひこのみこと	皇統	男	古事記|日本書紀	-	-	DEI-563	-	-	-	-	第 13 代天皇、国造制度創設	verified	textual	2026-05-25T00:00:00	claude	auto-expand Phase 3: main_text_appearance に文献記載
DEI-565	仲哀天皇	ちゅうあいてんのう	足仲彦尊	たらしなかつひこのみこと	皇統	男	古事記|日本書紀	-	-	DEI-016	DEI-183	-	-	-	第 14 代天皇、神功皇后の夫、ヤマトタケルの子	verified	textual	2026-05-25T00:00:00	claude	auto-expand Phase 3: main_text_appearance に文献記載
DEI-566	仁徳天皇	にんとくてんのう	大鷦鷯尊	おおさざきのみこと	皇統	男	古事記|日本書紀	-	-	DEI-182	-	SHR-932	-	-	第 16 代天皇、応神の子、仁徳陵=世界最大級前方後円墳(SHR-932)	verified	textual	2026-05-25T00:00:00	claude	auto-expand Phase 3: main_text_appearance に文献記載
DEI-567	履中天皇	りちゅうてんのう	大兄去来穂別尊	おおえいざほわけのみこと	皇統	男	古事記|日本書紀	-	-	DEI-566	-	-	-	-	第 17 代天皇、履中朝	verified	textual	2026-05-25T00:00:00	claude	auto-expand Phase 3: main_text_appearance に文献記載
DEI-568	雄略天皇	ゆうりゃくてんのう	大泊瀬幼武尊|大長谷若建命	おおはつせのわかたけるのみこと	皇統/雄略朝	男	古事記|日本書紀|稲荷山鉄剣銘	-	-	DEI-567	-	-	-	-	第 21 代天皇、稲荷山古墳出土鉄剣銘ワカタケル大王の比定者(L0)	verified	textual	2026-05-25T00:00:00	claude	auto-expand Phase 3: main_text_appearance に文献記載
DEI-569	継体天皇	けいたいてんのう	男大迹王	おおどのおおきみ	皇統/王朝交代説	男	古事記|日本書紀|上宮記	-	-	-	-	-	-	-	第 26 代天皇、越前出身、王朝交代説(L2)、応神 5 世孫を称す	verified	textual	2026-05-25T00:00:00	claude	auto-expand Phase 3: main_text_appearance に文献記載
DEI-570	欽明天皇	きんめいてんのう	天国排開広庭尊	あめくにおしはらきひろにわのみこと	皇統	男	古事記|日本書紀	-	-	DEI-569	-	-	-	-	第 29 代天皇、仏教公伝(欽明 13 年=552 年説 L0)	verified	textual	2026-05-25T00:00:00	claude	auto-expand Phase 3: main_text_appearance に文献記載
DEI-571	敏達天皇	びだつてんのう	渟中倉太珠敷尊	ぬなくらのふとたましきのみこと	皇統	男	古事記|日本書紀	-	-	DEI-570	-	-	-	-	第 30 代天皇、敏達朝	verified	textual	2026-05-25T00:00:00	claude	auto-expand Phase 3: main_text_appearance に文献記載
DEI-572	用明天皇	ようめいてんのう	橘豊日尊	たちばなのとよひのみこと	皇統/聖徳太子父	男	古事記|日本書紀	-	-	DEI-570	-	-	-	-	第 31 代天皇、聖徳太子の父、四天王寺建立(SHR-929)	verified	textual	2026-05-25T00:00:00	claude	auto-expand Phase 3: main_text_appearance に文献記載
DEI-573	崇峻天皇	すしゅんてんのう	泊瀬部尊	はつせべのみこと	皇統/暗殺	男	古事記|日本書紀	-	-	DEI-570	-	-	-	-	第 32 代天皇、蘇我馬子に暗殺(史上唯一の暗殺天皇)	verified	textual	2026-05-25T00:00:00	claude	auto-expand Phase 3: main_text_appearance に文献記載
DEI-574	推古天皇	すいこてんのう	豊御食炊屋姫尊	とよみけかしきやひめのみこと	皇統/初の女帝	女	古事記|日本書紀	-	-	DEI-570	DEI-571	-	-	-	第 33 代天皇、初の女帝、聖徳太子摂政、敏達皇后	verified	textual	2026-05-25T00:00:00	claude	auto-expand Phase 3: main_text_appearance に文献記載
DEI-575	舒明天皇	じょめいてんのう	息長足日広額尊	おきながたらしひひろぬかのみこと	皇統	男	古事記|日本書紀	-	-	-	-	-	-	-	第 34 代天皇、舒明朝	verified	textual	2026-05-25T00:00:00	claude	auto-expand Phase 3: main_text_appearance に文献記載
DEI-576	皇極天皇	こうぎょくてんのう	宝姫|斉明天皇	たからのおおきみ|さいめいてんのう	皇統/重祚	女	日本書紀	-	-	-	-	-	-	-	第 35・37 代天皇(重祚)、斉明天皇、白村江の戦い前夜	verified	textual	2026-05-25T00:00:00	claude	auto-expand Phase 3: main_text_appearance に文献記載
DEI-577	天武天皇	てんむてんのう	大海人皇子	おおあまのおうじ	皇統/壬申の乱	男	日本書紀|万葉集	-	-	-	DEI-578	SHR-934	-	-	第 40 代天皇、壬申の乱(672)で勝利、律令体制基礎	verified	textual	2026-05-25T00:00:00	claude	auto-expand Phase 3: main_text_appearance に文献記載
DEI-578	持統天皇	じとうてんのう	鸕野讃良皇女	うののさららのひめみこ	皇統/初の譲位天皇	女	日本書紀|万葉集	-	-	DEI-526	DEI-577	SHR-934	-	-	第 41 代天皇、天智娘・天武皇后、初の譲位、藤原京遷都	verified	textual	2026-05-25T00:00:00	claude	auto-expand Phase 3: main_text_appearance に文献記載
DEI-579	聖武天皇	しょうむてんのう	首皇子	おびとのおうじ	皇統/仏教興隆	男	続日本紀|奈良県史料	-	-	-	DEI-552	-	-	-	第 45 代天皇、東大寺大仏建立(749 年完成)、聖武妃=光明皇后	under_review	textual	2026-05-25T00:00:00	claude	auto-init: 初期値
DEI-580	光仁天皇	こうにんてんのう	白壁王	しらかべのおおきみ	皇統/天武→天智系移行	男	続日本紀	-	-	DEI-526	-	-	-	-	第 49 代天皇、天智系への王統移行(770)、桓武の父	under_review	textual	2026-05-25T00:00:00	claude	auto-init: 初期値
DEI-581	嵯峨天皇	さがてんのう	神野親王	かみののしんのう	皇統/平安初期	男	日本後紀|平安期史料	-	-	DEI-505	-	-	-	-	第 52 代天皇、桓武の子、平安遷都体制完成、空海・最澄保護	under_review	textual	2026-05-25T00:00:00	claude	auto-init: 初期値
DEI-582	醍醐天皇	だいごてんのう	敦仁親王	あつぎみしんのう	皇統/延喜の治	男	日本紀略|延喜式	-	-	-	-	-	-	-	第 60 代天皇、延喜の治、延喜式編纂期(927 完成)	verified	textual	2026-05-25T00:00:00	claude	auto-init: 記紀・延喜式記載
DEI-583	穂高見命	ほたかみのみこと	宇都志日金析命|ウツシヒガナサク	うつしひがなさくのみこと	海神/阿曇祖神	男	古事記|新撰姓氏録|穂高神社社伝	-	-	DEI-168	-	-	-	-	阿曇連の直接の祖。綿津見神の子。安曇野穂高神社主祭神。内陸展開の象徴(L3)	verified	textual	2026-05-25T00:00:00	claude	auto-expand Phase 3: main_text_appearance に文献記載
DEI-584	振魂命	ふるたまのみこと	布留多摩命	ふるたまのみこと	海人祖神	男	新撰姓氏録	-	-	-	-	-	-	-	尾張・海部・津守連の遠祖とされる海人系祖神(L2)	under_review	textual	2026-05-25T00:00:00	claude	auto-init: 初期値
DEI-585	椎根津彦	しいねつひこ	珍彦|宇豆毘古|神知津彦	うづひこ|かむしりつひこ	海導神/倭国造祖	男	古事記|日本書紀	-	-	-	-	-	-	-	神武東征で速吸門の海路を導いた海人。倭国造の祖(L1)	verified	textual	2026-05-25T00:00:00	claude	auto-expand Phase 3: main_text_appearance に文献記載
DEI-586	御食津神	みけつかみ	御饌津神|保食神習合	みけつかみ	食物神/贄神	-	延喜式|諸社伝	保食神・豊受習合	-	-	-	-	-	-	御食国の贄(にえ)を司る神。海産物貢納の祭祀核(L1)	verified	textual	2026-05-25T00:00:00	claude	auto-expand Phase 3: main_text_appearance に文献記載
DEI-587	蛭子命	ひるこのみこと	蛭児|恵比寿習合	ひるこ|えびす	漂着神/寄り神	男	古事記|日本書紀|西宮神社社伝	恵比寿神(中世以降)	-	DEI-005	-	-	-	-	イザナギ・イザナミの最初の子、流された。中世に恵比寿と習合、西宮神社主祭神(L1)	verified	textual	2026-05-25T00:00:00	claude	auto-expand Phase 3: main_text_appearance に文献記載
DEI-588	恵比寿神	えびすしん	戎|夷|蛭子|事代主習合	えびす	漁業神/商業神/寄り神	男	中世神道書|西宮神社社伝|美保神社社伝	事代主・蛭子と習合	-	-	-	-	-	-	海から漂着する寄り神。事代主(美保)系と蛭子(西宮)系の二系統(L1-L2)	under_review	textual	2026-05-25T00:00:00	claude	auto-init: 初期値
DEI-589	豊玉彦	とよたまひこ	海神豊玉彦|綿津見豊玉彦	とよたまひこ	海神	男	日本書紀|和多都美神社社伝	大綿津見神同体	-	-	-	-	-	DEI-168	[統合済・参照は統合先へ] merged_into:DEI-168。豊玉姫・玉依姫の父、海宮の主。対馬和多都美神社祭神	verified	textual	2026-05-25T00:00:00	claude	auto-expand Phase 3: main_text_appearance に文献記載
DEI-590	少童命	わたつみのみこと	少童神|綿津見少童	わたつみのみこと	海神	-	日本書紀	綿津見三神総体	-	-	-	-	-	DEI-177	[統合済・参照は統合先へ] merged_into:DEI-177。書紀での綿津見神の表記「少童命」	verified	textual	2026-05-25T00:00:00	claude	auto-expand Phase 3: main_text_appearance に文献記載
DEI-591	住吉大神	すみよしのおおかみ	墨江三前大神|住吉三神総体	すみのえのみまえのおおかみ	海路神総体	男	古事記|日本書紀|住吉大社神代記	-	-	-	-	-	-	-	住吉三神の総体表記。航海守護・和歌の神。津守氏奉斎	verified	textual	2026-05-25T00:00:00	claude	auto-expand Phase 3: main_text_appearance に文献記載
DEI-592	表筒男・中筒男・底筒男総体	つつのおさんしん	住吉三筒男	つつのお	海路神	男	古事記|日本書紀	-	-	-	-	-	-	DEI-591	[統合済・参照は統合先へ] merged_into:DEI-591。三筒男神の集合表記	verified	textual	2026-05-25T00:00:00	claude	auto-expand Phase 3: main_text_appearance に文献記載
DEI-593	豊比咩大神	とよひめのおおかみ	豊姫|淳熨斗媛	とよひめ	海人女神	女	肥前国風土記|諸社伝	-	-	-	-	-	-	-	神功皇后の妹とも、海人系の豊穣女神。河上・豊姫信仰(L2)	verified	textual	2026-05-25T00:00:00	claude	auto-expand Phase 3: main_text_appearance に文献記載
DEI-594	宇賀神	うがじん	宇賀之御魂習合|蛇神	うがじん	海・水・福神	-	中世神道書	宇迦之御魂・弁才天と習合	-	-	-	-	-	-	蛇体の福神。市杵島姫=弁才天と習合し海・水の福徳神に(L2)	under_review	textual	2026-05-25T00:00:00	claude	auto-init: 初期値
DEI-595	船霊神	ふなだまのかみ	船魂|船玉	ふなだま	船守護神	女	民俗資料|諸社伝	-	-	-	-	-	-	-	船に宿る女神。女性の髪・賽子・人形を御神体に納める海人民俗信仰(L1)	under_review	textual	2026-05-25T00:00:00	claude	auto-init: 初期値
DEI-596	綿津見豊玉彦娘玉依姫(海宮)	わたつみたまよりひめ	海宮玉依姫	たまよりひめ	海神女神	女	古事記|日本書紀	-	-	DEI-589	-	-	-	DEI-089	[統合済・参照は統合先へ] merged_into:DEI-089。海宮の豊玉彦の娘としての玉依姫	verified	textual	2026-05-25T00:00:00	claude	auto-expand Phase 3: main_text_appearance に文献記載
DEI-597	阿曇百足	あづみのももたり	安曇百足	あづみのももたり	阿曇族長(人物神格化)	男	日本書紀	-	-	DEI-167	-	-	-	-	白村江の戦い(663)に阿曇比羅夫と共に出征した阿曇族の将(L1)	verified	textual	2026-05-25T00:00:00	claude	auto-expand Phase 3: main_text_appearance に文献記載
DEI-598	阿曇比羅夫	あづみのひらふ	安曇比羅夫	あづみのひらふ	阿曇族将(人物神格化)	男	日本書紀	-	-	DEI-167	-	-	-	-	白村江の戦いの阿曇水軍の将。海人の軍事的頂点と敗北の象徴(L0)	verified	textual	2026-05-25T00:00:00	claude	auto-expand Phase 3: main_text_appearance に文献記載
DEI-599	天忍穂耳尊	あめのおしほみみのみこと	正勝吾勝勝速日天忍穂耳命|天忍穂耳命|正哉吾勝勝速日天忍穂耳尊|忍穂耳命	まさかつあかつかちはやひあめのおしほみみのみこと|まさやあかつかちはやひあめのおしほみみのみこと	王権神/皇祖神	男	古事記|日本書紀|延喜式	-	-	DEI-003	DEI-600	SHR-002	-	-	天照大御神の長男。誓約(うけい)で素戔嗚の剣から成った五男神の長子。天孫降臨を命じられたが、子の邇邇芸を代わりに降臨させた (古事記)。皇統の直接の祖。英彦山神宮 (福岡)・宝満宮竈門神社 (福岡)・天忍穂井神社等に祀られる	verified	textual	2026-05-27T00:00:00	claude	古事記神代・日本書紀神代第六段・延喜式神名帳
DEI-600	栲幡千千姫命	たくはたちぢひめのみこと	万幡豊秋津師比売命|万幡姫|栲幡千々姫|栲幡千千姫万幡比売命|栲幡千千姫万幡比売命	よろずはたとよあきつしひめのみこと|まはたひめ|たくはたちぢひめ	王権神/織物神	女	古事記|日本書紀|延喜式	-	-	DEI-007	DEI-599	-	-	-	高皇産霊神の娘。天忍穂耳尊の妻、邇邇芸尊の母。古事記では「萬幡豊秋津師比売命」(よろずはたとよあきつしひめのみこと)、書紀では「栲幡千千姫」と表記。織物の神格化、皇祖系譜の重要な女性神格	verified	textual	2026-05-27T00:00:00	claude	古事記神代・日本書紀神代第六段一書
DEI-601	塩椎神	しおつちのかみ	塩土老翁|塩筒老翁神|シオツチノオジ|事勝国勝長狭神|シオツチ	しおつちのおじ|ことかつくにかつながさのかみ|しおつち	海神/智恵神	男	古事記|日本書紀	-	-	-	-	-	-	-	海の塩水を司る神。日向神話で山幸彦 (彦火火出見) に潮汐を操る潮盈珠・潮乾珠の知恵を授け、海宮 (綿津見宮) への道を教えた老翁神。神武東征前の塩竈の神話でも東遷を勧めた。塩竈神社 (宮城)・志波彦神社等に祀られる	verified	textual	2026-05-27T00:00:00	claude	古事記神代下 (海幸山幸段)・日本書紀神代下 第十段
DEI-602	宇摩志麻治命	うましまぢのみこと	可美真手命|味間見命|ウマシマヂ|ウマシマジ	うましまでのみこと|うましまみのみこと|うましまぢ	王権神/物部氏祖神	男	日本書紀|先代旧事本紀|新撰姓氏録	-	-	DEI-340	-	SHR-011	-	-	饒速日命 (DEI-340) の子。物部氏・穂積氏・采女氏の祖神。神武東征時、父饒速日の十種神宝 (とくさのかんだから) を継承し、神武天皇に帰順して石上神宮 (奈良) の祭祀権を確立。先代旧事本紀の中核人物	verified	genealogical	2026-05-27T00:00:00	claude	日本書紀神武紀・先代旧事本紀天神本紀・新撰姓氏録
DEI-603	天日鷲命	あめのひわしのみこと	天日鷲翔矢命|天日鷲神|アメノヒワシ	あめのひわしかけるやのみこと|あめのひわし	産業神/阿波忌部氏祖神	男	古語拾遺|日本書紀|延喜式	-	-	-	-	-	-	-	阿波忌部氏の祖神。天岩戸神話で天太玉命と共に祭祀道具を整え、麻・楮・木綿等の繊維作物の栽培と織物・紙の生産を司る。古語拾遺で阿波国 (徳島) 開拓の祖と伝、忌部神社 (徳島)・大麻比古神社系祭祀との関連。鷲信仰の起源でもある	verified	textual	2026-05-27T00:00:00	claude	古語拾遺・日本書紀神代上・延喜式神名帳
DEI-604	宇摩志阿斯訶備比古遅神	うましあしかびひこじのかみ	可美葦牙彦舅尊|ウマシアシカビヒコジ	うましあしかびひこじのみこと|うましあしかびひこじ	原初神/別天津神	-	古事記|日本書紀	-	-	-	-	-	-	-	別天津神 (ことあまつかみ) 5 柱の第 4 神。古事記神代上、国稚く浮かべる脂のごとくして海月なす漂へる時、葦牙 (あしかび) のごとく萌え騰る物に因りて成りませる独神。書紀神代上第一段第二第三一書に可美葦牙彦舅尊として登場。生命力萌出の原型神格、独神 (ひとりがみ) で隠身	verified	textual	2026-05-28T00:00:00	claude	古事記神代上|日本書紀神代上
DEI-605	天之常立神	あめのとこたちのかみ	天常立尊|アメノトコタチ	あめのとこたちのみこと|あめのとこたち	原初神/別天津神	-	古事記|日本書紀	-	-	-	-	-	-	-	別天津神 5 柱の最後 (第 5 神)。古事記神代上、宇摩志阿斯訶備比古遅神の次に成り坐し、天の常住・恒久を象徴する独神。書紀第一段第六一書に登場。造化三神 + 宇摩志 + 天之常立 で別天津神 (ことあまつかみ) 5 柱を構成、神世七代に先立つ宇宙生成最初期の神格	verified	textual	2026-05-28T00:00:00	claude	古事記神代上|日本書紀神代上
DEI-606	国之常立神	くにのとこたちのかみ	国常立尊|クニノトコタチ	くにのとこたちのみこと|くにのとこたち	原初神/神世七代	-	古事記|日本書紀	-	-	-	-	-	-	-	神世七代 (かみのよななよ) の第 1 神。古事記では神世七代の筆頭、書紀本文では天地開闢の最初の神とされる。国土の恒久・大地の永続を象徴する独神 (ひとりがみ) で隠身。中世神道 (吉田神道・伊勢神道) では宇宙の根源神として再評価され、玉置神社 (奈良)・常立寺等に祀られる	verified	textual	2026-05-28T00:00:00	claude	古事記神代上|日本書紀神代上
DEI-607	豊雲野神	とよくもののかみ	豊国主尊|豊斟渟尊|トヨクモノ	とよくにぬしのみこと|とよくむぬのみこと|とよくもの	原初神/神世七代	-	古事記|日本書紀	-	-	-	-	-	-	-	神世七代の第 2 神。古事記で国之常立神の次に成り坐す独神。書紀では豊斟渟尊 (とよくむぬのみこと)・豊国主尊と表記。豊穣な雲野・原野・国土の生成を象徴。書紀本文では国常立に次ぐ第 2 神とされる。山口県下松市の豊雲野神社等に祀られる	verified	textual	2026-05-28T00:00:00	claude	古事記神代上|日本書紀神代上
DEI-608	宇比地邇神	うひぢにのかみ	埿土煮尊|ウヒヂニ	うひぢにのみこと|うひぢに	原初神/神世七代	男	古事記|日本書紀	-	-	-	DEI-609	-	-	-	神世七代第 3 代の男神、須比智邇神と対偶神 (双成神)。古事記神代上、書紀神代上第二段。泥土 (うひぢ) を神格化、未だ陸地と海が分かれぬ混沌たる泥状の状態を象徴。須比智邇との対で神世七代最初の対偶神を成し、以後神生み・国生みへ繋がる原型を予示	verified	textual	2026-05-28T00:00:00	claude	古事記神代上|日本書紀神代上
DEI-609	須比智邇神	すひぢにのかみ	沙土煮尊|スヒヂニ	すひぢにのみこと|すひぢに	原初神/神世七代	女	古事記|日本書紀	-	-	-	DEI-608	-	-	-	神世七代第 3 代の女神、宇比地邇神の妹神 (対偶神)。書紀では沙土煮尊。沙土 (すひぢ) の擬人化、宇比地邇 (泥土) と対で混沌的物質の最初の分化を象徴。神世七代の最初の男女対偶神	verified	textual	2026-05-28T00:00:00	claude	古事記神代上|日本書紀神代上
DEI-610	角杙神	つのぐひのかみ	角樴尊|ツノグヒ	つのぐひのみこと|つのぐひ	原初神/神世七代	男	古事記|日本書紀	-	-	-	DEI-611	-	-	-	神世七代第 4 代の男神、活杙神と対偶神。古事記神代上、書紀神代上第三段。角ぐむ (萌え出る) 杙 (くひ・杭) を神格化、固着・定着・芽吹きの始原を象徴。生命の萌芽が形を成す段階を表す	verified	textual	2026-05-28T00:00:00	claude	古事記神代上|日本書紀神代上
DEI-611	活杙神	いくぐひのかみ	活樴尊|イクグヒ	いくぐひのみこと|いくぐひ	原初神/神世七代	女	古事記|日本書紀	-	-	-	DEI-610	-	-	-	神世七代第 4 代の女神、角杙神の妹神 (対偶神)。書紀では活樴尊。活き活きと生長する杙の擬人化、角杙との対で生命力の発現と定着を象徴	verified	textual	2026-05-28T00:00:00	claude	古事記神代上|日本書紀神代上
DEI-612	意富斗能地神	おほとのぢのかみ	大戸之道尊|大苫辺尊|オホトノヂ	おほとのぢのみこと|おほとのぢ	原初神/神世七代	男	古事記|日本書紀	-	-	-	DEI-613	-	-	-	神世七代第 5 代の男神、大斗乃弁神と対偶神。古事記、書紀第四段。大いなる戸 (門・境界) と道を神格化、宇宙的空間の境界と通路の形成を象徴。書紀では大戸之道尊・大苫辺尊	verified	textual	2026-05-28T00:00:00	claude	古事記神代上|日本書紀神代上
DEI-613	大斗乃弁神	おほとのべのかみ	大戸辺尊|大苫辺尊|オホトノベ	おほとのべのみこと|おほとのべ	原初神/神世七代	女	古事記|日本書紀	-	-	-	DEI-612	-	-	-	神世七代第 5 代の女神、意富斗能地神の妹神 (対偶神)。書紀では大戸辺尊。大いなる戸辺 (とべ・門の傍ら) の擬人化、意富斗能地との対で空間境界の両極を象徴	verified	textual	2026-05-28T00:00:00	claude	古事記神代上|日本書紀神代上
DEI-614	於母陀流神	おもだるのかみ	面足尊|オモダル	おもだるのみこと|おもだる	原初神/神世七代	男	古事記|日本書紀	-	-	-	DEI-615	-	-	-	神世七代第 6 代の男神、阿夜訶志古泥神と対偶神。古事記、書紀第五段。面足 (おもだる・容貌完全) を神格化、形象の完成を象徴。書紀では面足尊。中世神道では大日如来と習合 (両部神道)、第六天魔王として再解釈もされる	verified	textual	2026-05-28T00:00:00	claude	古事記神代上|日本書紀神代上
DEI-615	阿夜訶志古泥神	あやかしこねのかみ	惶根尊|綾惶根尊|アヤカシコネ	かしこねのみこと|あやかしこね	原初神/神世七代	女	古事記|日本書紀	-	-	-	DEI-614	-	-	-	神世七代第 6 代の女神、於母陀流神の妹神 (対偶神)。書紀では惶根尊・綾惶根尊。「ああ畏 (かしこ) 」という嘆息の擬人化、容貌完成への驚嘆と畏敬を象徴。於母陀流との対で形象的完全性を成し、次代イザナギ・イザナミの神生みへ繋がる	verified	textual	2026-05-28T00:00:00	claude	古事記神代上|日本書紀神代上
