master_id	canonical_name	canonical_reading	old_names	alternative_names	prefecture	address	coordinates	main_deity_ids	secondary_deity_ids	related_clan_ids	shrine_rank_ancient	shrine_rank_modern	founding_year_estimated	founding_legend	notes
SHR-001	出雲大社	いずもおおやしろ	杵築大社|杵築神社	出雲大神宮(古名)	島根県	出雲市大社町杵築東195	35.4019,132.6855	DEI-001	-	-	名神大社|出雲国造神賀詞奏上社	官幣大社|別表神社	不明(神話時代)	国譲り後にタカミムスビが大国主のために天日隅宮を造営	古代高層神殿伝承(48m級、IZM-119/125連結)。明治4年改称
SHR-002	皇大神宮	こうたいじんぐう	伊勢神宮内宮	伊勢神宮(内宮)	三重県	伊勢市宇治館町1	34.4549,136.7256	DEI-003	-	-	名神大社|二十二社	官幣大社|神宮(本宗)	垂仁天皇25年(BCE 5、伝)	倭姫命の御杖代巡幸の末に鎮座	式年遷宮20年周期。神宮125社の中心
SHR-003	豊受大神宮	とようけだいじんぐう	伊勢神宮外宮	伊勢神宮(外宮)	三重県	伊勢市豊川町279	34.4870,136.7042	-	-	-	名神大社	官幣大社|神宮	雄略天皇22年(478、伝)	豊受大神を丹波から遷座	豊受大神は deity_master 未登録。次回追加予定
SHR-004	熊野大社	くまのたいしゃ	熊野坐神社	-	島根県	松江市八雲町熊野2451	35.3892,133.0500	DEI-002	-	CLN-NN(出雲国造)	名神大社|出雲国一宮	国幣大社|別表神社	不明(神話時代)	出雲国造祭祀の本源、火継神事の発祥	祭神「熊野加武呂命」=スサノオ別名(社伝)。出雲国造はここで火継神事を行う(IZM-083, 134)
SHR-005	熊野本宮大社	くまのほんぐうたいしゃ	熊野坐神社|本宮	紀伊熊野三山の本宮	和歌山県	田辺市本宮町本宮1110	33.8403,135.7728	DEI-002	-	-	名神大社	官幣大社|別表神社	崇神天皇65年(伝)	熊野権現降臨伝	祭神「家都美御子大神」=スサノオ同体説。出雲熊野との関係は仮説レベル2-3
SHR-006	諏訪大社	すわたいしゃ	諏訪神社	諏訪明神	長野県	諏訪市・茅野市・下諏訪町(四宮)	35.9985,138.1238	DEI-010	DEI-029	CLN-NN(諏訪氏・守矢氏)	名神大社|信濃国一宮	官幣大社|別表神社	不明	タケミナカタが諏訪へ退避(古事記)	四宮制(上社本宮・前宮、下社春宮・秋宮)。各宮を別レコード化検討中。守矢氏ミシャグジ信仰と重層
SHR-007	鹿島神宮	かしまじんぐう	鹿島大神宮	-	茨城県	鹿嶋市宮中2306-1	35.9682,140.6315	DEI-011	-	CLN-NN(中臣氏→藤原氏)	名神大社|常陸国一宮	官幣大社|別表神社	神武天皇即位年(伝)	タケミカヅチ鎮座伝承	国譲り武神を祭る東国の中軸社。藤原氏氏神として春日大社に分祀
SHR-008	香取神宮	かとりじんぐう	香取大神宮	-	千葉県	香取市香取1697-1	35.8870,140.5279	DEI-012	-	CLN-NN(物部氏)	名神大社|下総国一宮	官幣大社|別表神社	神武天皇18年(伝)	フツヌシ鎮座伝承	物部氏氏神。書紀では国譲り主役。鹿島と並ぶ東国武神
SHR-009	宗像大社	むなかたたいしゃ	宗像神社	宗像三女神社	福岡県	宗像市田島2331(辺津宮)	33.8328,130.5145	DEI-019	DEI-017|DEI-018	CLN-NN(宗像氏)	名神大社|筑前国一宮	官幣大社|別表神社	不明(古墳期から祭祀)	誓約で生まれた宗像三女神を奉斎	辺津宮(田島)・中津宮(大島)・沖津宮(沖ノ島)の三宮制。沖ノ島祭祀遺物群=「海の正倉院」(国宝)
SHR-010	大神神社	おおみわじんじゃ	-	三輪明神	奈良県	桜井市三輪1422	34.5285,135.8531	DEI-014	-	CLN-NN(三輪氏)	名神大社|大和国一宮	官幣大社|別表神社	崇神天皇朝(神話的)	大物主の神托で大田田根子が祀る	本殿を持たず三輪山自体が神体。最古層神道形態。崇神朝祟り神話の中心
SHR-011	石上神宮	いそのかみじんぐう	石上振神社	布留社	奈良県	天理市布留町384	34.5979,135.8513	-	-	CLN-NN(物部氏)	名神大社	官幣大社|別表神社	崇神天皇7年(伝)	物部氏祖神を祀る神宝の社	祭神「布都御魂大神」(国譲り剣の御霊)。物部氏の総氏神
SHR-012	春日大社	かすがたいしゃ	春日神社	-	奈良県	奈良市春日野町160	34.6817,135.8483	DEI-011	DEI-012	CLN-NN(藤原氏)	名神大社|二十二社	官幣大社|別表神社	神護景雲2年(768)	鹿島・香取から武甕槌・経津主を勧請	藤原氏氏神。第三・第四殿に天児屋根命・比売神(藤原氏直系祖神)を併祀
SHR-013	賀茂別雷神社	かもわけいかづちじんじゃ	-	上賀茂神社	京都府	京都市北区上賀茂本山339	35.0598,135.7530	-	-	CLN-NN(賀茂氏)	名神大社|山城国一宮	官幣大社|別表神社	678年(社殿造営、天武7年)	賀茂氏祖伝承	祭神「賀茂別雷大神」。下鴨と一対
SHR-014	賀茂御祖神社	かもみおやじんじゃ	-	下鴨神社	京都府	京都市左京区下鴨泉川町59	35.0392,135.7727	-	-	CLN-NN(賀茂氏)	名神大社|山城国一宮	官幣大社|別表神社	不明(古層)	玉依姫命と賀茂建角身命を祀る	上賀茂(別雷神)と下鴨(母神・祖神)で対構造
SHR-015	住吉大社	すみよしたいしゃ	住吉神社	-	大阪府	大阪市住吉区住吉2-9-89	34.6128,135.4938	-	-	CLN-NN(津守氏)	名神大社|摂津国一宮	官幣大社|別表神社	神功皇后摂政11年(伝)	住吉三神(底筒男・中筒男・表筒男)+神功皇后	海上安全・歌道の神。津守氏が代々社家
SHR-016	宇佐神宮	うさじんぐう	宇佐八幡宮	八幡総本宮	大分県	宇佐市南宇佐2859	33.5258,131.3756	-	-	CLN-NN(宇佐氏・大神氏)	名神大社|豊前国一宮	官幣大社|別表神社	欽明天皇32年(571、伝)	八幡神(応神天皇)顕現	祭神=応神天皇+比売大神+神功皇后。八幡信仰の総本宮
SHR-017	八坂神社	やさかじんじゃ	祇園社|祇園感神院	祇園さん	京都府	京都市東山区祇園町北側625	35.0036,135.7785	DEI-002	DEI-030|DEI-021	-	-	官幣大社|別表神社	斉明天皇2年(656、伝)	高麗・調進副使伊利之の創祀伝	祇園信仰の総本社。明治の神仏分離で社名改称(祇園感神院→八坂神社)
SHR-018	氷川神社	ひかわじんじゃ	-	武蔵一宮氷川神社	埼玉県	さいたま市大宮区高鼻町1-407	35.9173,139.6296	DEI-002	DEI-021|DEI-001	-	名神大社|武蔵国一宮	官幣大社|別表神社	孝昭天皇3年(伝)	-	「氷川」=「簸川(=斐伊川)」由来の出雲ルーツ説。関東の出雲系信仰の最大拠点
SHR-019	神田明神	かんだみょうじん	神田神社	-	東京都	千代田区外神田2-16-2	35.7016,139.7681	DEI-001	DEI-020	-	-	別表神社	天平2年(730、伝)	大己貴命を勧請	江戸総鎮守。平将門を合祀(江戸期)
SHR-020	美保神社	みほじんじゃ	-	-	島根県	松江市美保関町美保関608	35.5639,133.3208	DEI-009	-	-	名神大社	国幣中社	不明(神話時代)	コトシロヌシが釣魚を嗜んだ地	全国えびす神社の源流の一。青柴垣神事(4月)・諸手船神事(12月)
SHR-021	神魂神社	かもすじんじゃ	-	-	島根県	松江市大庭町563	35.4444,133.0972	DEI-006	DEI-005	CLN-NN(出雲国造)	-	別表神社	天正11年(1583)現存本殿	イザナミを祀る出雲国造の代替り社	本殿は現存最古の大社造(国宝)。火継神事の重要社
SHR-022	日御碕神社	ひのみさきじんじゃ	日沈宮+神の宮(上下宮)	-	島根県	出雲市大社町日御碕455	35.4344,132.6310	DEI-003	DEI-002	-	式内社	国幣小社	不明	「日没を司る」社伝	下宮(日沈宮)=アマテラス、上宮(神の宮)=スサノオの二宮構造。寛永14年(1637)再建社殿(重文)
SHR-023	佐太神社	さだじんじゃ	佐陀大社	-	島根県	松江市鹿島町佐陀宮内73	35.5400,132.9925	DEI-025	DEI-005|DEI-006	CLN-NN(朝山氏)	式内社|出雲国二宮	国幣小社|別表神社	不明(風土記登載)	加賀の潜戸でキサカヒメから誕生	出雲三大社の一。神在祭(神有月)の中心。佐陀神能(国指定重要無形民俗文化財)
SHR-024	八重垣神社	やえがきじんじゃ	佐草社	-	島根県	松江市佐草町227	35.4458,133.0731	DEI-002	DEI-021	-	式内社	-	不明(風土記登載)	スサノオ・クシナダ婚姻地	「鏡の池」の縁占い、現代の縁結び信仰の中核
SHR-025	須佐神社	すさじんじゃ	須佐大宮	-	島根県	出雲市佐田町須佐730	35.2906,132.7283	DEI-002	DEI-021	CLN-NN(須佐氏)	式内社|出雲国一宮候補	国幣小社	不明(風土記登載)	スサノオ自ら命名し終焉地とした	出雲国風土記「神須佐能袁命」が自ら名を留めた地。一宮論争の有力候補
SHR-026	須我神社	すがじんじゃ	-	日本初之宮	島根県	雲南市大東町須賀260	35.3836,133.0639	DEI-002	DEI-021	-	式内社	-	不明	ヤマタノオロチ退治後にスサノオが宮を建てた須賀の地	「八雲立つ出雲八重垣…」歌の発祥。日本初の和歌の地
SHR-027	揖夜神社	いやじんじゃ	伊布夜社	-	島根県	松江市東出雲町揖屋2229	35.4569,133.1044	DEI-006	DEI-005|DEI-001	-	名神大社	-	不明	イザナミを祀り、近隣の黄泉比良坂伝承地と一体	「揖夜=言屋(コトヤ)」語源説。冥界信仰の聖地
SHR-028	万九千神社	まんくせんじんじゃ	万九千社	神立社	島根県	出雲市斐川町併川258	35.3819,132.7406	DEI-002	DEI-001	-	式内社	-	不明	神在月の神々がここから帰る「神立」の社	祭神「櫛御気奴命」=スサノオ別名(社伝)。神在祭の終焉拠点
SHR-029	大神神社	おおみわじんじゃ	-	-	奈良県	奈良県桜井市三輪	-	DEI-014	-	CLN-044	名神大社	大和一宮	不明	-	大和国一宮
SHR-030	賀茂別雷神社	かもわけいかづちじんじゃ	-	-	京都府	京都府京都市北区上賀茂	-	DEI-122	-	CLN-045	名神大社	山城一宮	不明	-	山城国一宮
SHR-031	住吉大社	すみよしたいしゃ	-	-	大阪府	大阪府大阪市住吉区	-	DEI-164|DEI-165|DEI-166	-	CLN-034	名神大社	摂津一宮	不明	-	摂津国一宮
SHR-032	枚岡神社	ひらおかじんじゃ	-	-	大阪府	大阪府東大阪市出雲井町	-	DEI-107	-	-	名神大社	河内一宮	不明	-	河内国一宮
SHR-033	大鳥大社	おおとりたいしゃ	-	-	大阪府	大阪府堺市西区鳳北町	-	DEI-016	-	-	名神大社	和泉一宮	不明	-	和泉国一宮
SHR-034	真清田神社	ますみだじんじゃ	-	-	愛知県	愛知県一宮市真清田	-	DEI-340	-	CLN-037	名神大社	尾張一宮	不明	-	尾張国一宮
SHR-035	砥鹿神社	とがじんじゃ	-	-	愛知県	愛知県豊川市一宮町	-	DEI-001	-	-	-	三河一宮	不明	-	三河国一宮
SHR-036	小国神社	おぐにじんじゃ	-	-	静岡県	静岡県周智郡森町一宮	-	DEI-001	-	-	-	遠江一宮	不明	-	遠江国一宮
SHR-037	富士山本宮浅間大社	ふじさんほんぐうせんげんたいしゃ	-	-	静岡県	静岡県富士宮市	-	DEI-197	-	-	名神大社	駿河一宮	不明	-	駿河国一宮
SHR-038	浅間神社	あさまじんじゃ	-	-	山梨県	山梨県笛吹市	-	DEI-197	-	-	-	甲斐一宮	不明	-	甲斐国一宮
SHR-039	三嶋大社	みしまたいしゃ	-	-	静岡県	静岡県三島市	-	DEI-287	-	CLN-168	名神大社	伊豆一宮	不明	-	伊豆国一宮
SHR-040	寒川神社	さむかわじんじゃ	-	-	神奈川県	神奈川県高座郡寒川町	-	DEI-005|DEI-006	-	-	-	相模一宮	不明	-	相模国一宮
SHR-041	氷川神社	ひかわじんじゃ	-	-	埼玉県	埼玉県さいたま市大宮区	-	DEI-296	-	-	名神大社	武蔵一宮	不明	-	武蔵国一宮
SHR-042	安房神社	あわじんじゃ	-	-	千葉県	千葉県館山市大神宮	-	DEI-108	-	CLN-065	名神大社	安房一宮	不明	-	安房国一宮
SHR-043	玉前神社	たまさきじんじゃ	-	-	千葉県	千葉県長生郡一宮町	-	DEI-088	-	-	-	上総一宮	不明	-	上総国一宮
SHR-044	香取神宮	かとりじんぐう	-	-	千葉県	千葉県香取市香取	-	DEI-012	-	CLN-024	名神大社	下総一宮	不明	-	下総国一宮
SHR-045	鹿島神宮	かしまじんぐう	-	-	茨城県	茨城県鹿嶋市宮中	-	DEI-011	-	CLN-024	名神大社	常陸一宮	不明	-	常陸国一宮
SHR-046	建部大社	たけべたいしゃ	-	-	滋賀県	滋賀県大津市神領	-	DEI-016	-	-	名神大社	近江一宮	不明	-	近江国一宮
SHR-047	南宮大社	なんぐうたいしゃ	-	-	岐阜県	岐阜県不破郡垂井町	-	DEI-221	-	-	名神大社	美濃一宮	不明	-	美濃国一宮
SHR-048	水無神社	みなしじんじゃ	-	-	岐阜県	岐阜県高山市一之宮町	-	-	-	-	-	飛騨一宮	不明	-	飛騨国一宮
SHR-049	諏訪大社	すわたいしゃ	-	-	長野県	長野県諏訪市	-	DEI-010	-	CLN-041	名神大社	信濃一宮	不明	-	信濃国一宮
SHR-050	貫前神社	ぬきさきじんじゃ	-	-	群馬県	群馬県富岡市	-	DEI-012	-	-	名神大社	上野一宮	不明	-	上野国一宮
SHR-051	二荒山神社	ふたらさんじんじゃ	-	-	栃木県	栃木県宇都宮市	-	DEI-279	-	-	名神大社	下野一宮	不明	-	下野国一宮
SHR-052	鹽竈神社	しおがまじんじゃ	-	-	宮城県	宮城県塩竈市	-	DEI-276	-	-	名神大社	陸奥一宮	不明	-	陸奥国一宮
SHR-053	鳥海山大物忌神社	ちょうかいさんおおものいみじんじゃ	-	-	山形県	山形県飽海郡	-	-	-	-	名神大社	出羽一宮	不明	-	出羽国一宮
SHR-054	若狭彦神社	わかさひこじんじゃ	-	-	福井県	福井県小浜市	-	-	-	-	名神大社	若狭一宮	不明	-	若狭国一宮
SHR-055	氣比神宮	けひじんぐう	-	-	福井県	福井県敦賀市	-	-	-	-	名神大社	越前一宮	不明	-	越前国一宮
SHR-056	白山比咩神社	しらやまひめじんじゃ	-	-	石川県	石川県白山市	-	DEI-195	-	-	名神大社	加賀一宮	不明	-	加賀国一宮
SHR-057	氣多大社	けたたいしゃ	-	-	石川県	石川県羽咋市	-	-	-	-	名神大社	能登一宮	不明	-	能登国一宮
SHR-058	気多神社	けたじんじゃ	-	-	富山県	富山県高岡市	-	-	-	-	-	越中一宮	不明	-	越中国一宮
SHR-059	彌彦神社	やひこじんじゃ	-	-	新潟県	新潟県西蒲原郡	-	-	-	-	名神大社	越後一宮	不明	-	越後国一宮
SHR-060	度津神社	わたつじんじゃ	-	-	新潟県	新潟県佐渡市	-	-	-	-	-	佐渡一宮	不明	-	佐渡国一宮
SHR-061	出雲大神宮	いずもだいじんぐう	-	-	京都府	京都府亀岡市	-	DEI-498	-	-	名神大社	丹波一宮	不明	-	丹波国一宮
SHR-062	籠神社	このじんじゃ	-	-	京都府	京都府宮津市	-	DEI-172	-	CLN-036	名神大社	丹後一宮	不明	-	丹後国一宮
SHR-063	出石神社	いずしじんじゃ	-	-	兵庫県	兵庫県豊岡市	-	DEI-269	-	-	名神大社	但馬一宮	不明	-	但馬国一宮
SHR-064	宇倍神社	うべじんじゃ	-	-	鳥取県	鳥取県鳥取市	-	-	-	-	名神大社	因幡一宮	不明	-	因幡国一宮
SHR-065	倭文神社	しとりじんじゃ	-	-	鳥取県	鳥取県東伯郡	-	-	-	-	-	伯耆一宮	不明	-	伯耆国一宮
SHR-066	熊野大社	くまのたいしゃ	-	-	島根県	島根県松江市	-	DEI-002	-	-	名神大社	出雲一宮	不明	-	出雲国一宮
SHR-067	物部神社	もののべじんじゃ	-	-	島根県	島根県大田市	-	DEI-341	-	CLN-022	-	石見一宮	不明	-	石見国一宮
SHR-068	水若酢神社	みずわかすじんじゃ	-	-	島根県	島根県隠岐郡	-	-	-	-	名神大社	隠岐一宮	不明	-	隠岐国一宮
SHR-069	伊和神社	いわじんじゃ	-	-	兵庫県	兵庫県宍粟市	-	DEI-270	-	-	名神大社	播磨一宮	不明	-	播磨国一宮
SHR-070	中山神社	なかやまじんじゃ	-	-	岡山県	岡山県津山市	-	-	-	-	名神大社	美作一宮	不明	-	美作国一宮
SHR-071	吉備津彦神社	きびつひこじんじゃ	-	-	岡山県	岡山県岡山市	-	DEI-474	-	CLN-094	-	備前一宮	不明	-	備前国一宮
SHR-072	吉備津神社	きびつじんじゃ	-	-	岡山県	岡山県岡山市	-	DEI-474	-	CLN-094	名神大社	備中一宮	不明	-	備中国一宮
SHR-073	吉備津神社(備後)	きびつじんじゃ	-	-	広島県	広島県福山市	-	DEI-474	-	-	-	備後一宮	不明	-	備後国一宮
SHR-074	厳島神社	いつくしまじんじゃ	-	-	広島県	広島県廿日市市	-	DEI-019	-	-	名神大社	安芸一宮	不明	-	安芸国一宮
SHR-075	玉祖神社	たまのおやじんじゃ	-	-	山口県	山口県防府市	-	DEI-113	-	-	-	周防一宮	不明	-	周防国一宮
SHR-076	住吉神社(長門)	すみよしじんじゃ	-	-	山口県	山口県下関市	-	DEI-164|DEI-165|DEI-166	-	-	名神大社	長門一宮	不明	-	長門国一宮
SHR-077	日前神宮	ひのくまじんぐう	-	-	和歌山県	和歌山県和歌山市	-	-	-	CLN-099	名神大社	紀伊一宮	不明	-	紀伊国一宮
SHR-078	國懸神宮	くにかかすじんぐう	-	-	和歌山県	和歌山県和歌山市	-	-	-	CLN-099	名神大社	紀伊一宮	不明	-	紀伊2国一宮
SHR-079	丹生都比売神社	にうつひめじんじゃ	-	-	和歌山県	和歌山県伊都郡	-	-	-	-	名神大社	紀伊一宮	不明	-	紀伊3国一宮
SHR-080	伊弉諾神宮	いざなぎじんぐう	-	-	兵庫県	兵庫県淡路市	-	DEI-005	-	-	名神大社	淡路一宮	不明	-	淡路国一宮
SHR-081	大麻比古神社	おおあさひこじんじゃ	-	-	徳島県	徳島県鳴門市	-	-	-	CLN-061	名神大社	阿波一宮	不明	-	阿波国一宮
SHR-082	田村神社	たむらじんじゃ	-	-	香川県	香川県高松市	-	-	-	-	名神大社	讃岐一宮	不明	-	讃岐国一宮
SHR-083	大山祇神社	おおやまづみじんじゃ	-	-	愛媛県	愛媛県今治市大三島	-	DEI-064	-	CLN-181	名神大社	伊予一宮	不明	-	伊予国一宮
SHR-084	土佐神社	とさじんじゃ	-	-	高知県	高知県高知市	-	-	-	-	名神大社	土佐一宮	不明	-	土佐国一宮
SHR-085	住吉神社(筑前)	すみよしじんじゃ	-	-	福岡県	福岡県福岡市	-	DEI-164|DEI-165|DEI-166	-	-	名神大社	筑前一宮	不明	-	筑前国一宮
SHR-086	筥崎宮	はこざきぐう	-	-	福岡県	福岡県福岡市	-	DEI-181	-	-	名神大社	筑前一宮	不明	-	筑前2国一宮
SHR-087	高良大社	こうらたいしゃ	-	-	福岡県	福岡県久留米市	-	DEI-186	-	CLN-187	名神大社	筑後一宮	不明	-	筑後国一宮
SHR-088	宇佐神宮	うさじんぐう	-	-	大分県	大分県宇佐市	-	DEI-181|DEI-182|DEI-183|DEI-184	-	CLN-051	名神大社	豊前一宮	不明	-	豊前国一宮
SHR-089	西寒多神社	ささむたじんじゃ	-	-	大分県	大分県大分市	-	-	-	-	-	豊後一宮	不明	-	豊後国一宮
SHR-090	千栗八幡宮	ちりくはちまんぐう	-	-	佐賀県	佐賀県三養基郡	-	DEI-181	-	-	-	肥前一宮	不明	-	肥前国一宮
SHR-091	阿蘇神社	あそじんじゃ	-	-	熊本県	熊本県阿蘇市	-	DEI-233|DEI-234|DEI-235	-	CLN-047	名神大社	肥後一宮	不明	-	肥後国一宮
SHR-092	都農神社	つのじんじゃ	-	-	宮崎県	宮崎県児湯郡	-	DEI-001	-	-	-	日向一宮	不明	-	日向国一宮
SHR-093	鹿児島神宮	かごしまじんぐう	-	-	鹿児島県	鹿児島県霧島市	-	DEI-085|DEI-088	-	-	名神大社	大隅一宮	不明	-	大隅国一宮
SHR-094	新田神社	にったじんじゃ	-	-	鹿児島県	鹿児島県薩摩川内市	-	DEI-015	-	-	-	薩摩一宮	不明	-	薩摩国一宮
SHR-095	海神神社	かいじんじんじゃ	-	-	長崎県	長崎県対馬市	-	DEI-088	-	-	名神大社	対馬一宮	不明	-	対馬国一宮
SHR-096	天手長男神社	あめのたながおじんじゃ	-	-	長崎県	長崎県壱岐市	-	-	-	-	名神大社	壱岐一宮	不明	-	壱岐国一宮
SHR-097	石清水八幡宮	いわしみずはちまんぐう	-	-	京都府	京都府八幡市	-	DEI-181	-	-	二十二社	-	不明	-	八幡系
SHR-098	鶴岡八幡宮	つるがおかはちまんぐう	-	-	神奈川県	神奈川県鎌倉市	-	DEI-181	-	CLN-238	-	-	不明	-	八幡系
SHR-099	筥崎宮	はこざきぐう	-	-	福岡県	福岡県福岡市	-	DEI-181	-	-	-	-	不明	-	八幡系
SHR-100	大山祇神社	おおやまづみじんじゃ	-	-	愛媛県	愛媛県今治市	-	DEI-064	-	-	-	-	不明	-	八幡系
SHR-101	筥崎八幡	-	-	-	福岡県	福岡県福岡市	-	DEI-181	-	-	-	-	不明	-	八幡系
SHR-102	大分八幡宮	おおいたはちまんぐう	-	-	福岡県	福岡県飯塚市	-	DEI-181	-	-	-	-	不明	-	八幡系
SHR-103	筑紫野八幡	-	-	-	福岡県	福岡県筑紫野市	-	DEI-181	-	-	-	-	不明	-	八幡系
SHR-104	古要神社	-	-	-	大分県	大分県宇佐市	-	DEI-181	-	-	-	-	不明	-	八幡系
SHR-105	薦神社	こもじんじゃ	-	-	大分県	大分県中津市	-	DEI-181	-	-	-	-	不明	-	八幡系
SHR-106	豊前八幡	-	-	-	不明	-	-	DEI-181	-	-	-	-	不明	-	八幡系
SHR-107	石清水若宮	-	-	-	京都府	京都府八幡市	-	DEI-181	-	-	-	-	不明	-	八幡系
SHR-108	八幡神社諸地	-	-	-	不明	全国	-	DEI-181	-	-	-	-	不明	-	八幡系
SHR-109	窪津王子	くぼつおうじ	-	第一王子	大阪府	大阪市中央区	-	DEI-192|DEI-193|DEI-194	-	-	-	旧無格社	平安後期-鎌倉	熊野御幸の儀礼地	九十九王子の一、熊野古道沿
SHR-110	坂口王子	さかぐちおうじ	-	-	大阪府	大阪市	-	DEI-192|DEI-193|DEI-194	-	-	-	旧無格社	平安後期-鎌倉	熊野御幸の儀礼地	九十九王子の一、熊野古道沿
SHR-111	郡戸王子	こうとおうじ	-	-	大阪府	大阪市	-	DEI-192|DEI-193|DEI-194	-	-	-	旧無格社	平安後期-鎌倉	熊野御幸の儀礼地	九十九王子の一、熊野古道沿
SHR-112	上野王子	うえのおうじ	-	-	大阪府	大阪市	-	DEI-192|DEI-193|DEI-194	-	-	-	旧無格社	平安後期-鎌倉	熊野御幸の儀礼地	九十九王子の一、熊野古道沿
SHR-113	阿倍野王子	あべのおうじ	-	-	大阪府	大阪市阿倍野区	-	DEI-192|DEI-193|DEI-194	-	-	-	旧無格社	平安後期-鎌倉	熊野御幸の儀礼地	九十九王子の一、熊野古道沿
SHR-114	津守王子	つもりおうじ	-	-	大阪府	大阪市	-	DEI-192|DEI-193|DEI-194	-	-	-	旧無格社	平安後期-鎌倉	熊野御幸の儀礼地	九十九王子の一、熊野古道沿
SHR-115	境王子	さかいおうじ	-	-	大阪府	堺市	-	DEI-192|DEI-193|DEI-194	-	-	-	旧無格社	平安後期-鎌倉	熊野御幸の儀礼地	九十九王子の一、熊野古道沿
SHR-116	大鳥居王子	おおとりいおうじ	-	-	大阪府	堺市	-	DEI-192|DEI-193|DEI-194	-	-	-	旧無格社	平安後期-鎌倉	熊野御幸の儀礼地	九十九王子の一、熊野古道沿
SHR-117	篠田王子	しのだおうじ	-	-	大阪府	和泉市	-	DEI-192|DEI-193|DEI-194	-	-	-	旧無格社	平安後期-鎌倉	熊野御幸の儀礼地	九十九王子の一、熊野古道沿
SHR-118	平松王子	ひらまつおうじ	-	-	大阪府	和泉市	-	DEI-192|DEI-193|DEI-194	-	-	-	旧無格社	平安後期-鎌倉	熊野御幸の儀礼地	九十九王子の一、熊野古道沿
SHR-119	井ノ口王子	いのくちおうじ	-	-	大阪府	和泉市	-	DEI-192|DEI-193|DEI-194	-	-	-	旧無格社	平安後期-鎌倉	熊野御幸の儀礼地	九十九王子の一、熊野古道沿
SHR-120	池田王子	いけだおうじ	-	-	大阪府	岸和田市	-	DEI-192|DEI-193|DEI-194	-	-	-	旧無格社	平安後期-鎌倉	熊野御幸の儀礼地	九十九王子の一、熊野古道沿
SHR-121	麻生川王子	あそうがわおうじ	-	-	大阪府	岸和田市	-	DEI-192|DEI-193|DEI-194	-	-	-	旧無格社	平安後期-鎌倉	熊野御幸の儀礼地	九十九王子の一、熊野古道沿
SHR-122	近木王子	こぎおうじ	-	-	大阪府	貝塚市	-	DEI-192|DEI-193|DEI-194	-	-	-	旧無格社	平安後期-鎌倉	熊野御幸の儀礼地	九十九王子の一、熊野古道沿
SHR-123	鞍持王子	くらもちおうじ	-	-	大阪府	貝塚市	-	DEI-192|DEI-193|DEI-194	-	-	-	旧無格社	平安後期-鎌倉	熊野御幸の儀礼地	九十九王子の一、熊野古道沿
SHR-124	鶴原王子	つるはらおうじ	-	-	大阪府	泉佐野市	-	DEI-192|DEI-193|DEI-194	-	-	-	旧無格社	平安後期-鎌倉	熊野御幸の儀礼地	九十九王子の一、熊野古道沿
SHR-125	佐野王子	さのおうじ	-	-	大阪府	泉佐野市	-	DEI-192|DEI-193|DEI-194	-	-	-	旧無格社	平安後期-鎌倉	熊野御幸の儀礼地	九十九王子の一、熊野古道沿
SHR-126	籾井王子	もみいおうじ	-	-	大阪府	泉南市	-	DEI-192|DEI-193|DEI-194	-	-	-	旧無格社	平安後期-鎌倉	熊野御幸の儀礼地	九十九王子の一、熊野古道沿
SHR-127	厩戸王子	うまやどおうじ	-	-	大阪府	泉南市	-	DEI-192|DEI-193|DEI-194	-	-	-	旧無格社	平安後期-鎌倉	熊野御幸の儀礼地	九十九王子の一、熊野古道沿
SHR-128	信達王子	しんだちおうじ	-	-	大阪府	泉南市	-	DEI-192|DEI-193|DEI-194	-	-	-	旧無格社	平安後期-鎌倉	熊野御幸の儀礼地	九十九王子の一、熊野古道沿
SHR-129	山口王子(和泉)	やまぐちおうじ	-	-	大阪府	阪南市	-	DEI-192|DEI-193|DEI-194	-	-	-	旧無格社	平安後期-鎌倉	熊野御幸の儀礼地	九十九王子の一、熊野古道沿
SHR-130	雄ノ山王子	おのやまおうじ	-	-	大阪府	岬町	-	DEI-192|DEI-193|DEI-194	-	-	-	旧無格社	平安後期-鎌倉	熊野御幸の儀礼地	九十九王子の一、熊野古道沿
SHR-131	山口王子(紀伊)	やまぐちおうじ	-	-	和歌山県	和歌山市	-	DEI-192|DEI-193|DEI-194	-	-	-	旧無格社	平安後期-鎌倉	熊野御幸の儀礼地	九十九王子の一、熊野古道沿
SHR-132	川辺王子	かわなべおうじ	-	-	和歌山県	和歌山市	-	DEI-192|DEI-193|DEI-194	-	-	-	旧無格社	平安後期-鎌倉	熊野御幸の儀礼地	九十九王子の一、熊野古道沿
SHR-133	中山王子	なかやまおうじ	-	-	和歌山県	和歌山市	-	DEI-192|DEI-193|DEI-194	-	-	-	旧無格社	平安後期-鎌倉	熊野御幸の儀礼地	九十九王子の一、熊野古道沿
SHR-134	山崎王子	やまさきおうじ	-	-	和歌山県	和歌山市	-	DEI-192|DEI-193|DEI-194	-	-	-	旧無格社	平安後期-鎌倉	熊野御幸の儀礼地	九十九王子の一、熊野古道沿
SHR-135	松代王子	まつしろおうじ	-	-	和歌山県	和歌山市	-	DEI-192|DEI-193|DEI-194	-	-	-	旧無格社	平安後期-鎌倉	熊野御幸の儀礼地	九十九王子の一、熊野古道沿
SHR-136	菩提房王子	ぼだいぼうおうじ	-	-	和歌山県	海南市	-	DEI-192|DEI-193|DEI-194	-	-	-	旧無格社	平安後期-鎌倉	熊野御幸の儀礼地	九十九王子の一、熊野古道沿
SHR-137	祓戸王子	はらえどおうじ	-	-	和歌山県	海南市	-	DEI-192|DEI-193|DEI-194	-	-	-	旧無格社	平安後期-鎌倉	熊野御幸の儀礼地	九十九王子の一、熊野古道沿
SHR-138	藤白王子	ふじしろおうじ	-	五体王子	和歌山県	海南市	-	DEI-192|DEI-193|DEI-194	-	-	-	旧無格社	平安後期-鎌倉	熊野御幸の儀礼地	九十九王子の一、熊野古道沿
SHR-139	橘本王子	きつもとおうじ	-	-	和歌山県	海南市	-	DEI-192|DEI-193|DEI-194	-	-	-	旧無格社	平安後期-鎌倉	熊野御幸の儀礼地	九十九王子の一、熊野古道沿
SHR-140	所坂王子	ところざかおうじ	-	-	和歌山県	海南市	-	DEI-192|DEI-193|DEI-194	-	-	-	旧無格社	平安後期-鎌倉	熊野御幸の儀礼地	九十九王子の一、熊野古道沿
SHR-141	一壷王子	いっこおうじ	-	-	和歌山県	海南市	-	DEI-192|DEI-193|DEI-194	-	-	-	旧無格社	平安後期-鎌倉	熊野御幸の儀礼地	九十九王子の一、熊野古道沿
SHR-142	蕪坂王子	かぶらざかおうじ	-	-	和歌山県	有田市	-	DEI-192|DEI-193|DEI-194	-	-	-	旧無格社	平安後期-鎌倉	熊野御幸の儀礼地	九十九王子の一、熊野古道沿
SHR-143	山口王子(有田)	やまぐちおうじ	-	-	和歌山県	有田市	-	DEI-192|DEI-193|DEI-194	-	-	-	旧無格社	平安後期-鎌倉	熊野御幸の儀礼地	九十九王子の一、熊野古道沿
SHR-144	糸我王子	いとがおうじ	-	-	和歌山県	有田市	-	DEI-192|DEI-193|DEI-194	-	-	-	旧無格社	平安後期-鎌倉	熊野御幸の儀礼地	九十九王子の一、熊野古道沿
SHR-145	逆川王子	さかさがわおうじ	-	-	和歌山県	有田市	-	DEI-192|DEI-193|DEI-194	-	-	-	旧無格社	平安後期-鎌倉	熊野御幸の儀礼地	九十九王子の一、熊野古道沿
SHR-146	久米崎王子	くめさきおうじ	-	-	和歌山県	有田川町	-	DEI-192|DEI-193|DEI-194	-	-	-	旧無格社	平安後期-鎌倉	熊野御幸の儀礼地	九十九王子の一、熊野古道沿
SHR-147	津兼王子	つかねおうじ	-	-	和歌山県	有田川町	-	DEI-192|DEI-193|DEI-194	-	-	-	旧無格社	平安後期-鎌倉	熊野御幸の儀礼地	九十九王子の一、熊野古道沿
SHR-148	河瀬王子	かわせおうじ	-	-	和歌山県	有田川町	-	DEI-192|DEI-193|DEI-194	-	-	-	旧無格社	平安後期-鎌倉	熊野御幸の儀礼地	九十九王子の一、熊野古道沿
SHR-149	馬留王子(有田)	うまどめおうじ	-	-	和歌山県	有田川町	-	DEI-192|DEI-193|DEI-194	-	-	-	旧無格社	平安後期-鎌倉	熊野御幸の儀礼地	九十九王子の一、熊野古道沿
SHR-150	沓掛王子	くつかけおうじ	-	-	和歌山県	有田川町	-	DEI-192|DEI-193|DEI-194	-	-	-	旧無格社	平安後期-鎌倉	熊野御幸の儀礼地	九十九王子の一、熊野古道沿
SHR-151	内ノ畑王子	うちのはたおうじ	-	-	和歌山県	湯浅町	-	DEI-192|DEI-193|DEI-194	-	-	-	旧無格社	平安後期-鎌倉	熊野御幸の儀礼地	九十九王子の一、熊野古道沿
SHR-152	高田王子	たかだおうじ	-	-	和歌山県	湯浅町	-	DEI-192|DEI-193|DEI-194	-	-	-	旧無格社	平安後期-鎌倉	熊野御幸の儀礼地	九十九王子の一、熊野古道沿
SHR-153	善童子王子	ぜんどうじおうじ	-	-	和歌山県	広川町	-	DEI-192|DEI-193|DEI-194	-	-	-	旧無格社	平安後期-鎌倉	熊野御幸の儀礼地	九十九王子の一、熊野古道沿
SHR-154	愛徳山王子	あいとくさんおうじ	-	-	和歌山県	広川町	-	DEI-192|DEI-193|DEI-194	-	-	-	旧無格社	平安後期-鎌倉	熊野御幸の儀礼地	九十九王子の一、熊野古道沿
SHR-155	鹿ヶ瀬王子	ししがせおうじ	-	-	和歌山県	広川町	-	DEI-192|DEI-193|DEI-194	-	-	-	旧無格社	平安後期-鎌倉	熊野御幸の儀礼地	九十九王子の一、熊野古道沿
SHR-156	沓掛王子(日高)	くつかけおうじ	-	-	和歌山県	日高町	-	DEI-192|DEI-193|DEI-194	-	-	-	旧無格社	平安後期-鎌倉	熊野御幸の儀礼地	九十九王子の一、熊野古道沿
SHR-157	内原王子	うちはらおうじ	-	-	和歌山県	日高町	-	DEI-192|DEI-193|DEI-194	-	-	-	旧無格社	平安後期-鎌倉	熊野御幸の儀礼地	九十九王子の一、熊野古道沿
SHR-158	高家王子	たかいえおうじ	-	五体王子	和歌山県	日高町	-	DEI-192|DEI-193|DEI-194	-	-	-	旧無格社	平安後期-鎌倉	熊野御幸の儀礼地	九十九王子の一、熊野古道沿
SHR-159	千里王子	ちさとおうじ	-	-	和歌山県	みなべ町	-	DEI-192|DEI-193|DEI-194	-	-	-	旧無格社	平安後期-鎌倉	熊野御幸の儀礼地	九十九王子の一、熊野古道沿
SHR-160	三鍋王子	みなべおうじ	-	-	和歌山県	みなべ町	-	DEI-192|DEI-193|DEI-194	-	-	-	旧無格社	平安後期-鎌倉	熊野御幸の儀礼地	九十九王子の一、熊野古道沿
SHR-161	岩代王子	いわしろおうじ	-	-	和歌山県	みなべ町	-	DEI-192|DEI-193|DEI-194	-	-	-	旧無格社	平安後期-鎌倉	熊野御幸の儀礼地	九十九王子の一、熊野古道沿
SHR-162	切目王子	きりめおうじ	-	五体王子	和歌山県	印南町	-	DEI-192|DEI-193|DEI-194	-	-	-	旧無格社	平安後期-鎌倉	熊野御幸の儀礼地	九十九王子の一、熊野古道沿
SHR-163	切目中山王子	きりめなかやまおうじ	-	-	和歌山県	印南町	-	DEI-192|DEI-193|DEI-194	-	-	-	旧無格社	平安後期-鎌倉	熊野御幸の儀礼地	九十九王子の一、熊野古道沿
SHR-164	岩内王子	いわうちおうじ	-	-	和歌山県	田辺市	-	DEI-192|DEI-193|DEI-194	-	-	-	旧無格社	平安後期-鎌倉	熊野御幸の儀礼地	九十九王子の一、熊野古道沿
SHR-165	塩屋王子	しおやおうじ	-	-	和歌山県	御坊市	-	DEI-192|DEI-193|DEI-194	-	-	-	旧無格社	平安後期-鎌倉	熊野御幸の儀礼地	九十九王子の一、熊野古道沿
SHR-166	上野王子(田辺)	うえのおうじ	-	-	和歌山県	田辺市	-	DEI-192|DEI-193|DEI-194	-	-	-	旧無格社	平安後期-鎌倉	熊野御幸の儀礼地	九十九王子の一、熊野古道沿
SHR-167	出立王子	でたちおうじ	-	-	和歌山県	田辺市	-	DEI-192|DEI-193|DEI-194	-	-	-	旧無格社	平安後期-鎌倉	熊野御幸の儀礼地	九十九王子の一、熊野古道沿
SHR-168	滝尻王子	たきじりおうじ	-	五体王子	和歌山県	田辺市	-	DEI-192|DEI-193|DEI-194	-	-	-	旧無格社	平安後期-鎌倉	熊野御幸の儀礼地	九十九王子の一、熊野古道沿
SHR-169	富岡八幡宮	とみおかはちまんぐう	-	深川八幡	東京都	江東区富岡	-	DEI-181|DEI-182|DEI-183|DEI-184	-	-	-	府社	寛永4年(1627)	永代島で八幡神勧請	江戸三大祭の一・深川祭
SHR-170	鳩森八幡神社	はとのもりはちまんじんじゃ	-	-	東京都	渋谷区千駄ヶ谷	-	DEI-181|DEI-182|DEI-183|DEI-184	-	-	-	村社	貞観2年(860)伝	千駄ヶ谷の総鎮守、八幡勧請伝	江戸名所
SHR-171	大宮八幡宮	おおみやはちまんぐう	-	多摩総鎮守	東京都	杉並区大宮	-	DEI-181|DEI-182|DEI-183|DEI-184	-	-	-	府社	康平6年(1063)	源頼義が前九年合戦勝利後勧請	武蔵国三大宮
SHR-172	蒲田八幡神社	かまたはちまんじんじゃ	-	-	東京都	大田区蒲田	-	DEI-181|DEI-182|DEI-183|DEI-184	-	-	-	村社	慶長年間	蒲田梅屋敷の鎮守	蒲田地区総鎮守
SHR-173	八幡八雲神社	はちまんやくもじんじゃ	-	-	東京都	八王子市元横山町	-	DEI-181|DEI-182|DEI-183|DEI-184	-	-	-	郷社	延長2年(924)伝	八王子の鎮守	八王子総鎮守
SHR-174	由比若宮	ゆいわかみや	-	元八幡	神奈川県	鎌倉市材木座	-	DEI-181|DEI-182|DEI-183|DEI-184	-	-	-	-	康平6年(1063)	源頼義の勧請(鶴岡八幡宮の前身)	鶴岡八幡宮の前身社
SHR-175	葛飾八幡宮	かつしかはちまんぐう	-	下総総鎮守	千葉県	市川市八幡	-	DEI-181|DEI-182|DEI-183|DEI-184	-	-	-	県社	寛平年間(889-898)	宇多天皇勅願による勧請	下総国総鎮守
SHR-176	川越八幡宮	かわごえはちまんぐう	-	-	埼玉県	川越市南通町	-	DEI-181|DEI-182|DEI-183|DEI-184	-	-	-	村社	長元3年(1030)	甲斐守源頼信の創建	川越総鎮守
SHR-177	上野国総社八幡	こうずけこくそうはちまん	-	総社八幡宮	群馬県	高崎市総社町	-	DEI-181|DEI-182|DEI-183|DEI-184	-	-	-	郷社	天慶年間(938-947)	上野国府八幡として創建	上野国府総社
SHR-178	太田八幡宮	おおたはちまんぐう	-	-	群馬県	太田市本町	-	DEI-181|DEI-182|DEI-183|DEI-184	-	-	-	郷社	天平勝宝年間	東山道八幡として創建伝	太田総鎮守
SHR-179	下野国一社八幡宮	しもつけこくいっしゃはちまんぐう	-	足利八幡宮	栃木県	足利市八幡町	-	DEI-181|DEI-182|DEI-183|DEI-184	-	-	-	県社	寛治年間(1087-1094)	源義家の勧請伝	足利氏祖と伝える
SHR-180	水戸八幡宮	みとはちまんぐう	-	-	茨城県	水戸市八幡町	-	DEI-181|DEI-182|DEI-183|DEI-184	-	-	-	県社	文禄元年(1592)	佐竹義宣による勧請	水戸藩鎮守
SHR-181	三戸八幡宮	さんのへはちまんぐう	-	-	青森県	三戸郡三戸町	-	DEI-181|DEI-182|DEI-183|DEI-184	-	-	-	村社	建久2年(1191)	南部光行の勧請	南部家祖伝
SHR-182	盛岡八幡宮	もりおかはちまんぐう	-	南部総鎮守	岩手県	盛岡市八幡町	-	DEI-181|DEI-182|DEI-183|DEI-184	-	-	-	県社	延宝8年(1680)	南部重信が再興	南部藩総鎮守
SHR-183	大崎八幡宮	おおさきはちまんぐう	-	-	宮城県	仙台市青葉区八幡	-	DEI-181|DEI-182|DEI-183|DEI-184	-	-	-	県社	慶長12年(1607)	伊達政宗が再造営	国宝(社殿)、伊達家総鎮守
SHR-184	飯田八幡神社	いいだはちまんじんじゃ	-	-	秋田県	秋田市飯田	-	DEI-181|DEI-182|DEI-183|DEI-184	-	-	-	村社	応永年間	佐竹氏入部以前の鎮守	秋田旧鎮守
SHR-185	成島八幡神社	なるしまはちまんじんじゃ	-	-	山形県	米沢市広幡町	-	DEI-181|DEI-182|DEI-183|DEI-184	-	-	-	郷社	宝亀年間(770-780)	坂上田村麻呂の勧請伝	重要文化財(本殿)
SHR-186	中野八幡神社	なかのはちまんじんじゃ	-	-	福島県	郡山市中野	-	DEI-181|DEI-182|DEI-183|DEI-184	-	-	-	村社	文治年間	鎌倉時代の勧請	中野郷の鎮守
SHR-187	白山八幡神社	はくさんはちまんじんじゃ	-	-	新潟県	新潟市中央区一番堀通町	-	DEI-181|DEI-182|DEI-183|DEI-184	-	-	-	県社	天平年間	白山と八幡の併祀	新潟総鎮守の一
SHR-188	入善八幡宮	にゅうぜんはちまんぐう	-	-	富山県	下新川郡入善町	-	DEI-181|DEI-182|DEI-183|DEI-184	-	-	-	村社	寛弘5年(1008)	源頼光の勧請伝	越中入善総鎮守
SHR-189	金沢八幡宮	かなざわはちまんぐう	-	-	石川県	金沢市本多町	-	DEI-181|DEI-182|DEI-183|DEI-184	-	-	-	村社	天平勝宝年間	金沢中世以前の鎮守伝	加賀八幡
SHR-190	敦賀八幡神社	つるがはちまんじんじゃ	-	-	福井県	敦賀市三島町	-	DEI-181|DEI-182|DEI-183|DEI-184	-	-	-	村社	延暦年間	敦賀津の鎮守	敦賀港鎮守
SHR-191	武田八幡宮	たけだはちまんぐう	-	-	山梨県	韮崎市神山町	-	DEI-181|DEI-182|DEI-183|DEI-184	-	-	-	県社	弘仁13年(822)	嵯峨天皇勅願による勧請	甲斐源氏武田氏祖
SHR-192	笛吹八幡神社	ふえふきはちまんじんじゃ	-	-	山梨県	笛吹市	-	DEI-181|DEI-182|DEI-183|DEI-184	-	-	-	村社	鎌倉時代	甲斐の鎮守	笛吹郷鎮守
SHR-193	佐久八幡神社	さくはちまんじんじゃ	-	-	長野県	佐久市	-	DEI-181|DEI-182|DEI-183|DEI-184	-	-	-	村社	中世	佐久平の鎮守	佐久郷総鎮守
SHR-194	真田八幡神社	さなだはちまんじんじゃ	-	-	長野県	上田市真田町	-	DEI-181|DEI-182|DEI-183|DEI-184	-	-	-	村社	天文年間	真田氏旧鎮守	真田郷鎮守
SHR-195	美濃八幡神社	みのはちまんじんじゃ	-	郡上八幡宮	岐阜県	郡上市八幡町	-	DEI-181|DEI-182|DEI-183|DEI-184	-	-	-	県社	文永年間	郡上八幡の総鎮守	郡上踊の場
SHR-196	飛騨八幡宮	ひだはちまんぐう	-	-	岐阜県	高山市八幡町	-	DEI-181|DEI-182|DEI-183|DEI-184	-	-	-	村社	天文年間	飛騨高山の鎮守	高山祭関連社
SHR-197	浜松八幡宮	はままつはちまんぐう	-	-	静岡県	浜松市中区八幡町	-	DEI-181|DEI-182|DEI-183|DEI-184	-	-	-	県社	仁徳天皇治世伝	東国遠征時の勧請伝	浜松総鎮守
SHR-198	知立八幡神社	ちりゅうはちまんじんじゃ	-	-	愛知県	知立市八幡町	-	DEI-181|DEI-182|DEI-183|DEI-184	-	-	-	村社	中世	三河知立宿の鎮守	東海道知立宿
SHR-199	名古屋八幡宮	なごやはちまんぐう	-	那古野八幡	愛知県	名古屋市中区	-	DEI-181|DEI-182|DEI-183|DEI-184	-	-	-	村社	天慶年間	尾張那古野郷の鎮守	名古屋旧鎮守
SHR-200	三河国分八幡	みかわこくぶはちまん	-	-	愛知県	豊川市八幡町	-	DEI-181|DEI-182|DEI-183|DEI-184	-	-	-	村社	天平年間	三河国分寺鎮守として勧請	国分寺八幡系
SHR-201	桑名八幡神社	くわなはちまんじんじゃ	-	-	三重県	桑名市	-	DEI-181|DEI-182|DEI-183|DEI-184	-	-	-	村社	中世	桑名津の鎮守	桑名港湾鎮守
SHR-202	近江八幡神社	おうみはちまんじんじゃ	-	日牟禮八幡宮	滋賀県	近江八幡市宮内町	-	DEI-181|DEI-182|DEI-183|DEI-184	-	-	-	県社	応神天皇治世伝	応神天皇の蒲生野巡幸伝	近江八幡市名の由来
SHR-203	近江国分八幡	おうみこくぶはちまん	-	-	滋賀県	大津市国分	-	DEI-181|DEI-182|DEI-183|DEI-184	-	-	-	村社	天平年間	近江国分寺鎮守	国分寺八幡系
SHR-204	御香宮神社	ごこうのみやじんじゃ	-	御香八幡	京都府	京都市伏見区御香宮門前町	-	DEI-181|DEI-182|DEI-183|DEI-184	-	-	-	府社	貞観年間	神功皇后の伝承を持つ	伏見の総鎮守
SHR-205	若宮八幡宮社	わかみやはちまんぐうしゃ	-	陶器神社	京都府	京都市東山区五条橋東	-	DEI-181|DEI-182|DEI-183|DEI-184	-	-	-	村社	天喜元年(1053)	後冷泉天皇による勧請	陶祖神併祀
SHR-206	誉田八幡宮	こんだはちまんぐう	-	-	大阪府	羽曳野市誉田	-	DEI-181|DEI-182|DEI-183|DEI-184	-	-	-	府社	欽明天皇治世伝	応神天皇陵前の鎮守(最古級八幡)	応神天皇陵守護
SHR-207	御幣島八幡神社	みてじまはちまんじんじゃ	-	-	大阪府	大阪市西淀川区御幣島	-	DEI-181|DEI-182|DEI-183|DEI-184	-	-	-	村社	中世	御幣島の鎮守	西成郡旧鎮守
SHR-208	廣田八幡神社	ひろたはちまんじんじゃ	-	兵庫八幡	兵庫県	神戸市兵庫区	-	DEI-181|DEI-182|DEI-183|DEI-184	-	-	-	村社	中世	兵庫津の鎮守	兵庫港湾鎮守
SHR-209	姫路八幡神社	ひめじはちまんじんじゃ	-	射楯兵主神社	兵庫県	姫路市	-	DEI-181|DEI-182|DEI-183|DEI-184	-	-	-	県社	欽明天皇治世伝	播磨総社	射楯兵主神社の八幡部
SHR-210	手向山八幡宮	たむけやまはちまんぐう	-	-	奈良県	奈良市雑司町	-	DEI-181|DEI-182|DEI-183|DEI-184	-	-	-	県社	天平勝宝元年(749)	東大寺鎮守として宇佐から勧請	東大寺鎮守八幡
SHR-211	大和八幡神社	やまとはちまんじんじゃ	-	-	奈良県	大和郡山市	-	DEI-181|DEI-182|DEI-183|DEI-184	-	-	-	村社	中世	大和郡山の鎮守	大和八幡系
SHR-212	紀伊国分八幡	きいこくぶはちまん	-	-	和歌山県	岩出市	-	DEI-181|DEI-182|DEI-183|DEI-184	-	-	-	村社	天平年間	紀伊国分寺鎮守	国分寺八幡系
SHR-213	山名八幡宮	やまなはちまんぐう	-	-	鳥取県	八頭郡八頭町	-	DEI-181|DEI-182|DEI-183|DEI-184	-	-	-	県社	建久年間	山名氏の鎮守	因幡守護山名氏祖
SHR-214	隠岐八幡宮	おきはちまんぐう	-	-	島根県	隠岐郡隠岐の島町	-	DEI-181|DEI-182|DEI-183|DEI-184	-	-	-	郷社	中世	隠岐配流伝承を持つ	隠岐の鎮守
SHR-215	安来八幡宮	やすぎはちまんぐう	-	-	島根県	安来市	-	DEI-181|DEI-182|DEI-183|DEI-184	-	-	-	村社	中世	安来津の鎮守	出雲八幡系
SHR-216	備中国分八幡	びっちゅうこくぶはちまん	-	-	岡山県	総社市	-	DEI-181|DEI-182|DEI-183|DEI-184	-	-	-	村社	天平年間	備中国分寺鎮守	国分寺八幡系
SHR-217	倉敷八幡宮	くらしきはちまんぐう	-	-	岡山県	倉敷市	-	DEI-181|DEI-182|DEI-183|DEI-184	-	-	-	村社	中世	倉敷港の鎮守	倉敷総鎮守
SHR-218	御袖八幡宮	みそではちまんぐう	-	早稲田八幡	広島県	尾道市	-	DEI-181|DEI-182|DEI-183|DEI-184	-	-	-	村社	中世	尾道港の鎮守	尾道八幡
SHR-219	広島八幡宮	ひろしまはちまんぐう	-	-	広島県	広島市	-	DEI-181|DEI-182|DEI-183|DEI-184	-	-	-	村社	中世	広島総鎮守	広島藩鎮守
SHR-220	山口八幡宮	やまぐちはちまんぐう	-	-	山口県	山口市	-	DEI-181|DEI-182|DEI-183|DEI-184	-	-	-	村社	建武年間	大内氏の鎮守	周防大内氏祖
SHR-221	周防国分八幡	すおうこくぶはちまん	-	-	山口県	防府市	-	DEI-181|DEI-182|DEI-183|DEI-184	-	-	-	村社	天平年間	周防国分寺鎮守	国分寺八幡系
SHR-222	蜂須賀八幡神社	はちすかはちまんじんじゃ	-	-	徳島県	徳島市	-	DEI-181|DEI-182|DEI-183|DEI-184	-	-	-	村社	天正年間	蜂須賀氏の鎮守	阿波藩主祖
SHR-223	高松八幡神社	たかまつはちまんじんじゃ	-	-	香川県	高松市	-	DEI-181|DEI-182|DEI-183|DEI-184	-	-	-	村社	中世	高松城下の鎮守	高松藩鎮守
SHR-224	国分寺八幡(伊予)	こくぶんじはちまん	-	-	愛媛県	今治市国分	-	DEI-181|DEI-182|DEI-183|DEI-184	-	-	-	村社	天平年間	伊予国分寺鎮守	国分寺八幡系
SHR-225	潮江八幡宮	うしおえはちまんぐう	-	-	高知県	高知市潮江	-	DEI-181|DEI-182|DEI-183|DEI-184	-	-	-	県社	建久年間	土佐の鎮守	土佐藩鎮守八幡
SHR-226	大宰府八幡宮	だざいふはちまんぐう	-	-	福岡県	太宰府市	-	DEI-181|DEI-182|DEI-183|DEI-184	-	-	-	県社	天慶年間	大宰府の鎮守	九州統治拠点
SHR-227	宗像八幡神社	むなかたはちまんじんじゃ	-	-	福岡県	宗像市	-	DEI-181|DEI-182|DEI-183|DEI-184	-	-	-	村社	中世	宗像の鎮守八幡	宗像氏領内八幡
SHR-228	大宰府国分八幡	だざいふこくぶはちまん	-	-	福岡県	太宰府市	-	DEI-181|DEI-182|DEI-183|DEI-184	-	-	-	村社	天平年間	筑前国分寺鎮守	国分寺八幡系
SHR-229	久留米八幡宮	くるめはちまんぐう	-	-	福岡県	久留米市	-	DEI-181|DEI-182|DEI-183|DEI-184	-	-	-	県社	中世	久留米城下の鎮守	筑後川流域八幡
SHR-230	肥前国分八幡	ひぜんこくぶはちまん	-	-	佐賀県	佐賀市大和町	-	DEI-181|DEI-182|DEI-183|DEI-184	-	-	-	村社	天平年間	肥前国分寺鎮守	国分寺八幡系
SHR-231	唐津八幡宮	からつはちまんぐう	-	-	佐賀県	唐津市	-	DEI-181|DEI-182|DEI-183|DEI-184	-	-	-	村社	中世	唐津港の鎮守	唐津藩鎮守
SHR-232	平戸八幡神社	ひらどはちまんじんじゃ	-	亀岡神社	長崎県	平戸市	-	DEI-181|DEI-182|DEI-183|DEI-184	-	-	-	県社	中世	平戸松浦氏の鎮守	松浦氏領内八幡
SHR-233	長崎八幡神社	ながさきはちまんじんじゃ	-	諏訪神社内	長崎県	長崎市	-	DEI-181|DEI-182|DEI-183|DEI-184	-	-	-	村社	近世	長崎奉行所鎮守	出島時代の八幡
SHR-234	藤崎八旛宮	ふじさきはちまんぐう	-	-	熊本県	熊本市中央区井川淵町	-	DEI-181|DEI-182|DEI-183|DEI-184	-	-	-	県社	承平5年(935)	朱雀天皇による勧請	肥後一の八幡
SHR-235	柞原八幡宮	ゆすはらはちまんぐう	-	由原宮	大分県	大分市八幡	-	DEI-181|DEI-182|DEI-183|DEI-184	-	-	-	国幣小社	天長4年(827)	宇佐から勧請(分祀)	豊後一宮(中世)
SHR-236	日向八幡神社	ひゅうがはちまんじんじゃ	-	-	宮崎県	日向市	-	DEI-181|DEI-182|DEI-183|DEI-184	-	-	-	村社	中世	日向の鎮守	日向八幡系
SHR-237	鹿児島八幡宮	かごしまはちまんぐう	-	-	鹿児島県	鹿児島市	-	DEI-181|DEI-182|DEI-183|DEI-184	-	-	-	村社	中世	薩摩の鎮守	島津氏領内八幡
SHR-238	函館八幡宮	はこだてはちまんぐう	-	-	北海道	函館市谷地頭町	-	DEI-181|DEI-182|DEI-183|DEI-184	-	-	-	県社	文安2年(1445)	河野政通の勧請	北海道最古級の八幡
SHR-239	大原野神社	おおはらのじんじゃ	-	京春日	京都府	京都市西京区大原野	-	DEI-011|DEI-012|DEI-107|DEI-154	-	-	二十二社	府社	延暦3年(784)	桓武天皇が春日大社から勧請(京春日)	二十二社の一・京春日
SHR-240	吉田神社	よしだじんじゃ	-	吉田四神	京都府	京都市左京区吉田神楽岡町	-	DEI-011|DEI-012|DEI-107|DEI-154	-	-	二十二社(下八社)	官幣中社	貞観元年(859)	藤原山蔭が春日大社から勧請	卜部(吉田)氏祭祀・吉田神道発祥
SHR-241	田村神社(讃岐春日)	たむらじんじゃ	-	讃岐一宮	香川県	高松市一宮町	-	DEI-011|DEI-012|DEI-107|DEI-154	-	-	名神大社	県社	和銅2年(709)	讃岐国造氏の祖神祭祀+春日習合	讃岐一宮(春日習合中世)
SHR-242	飛鳥坐神社	あすかにますじんじゃ	-	-	奈良県	高市郡明日香村飛鳥	-	DEI-011|DEI-012|DEI-107|DEI-154	-	-	名神大社	県社	大化年間以前	飛鳥盆地の地主神+春日相殿	飛鳥地方鎮守
SHR-243	武蔵国総社春日神社	むさしのくにそうしゃかすが	-	府中春日	東京都	府中市宮町	-	DEI-011|DEI-012|DEI-107|DEI-154	-	-	-	村社	中世	武蔵国府の春日勧請	武蔵国府春日
SHR-244	鎌倉春日神社	かまくらかすがじんじゃ	-	-	神奈川県	鎌倉市	-	DEI-011|DEI-012|DEI-107|DEI-154	-	-	-	村社	建久年間	源頼朝による勧請	鎌倉幕府期春日
SHR-245	近江春日神社	おうみかすがじんじゃ	-	-	滋賀県	大津市	-	DEI-011|DEI-012|DEI-107|DEI-154	-	-	-	村社	中世	近江守護による勧請	近江春日
SHR-246	尾張春日井神社	かすがいじんじゃ	-	-	愛知県	春日井市	-	DEI-011|DEI-012|DEI-107|DEI-154	-	-	-	村社	中世	尾張春日井の鎮守	春日井市名の由来
SHR-247	飛騨春日神社	ひだかすがじんじゃ	-	-	岐阜県	高山市	-	DEI-011|DEI-012|DEI-107|DEI-154	-	-	-	村社	中世	飛騨守の勧請	飛騨春日
SHR-248	但馬春日神社	たじまかすがじんじゃ	-	-	兵庫県	豊岡市	-	DEI-011|DEI-012|DEI-107|DEI-154	-	-	-	村社	中世	但馬国府春日	但馬春日
SHR-249	丹後春日神社	たんごかすがじんじゃ	-	-	京都府	宮津市	-	DEI-011|DEI-012|DEI-107|DEI-154	-	-	-	村社	中世	丹後守護による勧請	丹後春日
SHR-250	播磨春日神社	はりまかすがじんじゃ	-	-	兵庫県	姫路市	-	DEI-011|DEI-012|DEI-107|DEI-154	-	-	-	村社	中世	播磨守護赤松氏勧請	播磨春日
SHR-251	備前春日神社	びぜんかすがじんじゃ	-	-	岡山県	岡山市	-	DEI-011|DEI-012|DEI-107|DEI-154	-	-	-	村社	中世	備前藩鎮守	備前春日
SHR-252	阿波春日神社	あわかすがじんじゃ	-	-	徳島県	徳島市	-	DEI-011|DEI-012|DEI-107|DEI-154	-	-	-	村社	中世	阿波守護による勧請	阿波春日
SHR-253	伊予春日神社	いよかすがじんじゃ	-	-	愛媛県	松山市	-	DEI-011|DEI-012|DEI-107|DEI-154	-	-	-	村社	中世	伊予守護河野氏勧請	伊予春日
SHR-254	土佐春日神社	とさかすがじんじゃ	-	-	高知県	高知市	-	DEI-011|DEI-012|DEI-107|DEI-154	-	-	-	村社	中世	土佐守護による勧請	土佐春日
SHR-255	筑前春日神社	ちくぜんかすがじんじゃ	-	-	福岡県	春日市春日	-	DEI-011|DEI-012|DEI-107|DEI-154	-	-	-	県社	天平勝宝8年(756)	藤原氏の九州統治期勧請	春日市名の由来
SHR-256	肥後春日神社	ひごかすがじんじゃ	-	-	熊本県	熊本市	-	DEI-011|DEI-012|DEI-107|DEI-154	-	-	-	村社	中世	肥後守護による勧請	肥後春日
SHR-257	陸奥春日神社	むつかすがじんじゃ	-	-	宮城県	仙台市	-	DEI-011|DEI-012|DEI-107|DEI-154	-	-	-	村社	中世	奥州藤原氏の勧請	奥州春日
SHR-258	常陸春日神社	ひたちかすがじんじゃ	-	-	茨城県	笠間市	-	DEI-011|DEI-012|DEI-107|DEI-154	-	-	-	村社	中世	常陸藤原氏勧請	常陸春日
SHR-259	信濃春日神社	しなのかすがじんじゃ	-	-	長野県	佐久市	-	DEI-011|DEI-012|DEI-107|DEI-154	-	-	-	村社	中世	信濃国府春日	信濃春日
SHR-260	越前春日神社	えちぜんかすがじんじゃ	-	-	福井県	福井市	-	DEI-011|DEI-012|DEI-107|DEI-154	-	-	-	村社	中世	越前守護朝倉氏勧請	越前春日
SHR-261	加賀春日神社	かがかすがじんじゃ	-	-	石川県	金沢市	-	DEI-011|DEI-012|DEI-107|DEI-154	-	-	-	村社	中世	加賀藩前田氏鎮守	加賀春日
SHR-262	越中春日神社	えっちゅうかすがじんじゃ	-	-	富山県	高岡市	-	DEI-011|DEI-012|DEI-107|DEI-154	-	-	-	村社	中世	越中守護による勧請	越中春日
SHR-263	出雲春日神社	いずもかすがじんじゃ	-	-	島根県	松江市	-	DEI-011|DEI-012|DEI-107|DEI-154	-	-	-	村社	中世	出雲国府春日	出雲春日
SHR-264	石見春日神社	いわみかすがじんじゃ	-	-	島根県	浜田市	-	DEI-011|DEI-012|DEI-107|DEI-154	-	-	-	村社	中世	石見守護による勧請	石見春日
SHR-265	豊前春日神社	ぶぜんかすがじんじゃ	-	-	大分県	中津市	-	DEI-011|DEI-012|DEI-107|DEI-154	-	-	-	村社	中世	豊前守護による勧請	豊前春日
SHR-266	薩摩春日神社	さつまかすがじんじゃ	-	-	鹿児島県	薩摩川内市	-	DEI-011|DEI-012|DEI-107|DEI-154	-	-	-	村社	中世	島津氏勧請	薩摩春日
SHR-267	武蔵児玉春日神社	こだまかすがじんじゃ	-	-	埼玉県	本庄市児玉町	-	DEI-011|DEI-012|DEI-107|DEI-154	-	-	-	村社	中世	武蔵児玉党勧請	児玉党祖神
SHR-268	興福寺南円堂春日	こうふくじなんえんどうかすが	-	南円堂八角堂	奈良県	奈良市登大路町	-	DEI-011|DEI-012|DEI-107|DEI-154	-	-	-	-	弘仁4年(813)	藤原冬嗣の勧請(興福寺鎮守)	興福寺鎮守春日
SHR-269	伏見稲荷大社	ふしみいなりたいしゃ	-	稲荷総本社	京都府	京都市伏見区深草藪之内町	-	DEI-032	-	-	名神大社|二十二社	官幣大社|別表神社	和銅4年(711)	秦伊呂具による勧請(深草)	全国稲荷総本社・秦氏祭祀
SHR-270	笠間稲荷神社	かさまいなりじんじゃ	-	胡桃下稲荷	茨城県	笠間市笠間1	-	DEI-032	-	-	-	県社|別表神社	白雉2年(651)	笠間胡桃下に鎮座	日本三大稲荷の一
SHR-271	豊川稲荷	とよかわいなり	-	妙厳寺鎮守	愛知県	豊川市豊川町	-	DEI-032	-	-	-	-	嘉吉元年(1441)	曹洞宗妙厳寺の鎮守	日本三大稲荷の一(神仏習合)
SHR-272	祐徳稲荷神社	ゆうとくいなりじんじゃ	-	-	佐賀県	鹿島市古枝	-	DEI-032	-	-	-	県社	貞享4年(1687)	鹿島藩主夫人の勧請	日本三大稲荷の一
SHR-273	最上稲荷	もがみいなり	-	妙教寺鎮守	岡山県	岡山市北区高松稲荷	-	DEI-032	-	-	-	-	天平勝宝4年(752)	報恩大師の開基鎮守	日本三大稲荷候補
SHR-274	竹駒神社	たけこまじんじゃ	-	竹駒稲荷	宮城県	岩沼市稲荷町	-	DEI-032	-	-	-	県社	承和9年(842)	小野篁による勧請	東北三大稲荷
SHR-275	草戸稲荷神社	くさどいなりじんじゃ	-	-	広島県	福山市草戸町	-	DEI-032	-	-	-	県社	大同2年(807)	明王院鎮守	中四国稲荷の代表
SHR-276	源九郎稲荷神社	げんくろういなりじんじゃ	-	-	奈良県	大和郡山市洞泉寺町	-	DEI-032	-	-	-	村社	中世	義経の側臣源九郎伝	義経伝説稲荷
SHR-277	瓢箪山稲荷神社	ひょうたんやまいなり	-	-	大阪府	東大阪市瓢箪山町	-	DEI-032	-	-	-	村社	天正11年(1583)	豊臣秀吉の勧請伝	日本三大稲荷候補
SHR-278	玉造稲荷神社	たまつくりいなりじんじゃ	-	-	大阪府	大阪市中央区玉造	-	DEI-032	-	-	-	府社	垂仁天皇治世伝	玉造氏の鎮守	玉造郷総鎮守
SHR-279	白笹稲荷神社	しらささいなりじんじゃ	-	-	神奈川県	秦野市今泉	-	DEI-032	-	-	-	村社	中世	秦野盆地の稲荷	関東三大稲荷
SHR-280	装束稲荷神社	しょうぞくいなりじんじゃ	-	-	東京都	北区王子	-	DEI-032	-	-	-	村社	中世	王子稲荷の摂社	王子狐の行列
SHR-281	王子稲荷神社	おうじいなりじんじゃ	-	-	東京都	北区岸町	-	DEI-032	-	-	-	村社	天慶年間	王子の鎮守	東国稲荷の主柱
SHR-282	烏森稲荷神社	からすもりいなりじんじゃ	-	-	東京都	港区新橋	-	DEI-032	-	-	-	村社	天慶3年(940)	藤原秀郷の勧請	新橋の鎮守
SHR-283	高山稲荷神社	たかやまいなりじんじゃ	-	-	青森県	つがる市	-	DEI-032	-	-	-	村社	中世	津軽稲荷	青森稲荷の代表
SHR-284	志和稲荷神社	しわいなりじんじゃ	-	-	岩手県	紫波郡紫波町	-	DEI-032	-	-	-	県社	天喜5年(1057)	源頼義の勧請	東北稲荷の代表
SHR-285	塩竈稲荷神社	しおがまいなりじんじゃ	-	-	宮城県	塩竈市	-	DEI-032	-	-	-	村社	中世	塩竈神社境内稲荷	塩竈稲荷
SHR-286	古四王稲荷	こしおういなり	-	-	秋田県	秋田市	-	DEI-032	-	-	-	村社	中世	秋田稲荷	秋田稲荷
SHR-287	羽黒稲荷神社	はぐろいなりじんじゃ	-	-	山形県	鶴岡市	-	DEI-032	-	-	-	村社	中世	出羽三山修験稲荷	出羽稲荷
SHR-288	中野稲荷神社	なかのいなりじんじゃ	-	-	福島県	郡山市	-	DEI-032	-	-	-	村社	中世	中野郷稲荷	福島稲荷
SHR-289	熱田稲荷	あつたいなり	-	熱田神宮摂社	愛知県	名古屋市熱田区	-	DEI-032	-	-	-	-	中世	熱田神宮境内稲荷	熱田摂社
SHR-290	赤坂稲荷神社	あかさかいなりじんじゃ	-	-	東京都	港区赤坂	-	DEI-032	-	-	-	村社	近世	赤坂の鎮守	江戸赤坂稲荷
SHR-291	江島稲荷神社	えのしまいなりじんじゃ	-	-	神奈川県	藤沢市江島	-	DEI-032	-	-	-	-	中世	江島弁財天系稲荷	江島稲荷
SHR-292	成田稲荷神社	なりたいなりじんじゃ	-	-	千葉県	成田市	-	DEI-032	-	-	-	村社	中世	成田山新勝寺鎮守稲荷	成田稲荷
SHR-293	信濃稲荷	しなのいなり	-	-	長野県	長野市	-	DEI-032	-	-	-	村社	中世	信濃国府稲荷	信濃稲荷
SHR-294	石川稲荷神社	いしかわいなりじんじゃ	-	-	石川県	金沢市	-	DEI-032	-	-	-	村社	中世	加賀稲荷	加賀稲荷
SHR-295	伏見豊国稲荷	ふしみとよくにいなり	-	-	京都府	京都市東山区	-	DEI-032	-	-	-	-	近世	豊国神社境内稲荷	豊国稲荷
SHR-296	松尾稲荷神社	まつおいなりじんじゃ	-	-	京都府	京都市西京区松尾	-	DEI-032	-	-	-	村社	中世	松尾大社境内稲荷	松尾稲荷
SHR-297	石清水稲荷	いわしみずいなり	-	-	京都府	八幡市八幡	-	DEI-032	-	-	-	-	中世	石清水八幡宮境内稲荷	石清水稲荷
SHR-298	出雲稲荷神社	いずもいなりじんじゃ	-	-	島根県	出雲市	-	DEI-032	-	-	-	村社	中世	出雲稲荷	出雲稲荷
SHR-299	吉備津稲荷	きびついなり	-	-	岡山県	岡山市北区吉備津	-	DEI-032	-	-	-	-	中世	吉備津神社境内稲荷	吉備津稲荷
SHR-300	広島稲荷	ひろしまいなり	-	-	広島県	広島市	-	DEI-032	-	-	-	村社	中世	広島稲荷	広島稲荷
SHR-301	山口稲荷	やまぐちいなり	-	-	山口県	山口市	-	DEI-032	-	-	-	村社	中世	山口稲荷	山口稲荷
SHR-302	阿波稲荷	あわいなり	-	-	徳島県	徳島市	-	DEI-032	-	-	-	村社	中世	阿波稲荷	阿波稲荷
SHR-303	讃岐稲荷	さぬきいなり	-	-	香川県	高松市	-	DEI-032	-	-	-	村社	中世	讃岐稲荷	讃岐稲荷
SHR-304	伊予稲荷	いよいなり	-	-	愛媛県	松山市	-	DEI-032	-	-	-	村社	中世	伊予稲荷	伊予稲荷
SHR-305	土佐稲荷神社(高知)	とさいなり	-	-	高知県	高知市	-	DEI-032	-	-	-	村社	中世	土佐稲荷	土佐稲荷
SHR-306	筑前稲荷	ちくぜんいなり	-	-	福岡県	福岡市	-	DEI-032	-	-	-	村社	中世	筑前稲荷	筑前稲荷
SHR-307	肥前稲荷	ひぜんいなり	-	-	佐賀県	佐賀市	-	DEI-032	-	-	-	村社	中世	肥前稲荷	肥前稲荷
SHR-308	肥後稲荷	ひごいなり	-	-	熊本県	熊本市	-	DEI-032	-	-	-	村社	中世	肥後稲荷	肥後稲荷
SHR-309	豊後稲荷	ぶんごいなり	-	-	大分県	大分市	-	DEI-032	-	-	-	村社	中世	豊後稲荷	豊後稲荷
SHR-310	日向稲荷	ひゅうがいなり	-	-	宮崎県	宮崎市	-	DEI-032	-	-	-	村社	中世	日向稲荷	日向稲荷
SHR-311	薩摩稲荷	さつまいなり	-	-	鹿児島県	鹿児島市	-	DEI-032	-	-	-	村社	中世	薩摩稲荷	薩摩稲荷
SHR-312	函館稲荷神社	はこだていなりじんじゃ	-	-	北海道	函館市	-	DEI-032	-	-	-	村社	近世	蝦夷地稲荷	北海道稲荷
SHR-313	浅草豊川稲荷	あさくさとよかわいなり	-	-	東京都	台東区	-	DEI-032	-	-	-	-	近世	浅草寺鎮守稲荷	浅草稲荷
SHR-314	茶ノ木稲荷神社	ちゃのきいなりじんじゃ	-	-	東京都	新宿区市谷	-	DEI-032	-	-	-	-	中世	市ヶ谷稲荷	茶ノ木稲荷
SHR-315	江戸太田姫稲荷	おおたひめいなり	-	-	東京都	千代田区神田	-	DEI-032	-	-	-	-	近世	江戸城下稲荷	太田姫稲荷
SHR-316	綱敷天満宮稲荷	つなしきいなり	-	-	兵庫県	神戸市	-	DEI-032	-	-	-	-	中世	綱敷天満宮鎮守	綱敷稲荷
SHR-317	天満稲荷	てんまいなり	-	-	大阪府	大阪市北区	-	DEI-032	-	-	-	村社	近世	天満宮境内稲荷	大阪天満稲荷
SHR-318	難波稲荷神社	なんばいなりじんじゃ	-	-	大阪府	大阪市浪速区	-	DEI-032	-	-	-	村社	近世	難波の鎮守	難波稲荷
SHR-319	北野天満宮	きたのてんまんぐう	-	天神総本社|北野天神	京都府	京都市上京区馬喰町	-	DEI-501	-	-	二十二社(下八社)	官幣中社|別表神社	天暦元年(947)	多治比文子・近江比良の託宣	全国天満宮総本社
SHR-320	大宰府天満宮	だざいふてんまんぐう	-	安楽寺天満宮	福岡県	太宰府市宰府	-	DEI-501	-	-	-	官幣小社|別表神社	延喜19年(919)	菅公薨去地に廟	天神総本社双璧
SHR-321	防府天満宮	ほうふてんまんぐう	-	松崎天満宮	山口県	防府市松崎町	-	DEI-501	-	-	-	県社|別表神社	延喜4年(904)	菅公の遺徳を弔う	日本最初の天満宮(自称)
SHR-322	湯島天満宮	ゆしまてんまんぐう	-	湯島天神	東京都	文京区湯島	-	DEI-501	-	-	-	府社|別表神社	雄略天皇治世伝	天神勧請は南北朝期	江戸天神の主柱
SHR-323	亀戸天神社	かめいどてんじんしゃ	-	東宰府天満宮	東京都	江東区亀戸	-	DEI-501	-	-	-	府社|別表神社	寛文2年(1662)	大宰府天満宮から勧請	亀戸太鼓橋
SHR-324	谷保天満宮	やぼてんまんぐう	-	やほてんまんぐう	東京都	国立市谷保	-	DEI-501	-	-	-	府社	延喜3年(903)	菅公の三男道武の勧請伝	東日本最古天満宮(自称)
SHR-325	平河天満宮	ひらかわてんまんぐう	-	-	東京都	千代田区平河町	-	DEI-501	-	-	-	村社	文明10年(1478)	太田道灌が江戸城内に勧請	江戸城内天満宮
SHR-326	錦天満宮	にしきてんまんぐう	-	-	京都府	京都市中京区新京極	-	DEI-501	-	-	-	村社	長保5年(1003)	菅原是善邸跡	京都繁華街天神
SHR-327	水火天満宮	すいかてんまんぐう	-	-	京都府	京都市上京区	-	DEI-501	-	-	-	村社	延長元年(923)	菅公廟堂建立	水難火難除天神
SHR-328	吉祥院天満宮	きっしょういんてんまんぐう	-	-	京都府	京都市南区吉祥院	-	DEI-501	-	-	-	府社	承平4年(934)	菅原氏邸宅跡(菅公生誕地伝)	菅公生誕地
SHR-329	文子天満宮	あやこてんまんぐう	-	-	京都府	京都市下京区	-	DEI-501	-	-	-	村社	天慶5年(942)	多治比文子の託宣地	北野天満宮の前史
SHR-330	綱敷天満宮(神戸)	つなしきてんまんぐう	-	-	兵庫県	神戸市須磨区	-	DEI-501	-	-	-	村社	正暦2年(991)	菅公が漁網を敷いて休息	綱敷伝承
SHR-331	綱敷天満宮(博多)	つなしきてんまんぐう	-	-	福岡県	福岡市博多区	-	DEI-501	-	-	-	村社	中世	博多綱敷伝	博多綱敷
SHR-332	水鏡天満宮	すいきょうてんまんぐう	-	-	福岡県	福岡市中央区天神	-	DEI-501	-	-	-	村社	延喜元年(901)	菅公が水鏡で姿を映す	天神(地名)由来
SHR-333	住吉神社内天満宮	すみよしてんまんぐう	-	-	大阪府	大阪市住吉区	-	DEI-501	-	-	-	-	中世	住吉境内天満宮	住吉天満
SHR-334	大阪天満宮	おおさかてんまんぐう	-	天満天神	大阪府	大阪市北区天神橋	-	DEI-501	-	-	-	府社|別表神社	天暦3年(949)	村上天皇の勅願	天神祭
SHR-335	道明寺天満宮	どうみょうじてんまんぐう	-	-	大阪府	藤井寺市道明寺	-	DEI-501	-	-	-	府社	天暦2年(948)	菅公の伯母覚寿尼ゆかり	道明寺天満
SHR-336	生根神社内天満宮	いくねてんまんぐう	-	-	大阪府	大阪市住吉区	-	DEI-501	-	-	-	-	中世	住吉支配地天満	生根天満
SHR-337	北野天満宮(尼崎)	きたのてんまんぐう	-	尼崎北野	兵庫県	尼崎市北御園町	-	DEI-501	-	-	-	村社	中世	尼崎の天神	尼崎天満
SHR-338	姫路天満宮	ひめじてんまんぐう	-	-	兵庫県	姫路市	-	DEI-501	-	-	-	村社	中世	姫路の天神	姫路天満
SHR-339	奈良天満神社	ならてんまんじんじゃ	-	-	奈良県	奈良市	-	DEI-501	-	-	-	村社	中世	奈良天神	奈良天満
SHR-340	和歌浦天満宮	わかうらてんまんぐう	-	-	和歌山県	和歌山市和歌浦	-	DEI-501	-	-	-	県社	中世	紀伊紀之川河口	和歌浦の天神
SHR-341	加佐美神社天満宮	かさみてんまんぐう	-	-	岐阜県	各務原市	-	DEI-501	-	-	-	-	中世	美濃天神	美濃天満
SHR-342	名古屋天神山天満宮	なごやてんじんやまてんまんぐう	-	-	愛知県	名古屋市	-	DEI-501	-	-	-	村社	中世	尾張天神	尾張天満
SHR-343	豊川天満宮	とよかわてんまんぐう	-	-	愛知県	豊川市	-	DEI-501	-	-	-	村社	中世	三河天神	三河天満
SHR-344	浜松天満宮	はままつてんまんぐう	-	-	静岡県	浜松市	-	DEI-501	-	-	-	村社	中世	遠江天神	遠江天満
SHR-345	駿河天満宮	するがてんまんぐう	-	-	静岡県	静岡市	-	DEI-501	-	-	-	村社	中世	駿河天神	駿河天満
SHR-346	甲府天満宮	こうふてんまんぐう	-	-	山梨県	甲府市	-	DEI-501	-	-	-	村社	中世	甲斐天神	甲斐天満
SHR-347	長野天満宮	ながのてんまんぐう	-	-	長野県	長野市	-	DEI-501	-	-	-	村社	中世	信濃天神	信濃天満
SHR-348	善光寺天神	ぜんこうじてんじん	-	-	長野県	長野市	-	DEI-501	-	-	-	-	中世	善光寺鎮守天神	善光寺天神
SHR-349	仙台天満宮	せんだいてんまんぐう	-	-	宮城県	仙台市	-	DEI-501	-	-	-	村社	中世	陸奥天神	陸奥天満
SHR-350	盛岡天満宮	もりおかてんまんぐう	-	-	岩手県	盛岡市	-	DEI-501	-	-	-	村社	中世	南部天神	南部天満
SHR-351	青森天満宮	あおもりてんまんぐう	-	-	青森県	青森市	-	DEI-501	-	-	-	村社	中世	陸奥北天神	陸奥北天満
SHR-352	秋田天満宮	あきたてんまんぐう	-	-	秋田県	秋田市	-	DEI-501	-	-	-	村社	中世	羽後天神	羽後天満
SHR-353	山形天満宮	やまがたてんまんぐう	-	-	山形県	山形市	-	DEI-501	-	-	-	村社	中世	羽前天神	羽前天満
SHR-354	福島天満宮	ふくしまてんまんぐう	-	-	福島県	福島市	-	DEI-501	-	-	-	村社	中世	陸奥南天神	陸奥南天満
SHR-355	水戸天満宮	みとてんまんぐう	-	-	茨城県	水戸市	-	DEI-501	-	-	-	村社	中世	常陸天神	常陸天満
SHR-356	宇都宮天満宮	うつのみやてんまんぐう	-	-	栃木県	宇都宮市	-	DEI-501	-	-	-	村社	中世	下野天神	下野天満
SHR-357	前橋天満宮	まえばしてんまんぐう	-	-	群馬県	前橋市	-	DEI-501	-	-	-	村社	中世	上野天神	上野天満
SHR-358	川越天満宮	かわごえてんまんぐう	-	-	埼玉県	川越市	-	DEI-501	-	-	-	村社	中世	武蔵天神	武蔵天満
SHR-359	千葉天満宮	ちばてんまんぐう	-	-	千葉県	千葉市	-	DEI-501	-	-	-	村社	中世	下総天神	下総天満
SHR-360	成田天神社	なりたてんじんしゃ	-	-	千葉県	成田市	-	DEI-501	-	-	-	村社	中世	下総成田天神	成田天神
SHR-361	鎌倉天満宮	かまくらてんまんぐう	-	荏柄天神社	神奈川県	鎌倉市二階堂	-	DEI-501	-	-	-	村社	長治元年(1104)	鎌倉幕府期勧請	日本三大天神(称)
SHR-362	江島天満宮	えのしまてんまんぐう	-	-	神奈川県	藤沢市江島	-	DEI-501	-	-	-	-	中世	江島天神	江島天満
SHR-363	新潟天満宮	にいがたてんまんぐう	-	-	新潟県	新潟市	-	DEI-501	-	-	-	村社	中世	越後天神	越後天満
SHR-364	富山天満宮	とやまてんまんぐう	-	-	富山県	富山市	-	DEI-501	-	-	-	村社	中世	越中天神	越中天満
SHR-365	金沢天満宮	かなざわてんまんぐう	-	-	石川県	金沢市	-	DEI-501	-	-	-	村社	中世	加賀天神	加賀天満
SHR-366	福井天満宮	ふくいてんまんぐう	-	-	福井県	福井市	-	DEI-501	-	-	-	村社	中世	越前天神	越前天満
SHR-367	石上神宮天満	いそのかみてんまん	-	-	奈良県	天理市布留町	-	DEI-501	-	-	-	-	中世	石上神宮境内天満	石上天満
SHR-368	函館天満宮	はこだててんまんぐう	-	-	北海道	函館市	-	DEI-501	-	-	-	村社	近世	蝦夷地天神	北海道天満
SHR-369	諏訪大社上社本宮	すわたいしゃかみしゃほんみや	-	諏訪本社	長野県	諏訪市中洲宮山	-	DEI-010|DEI-029	-	-	名神大社|信濃一宮	官幣大社|別表神社	古代	建御名方神鎮座伝	諏訪 4 宮の中軸
SHR-370	諏訪大社上社前宮	すわたいしゃかみしゃまえみや	-	御射山	長野県	茅野市宮川	-	DEI-010|DEI-029	-	-	名神大社	官幣大社	古代	ミシャグジ祭祀の中心	守矢家祭祀地
SHR-371	諏訪大社下社春宮	すわたいしゃしもしゃはるみや	-	-	長野県	諏訪郡下諏訪町	-	DEI-010|DEI-029	-	-	名神大社	官幣大社	古代	八坂刀売神鎮座伝	下社遷座(春)
SHR-372	諏訪大社下社秋宮	すわたいしゃしもしゃあきみや	-	-	長野県	諏訪郡下諏訪町	-	DEI-010|DEI-029	-	-	名神大社	官幣大社	古代	八坂刀売神鎮座伝	下社遷座(秋)
SHR-373	守矢神社	もりやじんじゃ	-	守矢家本社	長野県	茅野市	-	DEI-010|DEI-029	-	-	-	村社	縄文〜古代	ミシャグジ祭祀(L3 縄文残存)	守矢家文書、縄文残存仮説の核
SHR-374	八剱神社(諏訪)	やつるぎじんじゃ	-	-	長野県	諏訪市小和田	-	DEI-010|DEI-029	-	-	-	村社	中世	諏訪御渡神事の社	御神渡神事
SHR-375	足長神社	あしながじんじゃ	-	-	長野県	諏訪市	-	DEI-010|DEI-029	-	-	-	村社	中世	諏訪関連神	諏訪上社摂社
SHR-376	手長神社	てながじんじゃ	-	-	長野県	諏訪市	-	DEI-010|DEI-029	-	-	-	村社	中世	諏訪関連神	諏訪上社摂社
SHR-377	出早神社	いずはやじんじゃ	-	-	長野県	岡谷市	-	DEI-010|DEI-029	-	-	-	村社	中世	諏訪関連神	出早雄命祭
SHR-378	先宮神社	さきのみやじんじゃ	-	-	長野県	茅野市	-	DEI-010|DEI-029	-	-	-	村社	中世	諏訪在来層	上社摂社
SHR-379	習焼神社	ならわしやきじんじゃ	-	-	長野県	諏訪市	-	DEI-010|DEI-029	-	-	-	村社	中世	諏訪関連神	上社摂社
SHR-380	武居諏訪神社	たけいすわじんじゃ	-	-	長野県	上田市	-	DEI-010|DEI-029	-	-	-	村社	中世	信濃武居祢宜祖	武居祢宜の祖
SHR-381	浪合諏訪神社	なみあいすわじんじゃ	-	-	長野県	下伊那郡	-	DEI-010|DEI-029	-	-	-	村社	中世	信濃南部諏訪	南信諏訪
SHR-382	武田八幡諏訪相殿	たけだすわ	-	-	山梨県	韮崎市	-	DEI-010|DEI-029	-	-	-	-	中世	甲斐諏訪	甲斐諏訪相殿
SHR-383	諏訪神社(関東)	すわじんじゃ	-	立川諏訪	東京都	立川市柴崎町	-	DEI-010|DEI-029	-	-	-	村社	弘仁2年(811)	嵯峨天皇勅願	武蔵諏訪の代表
SHR-384	武蔵越生諏訪神社	おごせすわじんじゃ	-	-	埼玉県	入間郡越生町	-	DEI-010|DEI-029	-	-	-	村社	中世	武蔵諏訪	武蔵越生諏訪
SHR-385	千葉諏訪神社	ちばすわじんじゃ	-	-	千葉県	千葉市	-	DEI-010|DEI-029	-	-	-	村社	中世	下総諏訪	下総諏訪
SHR-386	茨城諏訪神社	いばらきすわじんじゃ	-	-	茨城県	水戸市	-	DEI-010|DEI-029	-	-	-	村社	中世	常陸諏訪	常陸諏訪
SHR-387	足利諏訪神社	あしかがすわじんじゃ	-	-	栃木県	足利市	-	DEI-010|DEI-029	-	-	-	村社	中世	下野諏訪	下野諏訪
SHR-388	前橋諏訪神社	まえばしすわじんじゃ	-	-	群馬県	前橋市	-	DEI-010|DEI-029	-	-	-	村社	中世	上野諏訪	上野諏訪
SHR-389	新潟諏訪神社	にいがたすわじんじゃ	-	-	新潟県	新潟市	-	DEI-010|DEI-029	-	-	-	県社	弘仁2年(811)	越後守護による勧請	越後諏訪
SHR-390	富山諏訪神社	とやますわじんじゃ	-	-	富山県	富山市	-	DEI-010|DEI-029	-	-	-	村社	中世	越中諏訪	越中諏訪
SHR-391	金沢諏訪神社	かなざわすわじんじゃ	-	-	石川県	金沢市	-	DEI-010|DEI-029	-	-	-	村社	中世	加賀諏訪	加賀諏訪
SHR-392	福井諏訪神社	ふくいすわじんじゃ	-	-	福井県	福井市	-	DEI-010|DEI-029	-	-	-	村社	中世	越前諏訪	越前諏訪
SHR-393	諏訪大社神宮寺諏訪	じんぐうじすわ	-	-	長野県	諏訪市	-	DEI-010|DEI-029	-	-	-	-	中世	諏訪大社別当寺鎮守	諏訪神宮寺
SHR-394	飛騨諏訪神社	ひだすわじんじゃ	-	-	岐阜県	高山市	-	DEI-010|DEI-029	-	-	-	村社	中世	飛騨諏訪	飛騨諏訪
SHR-395	美濃諏訪神社	みのすわじんじゃ	-	-	岐阜県	岐阜市	-	DEI-010|DEI-029	-	-	-	村社	中世	美濃諏訪	美濃諏訪
SHR-396	尾張諏訪神社	おわりすわじんじゃ	-	-	愛知県	名古屋市	-	DEI-010|DEI-029	-	-	-	村社	中世	尾張諏訪	尾張諏訪
SHR-397	三河諏訪神社	みかわすわじんじゃ	-	-	愛知県	豊川市	-	DEI-010|DEI-029	-	-	-	村社	中世	三河諏訪	三河諏訪
SHR-398	遠江諏訪神社	とおとうみすわじんじゃ	-	-	静岡県	浜松市	-	DEI-010|DEI-029	-	-	-	村社	中世	遠江諏訪	遠江諏訪
SHR-399	駿河諏訪神社	するがすわじんじゃ	-	-	静岡県	静岡市	-	DEI-010|DEI-029	-	-	-	村社	中世	駿河諏訪	駿河諏訪
SHR-400	近江諏訪神社	おうみすわじんじゃ	-	-	滋賀県	大津市	-	DEI-010|DEI-029	-	-	-	村社	中世	近江諏訪	近江諏訪
SHR-401	丹波諏訪神社	たんばすわじんじゃ	-	-	京都府	京都市右京区	-	DEI-010|DEI-029	-	-	-	村社	中世	丹波諏訪	丹波諏訪
SHR-402	摂津諏訪神社	せっつすわじんじゃ	-	-	大阪府	大阪市東淀川区	-	DEI-010|DEI-029	-	-	-	村社	中世	摂津諏訪	摂津諏訪
SHR-403	和泉諏訪神社	いずみすわじんじゃ	-	-	大阪府	和泉市	-	DEI-010|DEI-029	-	-	-	村社	中世	和泉諏訪	和泉諏訪
SHR-404	播磨諏訪神社	はりますわじんじゃ	-	-	兵庫県	姫路市	-	DEI-010|DEI-029	-	-	-	村社	中世	播磨諏訪	播磨諏訪
SHR-405	丹後諏訪神社	たんごすわじんじゃ	-	-	京都府	宮津市	-	DEI-010|DEI-029	-	-	-	村社	中世	丹後諏訪	丹後諏訪
SHR-406	但馬諏訪神社	たじますわじんじゃ	-	-	兵庫県	豊岡市	-	DEI-010|DEI-029	-	-	-	村社	中世	但馬諏訪	但馬諏訪
SHR-407	出雲諏訪神社	いずもすわじんじゃ	-	-	島根県	松江市	-	DEI-010|DEI-029	-	-	-	村社	中世	出雲諏訪(タケミナカタ里帰り)	出雲諏訪
SHR-408	石見諏訪神社	いわみすわじんじゃ	-	-	島根県	浜田市	-	DEI-010|DEI-029	-	-	-	村社	中世	石見諏訪	石見諏訪
SHR-409	備前諏訪神社	びぜんすわじんじゃ	-	-	岡山県	岡山市	-	DEI-010|DEI-029	-	-	-	村社	中世	備前諏訪	備前諏訪
SHR-410	広島諏訪神社	ひろしますわじんじゃ	-	-	広島県	広島市	-	DEI-010|DEI-029	-	-	-	村社	中世	安芸諏訪	安芸諏訪
SHR-411	山口諏訪神社	やまぐちすわじんじゃ	-	-	山口県	山口市	-	DEI-010|DEI-029	-	-	-	村社	中世	周防諏訪	周防諏訪
SHR-412	徳島諏訪神社	とくしますわじんじゃ	-	-	徳島県	徳島市	-	DEI-010|DEI-029	-	-	-	村社	中世	阿波諏訪	阿波諏訪
SHR-413	高松諏訪神社	たかまつすわじんじゃ	-	-	香川県	高松市	-	DEI-010|DEI-029	-	-	-	村社	中世	讃岐諏訪	讃岐諏訪
SHR-414	松山諏訪神社	まつやますわじんじゃ	-	-	愛媛県	松山市	-	DEI-010|DEI-029	-	-	-	村社	中世	伊予諏訪	伊予諏訪
SHR-415	高知諏訪神社	こうちすわじんじゃ	-	-	高知県	高知市	-	DEI-010|DEI-029	-	-	-	村社	中世	土佐諏訪	土佐諏訪
SHR-416	諏訪神社(長崎)	すわじんじゃ	-	鎮西大社	長崎県	長崎市上西山町	-	DEI-010|DEI-029	-	-	-	県社|別表神社	弘治元年(1555)	長崎奉行所鎮守	長崎おくんち
SHR-417	諏訪神社(熊本)	すわじんじゃ	-	-	熊本県	熊本市	-	DEI-010|DEI-029	-	-	-	村社	中世	肥後諏訪	肥後諏訪
SHR-418	諏訪神社(青森)	すわじんじゃ	-	-	青森県	青森市	-	DEI-010|DEI-029	-	-	-	村社	中世	陸奥諏訪	陸奥北諏訪
SHR-419	白山比咩神社	しらやまひめじんじゃ	-	白山総本社	石川県	白山市三宮町	-	DEI-195	-	-	名神大社|加賀一宮	国幣中社|別表神社	崇神天皇治世伝	白山開祖泰澄大師による勧請	全国白山系総本社・2700+ 社
SHR-420	白山中宮	はくさんちゅうぐう	-	-	岐阜県	郡上市白鳥町	-	DEI-195	-	-	-	県社	養老元年(717)	泰澄の白山開創	美濃馬場
SHR-421	白山平泉寺	へいせんじはくさん	-	-	福井県	勝山市平泉寺町	-	DEI-195	-	-	-	別格官幣社	養老元年(717)	泰澄の越前馬場開創	越前馬場
SHR-422	白山中居神社	はくさんなかいじんじゃ	-	-	岐阜県	郡上市白鳥町	-	DEI-195	-	-	-	県社	養老元年(717)	美濃馬場の中宮	美濃中居
SHR-423	白山宮(美濃)	はくさんぐう	-	-	岐阜県	郡上市	-	DEI-195	-	-	-	村社	中世	美濃白山	美濃白山
SHR-424	白山神社(東京)	しらやまじんじゃ	-	-	東京都	文京区白山	-	DEI-195	-	-	-	府社	天暦2年(948)	加賀から勧請	東京白山(地名由来)
SHR-425	武蔵白山神社	むさししらやまじんじゃ	-	-	埼玉県	比企郡	-	DEI-195	-	-	-	村社	中世	武蔵白山	武蔵白山
SHR-426	信濃白山神社	しなのしらやまじんじゃ	-	-	長野県	長野市	-	DEI-195	-	-	-	村社	中世	信濃白山	信濃白山
SHR-427	駿河白山神社	するがしらやまじんじゃ	-	-	静岡県	静岡市	-	DEI-195	-	-	-	村社	中世	駿河白山	駿河白山
SHR-428	尾張白山神社	おわりしらやまじんじゃ	-	-	愛知県	名古屋市	-	DEI-195	-	-	-	村社	中世	尾張白山	尾張白山
SHR-429	近江白山神社	おうみしらやまじんじゃ	-	-	滋賀県	大津市	-	DEI-195	-	-	-	村社	中世	近江白山	近江白山
SHR-430	丹波白山神社	たんばしらやまじんじゃ	-	-	京都府	京都市右京区	-	DEI-195	-	-	-	村社	中世	丹波白山	丹波白山
SHR-431	摂津白山神社	せっつしらやまじんじゃ	-	-	大阪府	大阪市	-	DEI-195	-	-	-	村社	中世	摂津白山	摂津白山
SHR-432	奈良白山神社	ならしらやまじんじゃ	-	-	奈良県	奈良市	-	DEI-195	-	-	-	村社	中世	大和白山	大和白山
SHR-433	和歌山白山神社	わかやましらやまじんじゃ	-	-	和歌山県	和歌山市	-	DEI-195	-	-	-	村社	中世	紀伊白山	紀伊白山
SHR-434	出雲白山神社	いずもしらやまじんじゃ	-	-	島根県	松江市	-	DEI-195	-	-	-	村社	中世	出雲白山	出雲白山
SHR-435	備前白山神社	びぜんしらやまじんじゃ	-	-	岡山県	岡山市	-	DEI-195	-	-	-	村社	中世	備前白山	備前白山
SHR-436	安芸白山神社	あきしらやまじんじゃ	-	-	広島県	広島市	-	DEI-195	-	-	-	村社	中世	安芸白山	安芸白山
SHR-437	土佐白山神社	とさしらやまじんじゃ	-	-	高知県	高知市	-	DEI-195	-	-	-	村社	中世	土佐白山	土佐白山
SHR-438	讃岐白山神社	さぬきしらやまじんじゃ	-	-	香川県	高松市	-	DEI-195	-	-	-	村社	中世	讃岐白山	讃岐白山
SHR-439	筑前白山神社	ちくぜんしらやまじんじゃ	-	-	福岡県	福岡市	-	DEI-195	-	-	-	村社	中世	筑前白山	筑前白山
SHR-440	豊前白山神社	ぶぜんしらやまじんじゃ	-	-	大分県	中津市	-	DEI-195	-	-	-	村社	中世	豊前白山	豊前白山
SHR-441	肥後白山神社	ひごしらやまじんじゃ	-	-	熊本県	熊本市	-	DEI-195	-	-	-	村社	中世	肥後白山	肥後白山
SHR-442	薩摩白山神社	さつましらやまじんじゃ	-	-	鹿児島県	鹿児島市	-	DEI-195	-	-	-	村社	中世	薩摩白山	薩摩白山
SHR-443	常陸白山神社	ひたちしらやまじんじゃ	-	-	茨城県	水戸市	-	DEI-195	-	-	-	村社	中世	常陸白山	常陸白山
SHR-444	陸奥白山神社	むつしらやまじんじゃ	-	-	宮城県	仙台市	-	DEI-195	-	-	-	村社	中世	陸奥白山	陸奥白山
SHR-445	出羽白山神社	でわしらやまじんじゃ	-	-	山形県	山形市	-	DEI-195	-	-	-	村社	中世	出羽白山	出羽白山
SHR-446	越中白山神社	えっちゅうしらやまじんじゃ	-	-	富山県	富山市	-	DEI-195	-	-	-	村社	中世	越中白山	越中白山
SHR-447	越後白山神社	えちごしらやまじんじゃ	-	白山媛神社	新潟県	長岡市	-	DEI-195	-	-	-	県社	和銅2年(709)	白山泰澄の越後布教	越後白山
SHR-448	函館白山神社	はこだてしらやまじんじゃ	-	-	北海道	函館市	-	DEI-195	-	-	-	村社	近世	蝦夷地白山	北海道白山
SHR-449	富士山本宮浅間大社	ふじさんほんぐうせんげんたいしゃ	-	浅間総本社	静岡県	富士宮市宮町1-1	-	DEI-083	-	-	名神大社|駿河一宮	官幣大社|別表神社	垂仁天皇3年伝	木花咲耶姫鎮座伝	全国浅間総本社
SHR-450	北口本宮冨士浅間神社	きたぐちほんぐうふじせんげんじんじゃ	-	-	山梨県	富士吉田市	-	DEI-083	-	-	-	県社|別表神社	景行天皇40年伝	日本武尊が大塔に祀る伝	富士登拝吉田口
SHR-451	富士山小御嶽神社	こみたけじんじゃ	-	-	山梨県	富士山五合目	-	DEI-083	-	-	-	-	中世	富士山中の小御嶽	富士五合目鎮守
SHR-452	富士山須走浅間神社	すばしりせんげんじんじゃ	-	-	静岡県	駿東郡小山町	-	DEI-083	-	-	-	県社	大同2年(807)	坂上田村麻呂が再建	富士登拝須走口
SHR-453	富士御室浅間神社	ふじおむろせんげんじんじゃ	-	-	山梨県	南都留郡富士河口湖町	-	DEI-083	-	-	-	県社	天平宝字8年(764)	富士山頂への遥拝所	富士山中最古の社伝
SHR-454	浅間神社(甲府)	あさまじんじゃ	-	甲斐一宮	山梨県	笛吹市一宮町	-	DEI-083	-	-	名神大社|甲斐一宮	県社	貞観7年(865)	貞観大噴火後の鎮魂	甲斐一宮
SHR-455	吉原浅間神社	よしわらせんげんじんじゃ	-	-	静岡県	富士市吉原	-	DEI-083	-	-	-	県社	中世	富士郡鎮守	富士郡浅間
SHR-456	武蔵浅間神社	むさしあさまじんじゃ	-	-	東京都	渋谷区	-	DEI-083	-	-	-	村社	中世	武蔵浅間	武蔵浅間
SHR-457	板橋浅間神社	いたばしあさまじんじゃ	-	-	東京都	板橋区	-	DEI-083	-	-	-	村社	近世	富士講盛行期	富士講関連
SHR-458	品川富士浅間神社	しながわせんげん	-	-	東京都	品川区	-	DEI-083	-	-	-	村社	近世	品川富士塚鎮守	富士塚信仰
SHR-459	駒込富士神社	こまごめふじじんじゃ	-	-	東京都	文京区本駒込	-	DEI-083	-	-	-	村社	天正元年(1573)	駒込富士塚	富士講中心
SHR-460	江戸鉄砲洲富士浅間	てっぽうずせんげん	-	-	東京都	中央区	-	DEI-083	-	-	-	-	近世	鉄砲洲富士塚	富士講
SHR-461	江古田浅間神社	えこだせんげんじんじゃ	-	-	東京都	練馬区	-	DEI-083	-	-	-	村社	天文年間	江古田富士塚	富士講
SHR-462	足立浅間神社	あだちせんげんじんじゃ	-	-	東京都	足立区	-	DEI-083	-	-	-	村社	近世	足立富士	富士講
SHR-463	葛飾富士浅間神社	かつしかせんげん	-	-	東京都	葛飾区	-	DEI-083	-	-	-	村社	近世	葛飾富士塚	富士講
SHR-464	武蔵船橋浅間神社	むさしふなばし	-	-	千葉県	船橋市	-	DEI-083	-	-	-	村社	近世	船橋富士塚	富士講
SHR-465	横浜浅間神社	よこはませんげんじんじゃ	-	-	神奈川県	横浜市西区	-	DEI-083	-	-	-	村社	中世	横浜浅間	横浜浅間
SHR-466	湘南浅間神社	しょうなんせんげんじんじゃ	-	-	神奈川県	藤沢市	-	DEI-083	-	-	-	村社	中世	湘南浅間	湘南浅間
SHR-467	木花咲耶神社	このはなさくやじんじゃ	-	-	宮崎県	西諸県郡	-	DEI-083	-	-	-	村社	中世	コノハナサクヤ天孫神話地	宮崎コノハナ
SHR-468	信州浅間神社	しんしゅうせんげんじんじゃ	-	-	長野県	佐久市	-	DEI-083	-	-	-	村社	中世	信州浅間	信州浅間
SHR-469	尾張浅間神社	おわりせんげんじんじゃ	-	-	愛知県	名古屋市	-	DEI-083	-	-	-	村社	中世	尾張浅間	尾張浅間
SHR-470	近江浅間神社	おうみせんげんじんじゃ	-	-	滋賀県	大津市	-	DEI-083	-	-	-	村社	中世	近江浅間	近江浅間
SHR-471	摂津浅間神社	せっつせんげんじんじゃ	-	-	大阪府	大阪市	-	DEI-083	-	-	-	村社	中世	摂津浅間	摂津浅間
SHR-472	和泉浅間神社	いずみせんげんじんじゃ	-	-	大阪府	和泉市	-	DEI-083	-	-	-	村社	中世	和泉浅間	和泉浅間
SHR-473	奈良浅間神社	ならせんげんじんじゃ	-	-	奈良県	奈良市	-	DEI-083	-	-	-	村社	中世	大和浅間	大和浅間
SHR-474	石川浅間神社	いしかわせんげんじんじゃ	-	-	石川県	金沢市	-	DEI-083	-	-	-	村社	中世	加賀浅間	加賀浅間
SHR-475	広島浅間神社	ひろしませんげんじんじゃ	-	-	広島県	広島市	-	DEI-083	-	-	-	村社	中世	安芸浅間	安芸浅間
SHR-476	讃岐浅間神社	さぬきせんげんじんじゃ	-	-	香川県	高松市	-	DEI-083	-	-	-	村社	中世	讃岐浅間	讃岐浅間
SHR-477	土佐浅間神社	とさせんげんじんじゃ	-	-	高知県	高知市	-	DEI-083	-	-	-	村社	中世	土佐浅間	土佐浅間
SHR-478	筑前浅間神社	ちくぜんせんげんじんじゃ	-	-	福岡県	福岡市	-	DEI-083	-	-	-	村社	中世	筑前浅間	筑前浅間
SHR-479	出羽神社(羽黒山)	いではじんじゃ	-	羽黒山三神合祭殿	山形県	鶴岡市羽黒町手向	-	DEI-202|DEI-203|DEI-204	-	-	式内社|羽前一宮	国幣小社|別表神社	推古天皇治世伝	蜂子皇子の開山	出羽三山総本社
SHR-480	月山神社	がっさんじんじゃ	-	-	山形県	東田川郡庄内町	-	DEI-202|DEI-203|DEI-204	-	-	名神大社	官幣大社|別表神社	崇峻天皇治世伝	蜂子皇子による開山	出羽三山主峰
SHR-481	湯殿山神社	ゆどのさんじんじゃ	-	湯殿山本宮	山形県	鶴岡市田麦俣	-	DEI-202|DEI-203|DEI-204	-	-	-	国幣小社|別表神社	推古天皇治世伝	蜂子皇子の開山	出羽三山奥宮
SHR-482	注連寺	ちゅうれんじ	-	湯殿山真言宗	山形県	鶴岡市	-	DEI-202|DEI-203|DEI-204	-	-	-	-	天長10年(833)	空海弟子真然開山	湯殿山修験
SHR-483	大日坊	だいにちぼう	-	湯殿山真言宗	山形県	鶴岡市大網	-	DEI-202|DEI-203|DEI-204	-	-	-	-	大同2年(807)	空海開創	湯殿山修験
SHR-484	羽黒山三所	はぐろさんさんしょ	-	-	山形県	鶴岡市	-	DEI-202|DEI-203|DEI-204	-	-	-	-	古代	羽黒山中腹	三所大権現
SHR-485	羽黒山五重塔	はぐろごじゅうのとう	-	-	山形県	鶴岡市	-	DEI-202|DEI-203|DEI-204	-	-	-	国宝	平安末期	羽黒山中の塔	国宝五重塔
SHR-486	月山神社中之宮	がっさんなかのみや	-	御田原神社	山形県	東田川郡	-	DEI-202|DEI-203|DEI-204	-	-	-	-	中世	月山中腹の遥拝所	月山遥拝
SHR-487	湯殿山中之宮	ゆどのなかのみや	-	-	山形県	鶴岡市	-	DEI-202|DEI-203|DEI-204	-	-	-	-	中世	湯殿山中の宮	湯殿中宮
SHR-488	出羽三山神社飯豊	いいでさんしゃ	-	-	山形県	西置賜郡	-	DEI-202|DEI-203|DEI-204	-	-	-	-	中世	飯豊山も含む	飯豊山修験
SHR-489	飯豊山神社	いいでさんじんじゃ	-	-	福島県	喜多方市	-	DEI-202|DEI-203|DEI-204	-	-	-	県社	天平勝宝年間	蜂子皇子と並ぶ	飯豊山修験
SHR-490	早池峰神社	はやちねじんじゃ	-	-	岩手県	花巻市	-	DEI-202|DEI-203|DEI-204	-	-	-	県社	大同2年(807)	坂上田村麻呂による勧請	早池峰修験
SHR-491	姫神山神社	ひめかみやまじんじゃ	-	-	岩手県	盛岡市	-	DEI-202|DEI-203|DEI-204	-	-	-	村社	中世	姫神山修験	姫神修験
SHR-492	岩手山神社	いわてさんじんじゃ	-	-	岩手県	岩手郡雫石町	-	DEI-202|DEI-203|DEI-204	-	-	-	県社	中世	岩手山修験	岩手山修験
SHR-493	鳥海山大物忌神社	ちょうかいさんおおものいみじんじゃ	-	-	山形県	飽海郡遊佐町	-	DEI-202|DEI-203|DEI-204	-	-	名神大社|出羽一宮	国幣中社	欽明天皇25年伝	鳥海山開山伝	出羽一宮
SHR-494	鳥海山中之宮	ちょうかいなかのみや	-	-	秋田県	由利本荘市	-	DEI-202|DEI-203|DEI-204	-	-	-	-	中世	秋田側の中之宮	秋田鳥海
SHR-495	八峰白瀑神社	しらたきじんじゃ	-	-	秋田県	山本郡八峰町	-	DEI-202|DEI-203|DEI-204	-	-	-	村社	中世	出羽北部修験	白瀑修験
SHR-496	田沢湖辰子姫神社	たつこひめじんじゃ	-	-	秋田県	仙北市	-	DEI-202|DEI-203|DEI-204	-	-	-	-	中世	田沢湖鎮守	辰子伝説
SHR-497	男鹿真山神社	おがしんざんじんじゃ	-	-	秋田県	男鹿市	-	DEI-202|DEI-203|DEI-204	-	-	-	県社	景行天皇治世伝	ナマハゲ習合	男鹿修験
SHR-498	男鹿本山神社	おがほんざんじんじゃ	-	-	秋田県	男鹿市	-	DEI-202|DEI-203|DEI-204	-	-	-	村社	中世	男鹿半島最高峰	男鹿修験
SHR-499	羽黒山秋葉神社	はぐろあきば	-	-	山形県	鶴岡市	-	DEI-202|DEI-203|DEI-204	-	-	-	-	中世	羽黒山秋葉相殿	出羽秋葉相殿
SHR-500	出羽国分寺八幡	でわこくぶはちまん	-	-	山形県	山形市	-	DEI-202|DEI-203|DEI-204	-	-	-	村社	天平年間	出羽国分寺鎮守(八幡)	出羽国分寺
SHR-501	出羽神社境内羽黒月山湯殿三神社	さんしんじゃ	-	-	山形県	鶴岡市	-	DEI-202|DEI-203|DEI-204	-	-	-	-	古代	三神合祭	三神合祭殿
SHR-502	吹浦口大物忌	ふくらおおものいみ	-	-	山形県	飽海郡	-	DEI-202|DEI-203|DEI-204	-	-	-	-	古代	鳥海山西麓	鳥海山吹浦口
SHR-503	蕨岡口大物忌	わらびおかおおものいみ	-	-	山形県	飽海郡	-	DEI-202|DEI-203|DEI-204	-	-	-	-	古代	鳥海山西麓	鳥海山蕨岡口
SHR-504	矢島口大物忌	やじまおおものいみ	-	-	秋田県	由利本荘市	-	DEI-202|DEI-203|DEI-204	-	-	-	-	古代	鳥海山北東麓	鳥海山矢島口
SHR-505	百宅口大物忌	ももやけおおものいみ	-	-	秋田県	由利本荘市	-	DEI-202|DEI-203|DEI-204	-	-	-	-	古代	鳥海山北麓	鳥海山百宅口
SHR-506	月山八合目神社	がっさんはちごうめじんじゃ	-	-	山形県	東田川郡	-	DEI-202|DEI-203|DEI-204	-	-	-	-	中世	月山八合目鎮守	月山八合目
SHR-507	羽黒八合目神社	はぐろはちごうめじんじゃ	-	-	山形県	鶴岡市	-	DEI-202|DEI-203|DEI-204	-	-	-	-	中世	羽黒山八合目	羽黒八合目
SHR-508	湯殿山五合目神社	ゆどのごごうめじんじゃ	-	-	山形県	鶴岡市	-	DEI-202|DEI-203|DEI-204	-	-	-	-	中世	湯殿山五合目	湯殿五合目
SHR-509	金峯山寺蔵王堂	きんぷせんじざおうどう	-	-	奈良県	吉野郡吉野町	-	DEI-211	-	-	-	別格官幣社	白鳳時代伝	役小角の開創	修験道大本山
SHR-510	吉野水分神社	よしのみくまりじんじゃ	-	-	奈良県	吉野郡吉野町	-	DEI-211	-	-	名神大社	県社	古代	吉野山中の水分神	吉野水分
SHR-511	吉野金峯神社	きんぷじんじゃ	-	-	奈良県	吉野郡吉野町	-	DEI-211	-	-	-	県社	古代	金精明神	金精明神
SHR-512	大峰山寺	おおみねさんじ	-	-	奈良県	吉野郡天川村	-	DEI-211	-	-	-	-	白鳳時代	役小角の修行地	大峰山頂
SHR-513	天河大弁財天社	てんかわだいべんざいてんしゃ	-	-	奈良県	吉野郡天川村坪内	-	DEI-211	-	-	-	県社	古代	役小角の勧請	天河弁財天
SHR-514	十津川玉置神社	たまきじんじゃ	-	-	奈良県	吉野郡十津川村	-	DEI-211	-	-	-	県社	崇神天皇治世伝	熊野奥宮	熊野修験奥宮
SHR-515	勝尾寺	かつおうじ	-	-	大阪府	箕面市	-	DEI-211	-	-	-	-	神亀4年(727)	役小角の修行地	箕面勝尾寺
SHR-516	雄山神社	おやまじんじゃ	-	立山三山	富山県	中新川郡立山町	-	DEI-211	-	-	式内社|越中一宮	国幣小社|別表神社	和銅元年(708)	佐伯有頼の開山	立山修験総本社
SHR-517	戸隠神社奥社	とがくしじんじゃ	-	戸隠九頭龍	長野県	長野市戸隠	-	DEI-211	-	-	式内社	国幣小社|別表神社	嘉祥2年(849)	学問行者開山	戸隠修験
SHR-518	戸隠神社中社	とがくしなかしゃ	-	-	長野県	長野市戸隠	-	DEI-211	-	-	-	国幣小社	嘉祥2年(849)	学問行者開山	戸隠中社
SHR-519	戸隠神社宝光社	とがくしほうこうしゃ	-	-	長野県	長野市戸隠	-	DEI-211	-	-	-	国幣小社	嘉祥2年(849)	学問行者開山	戸隠宝光社
SHR-520	大山祇神社境外社	おおやまづみがいしゃ	-	-	愛媛県	今治市大三島町	-	DEI-211	-	-	-	-	古代	大山祇神社境外	大山祇境外
SHR-521	阿夫利神社	あふりじんじゃ	-	大山阿夫利神社	神奈川県	伊勢原市大山	-	DEI-211	-	-	式内社	国幣小社|別表神社	崇神天皇治世伝	大山(雨降山)信仰	相模大山
SHR-522	大山祇神社(東京)	おおやまづみじんじゃ	-	-	東京都	あきる野市	-	DEI-211	-	-	-	村社	中世	武蔵大山祇	武蔵大山祇
SHR-523	十二神社大山祇	じゅうにじんじゃ	-	-	群馬県	渋川市	-	DEI-211	-	-	-	村社	中世	上野大山祇	上野大山祇
SHR-524	日吉大社	ひよしたいしゃ	-	山王総本社	滋賀県	大津市坂本	-	DEI-211	-	-	二十二社	官幣大社|別表神社	崇神天皇7年伝	比叡山地主神	山王信仰総本宮
SHR-525	松尾大社	まつのおたいしゃ	-	-	京都府	京都市西京区嵐山	-	DEI-211	-	-	二十二社|名神大社	官幣大社|別表神社	大宝元年(701)	秦都理の創建	酒神・秦氏
SHR-526	赤山禅院	せきざんぜんいん	-	-	京都府	京都市左京区修学院	-	DEI-211	-	-	-	-	仁和4年(888)	比叡山の鎮守	比叡赤山
SHR-527	延暦寺横川中堂	よかわちゅうどう	-	-	滋賀県	大津市	-	DEI-211	-	-	-	国宝(別物)	嘉祥元年(848)	円仁開創	比叡山横川
SHR-528	延暦寺日吉社	えんりゃくじひよし	-	-	滋賀県	大津市	-	DEI-211	-	-	-	-	古代	比叡延暦寺鎮守	延暦寺鎮守
SHR-529	愛宕神社(京)	あたごじんじゃ	-	愛宕総本社	京都府	京都市右京区嵯峨愛宕町	-	DEI-211	-	-	-	府社|別表神社	大宝年間(701-704)	役小角・泰澄の開創	愛宕信仰総本社・全国 900+
SHR-530	愛宕神社(東京)	あたごじんじゃ	-	-	東京都	港区愛宕	-	DEI-211	-	-	-	村社	慶長8年(1603)	徳川家康による勧請	江戸愛宕
SHR-531	武蔵愛宕神社	むさしあたご	-	-	埼玉県	深谷市	-	DEI-211	-	-	-	村社	中世	武蔵愛宕	武蔵愛宕
SHR-532	信州愛宕神社	しんしゅうあたご	-	-	長野県	上田市	-	DEI-211	-	-	-	村社	中世	信州愛宕	信州愛宕
SHR-533	秋葉山本宮秋葉神社	あきはさんほんぐう	-	秋葉総本社	静岡県	浜松市天竜区春野町	-	DEI-211	-	-	-	県社|別表神社	養老2年(718)	行基開創	秋葉総本社・全国 800+
SHR-534	秋葉神社(東京)	あきばじんじゃ	-	-	東京都	台東区松が谷	-	DEI-211	-	-	-	村社	明治2年(1869)	東京遷都後勧請	東京秋葉
SHR-535	秋葉原秋葉神社	あきはばらあきば	-	-	東京都	千代田区神田	-	DEI-211	-	-	-	-	明治5年(1872)	秋葉原地名由来	秋葉原地名由来
SHR-536	信州秋葉神社	しんしゅうあきば	-	-	長野県	佐久市	-	DEI-211	-	-	-	村社	中世	信州秋葉	信州秋葉
SHR-537	英彦山神宮	ひこさんじんぐう	-	-	福岡県	田川郡添田町	-	DEI-211	-	-	-	官幣中社|別表神社	継体天皇25年伝	藤原恒雄開山伝	九州修験中核
SHR-538	国東六郷満山	くにさきろくごうまんざん	-	-	大分県	国東市	-	DEI-211	-	-	-	-	養老2年(718)	仁聞菩薩開山	国東半島修験
SHR-539	両子寺	ふたごじ	-	-	大分県	国東市	-	DEI-211	-	-	-	-	養老2年(718)	仁聞菩薩開山	六郷満山中山本寺
SHR-540	熊野座神社(英彦山)	ひこさんくまの	-	-	福岡県	田川郡	-	DEI-211	-	-	-	-	古代	英彦山熊野	英彦山修験熊野
SHR-541	求菩提山	くぼてさん	-	求菩提山修験	福岡県	豊前市	-	DEI-211	-	-	-	-	中世	豊前修験	豊前修験
SHR-542	阿蘇国造神社	あそこくぞうじんじゃ	-	-	熊本県	阿蘇市	-	DEI-211	-	-	式内社	県社	崇神天皇18年伝	阿蘇国造祖神	阿蘇修験
SHR-543	阿蘇神社摂社	あそまっしゃ	-	-	熊本県	阿蘇市	-	DEI-211	-	-	-	-	古代	阿蘇山口神社等	阿蘇摂社
SHR-544	霧島神宮	きりしまじんぐう	-	霧島六所権現	鹿児島県	霧島市霧島田口	-	DEI-211	-	-	-	官幣大社|別表神社	欽明天皇治世伝	天孫降臨地伝	天孫降臨ニニギ系
SHR-545	霧島東神社	きりしまひがしじんじゃ	-	-	宮崎県	西諸県郡高原町	-	DEI-211	-	-	-	県社	古代	霧島東麓	霧島東神社
SHR-546	狭野神社	さのじんじゃ	-	-	宮崎県	西諸県郡高原町	-	DEI-211	-	-	式内社	県社	崇神天皇治世伝	神武天皇生誕地伝	神武生誕地伝
SHR-547	夷守神社	ひなもりじんじゃ	-	-	宮崎県	小林市	-	DEI-211	-	-	式内社	県社	古代	霧島六所権現の一	霧島六社
SHR-548	剣山本宮宝蔵石神社	つるぎさんほんぐう	-	-	徳島県	三好市東祖谷	-	DEI-211	-	-	-	-	中世	剣山頂上	剣山修験
SHR-549	石鎚神社	いしづちじんじゃ	-	石鎚山頂上	愛媛県	西条市西田甲	-	DEI-211	-	-	式内社	県社|別表神社	白雉年間	役小角開山伝	西日本最高峰修験
SHR-550	石鎚神社中宮成就社	じょうじゅしゃ	-	-	愛媛県	西条市小松町	-	DEI-211	-	-	-	-	古代	石鎚成就社	石鎚成就
SHR-551	石鎚神社土小屋遥拝殿	つちごやようはいでん	-	-	愛媛県	上浮穴郡久万高原町	-	DEI-211	-	-	-	-	中世	石鎚遥拝	石鎚遥拝
SHR-552	湯殿山注連寺別当	ゆどのちゅうれんべっとう	-	-	山形県	鶴岡市	-	DEI-211	-	-	-	-	中世	湯殿山別当寺	湯殿別当
SHR-553	羽黒山荒澤寺	あらさわじ	-	-	山形県	鶴岡市羽黒町	-	DEI-211	-	-	-	-	中世	羽黒山荒澤	羽黒荒澤
SHR-554	富士山経ヶ岳	きょうがだけ	-	-	山梨県	富士山	-	DEI-211	-	-	-	-	中世	富士山中の経塚	富士経塚
SHR-555	富士山小山田神社	おやまだじんじゃ	-	-	静岡県	富士市	-	DEI-211	-	-	-	-	中世	富士山中の小山田神	富士小山田
SHR-556	立山雄山頂上社	たてやまいただきしゃ	-	-	富山県	中新川郡	-	DEI-211	-	-	-	-	和銅元年(708)	立山頂上鎮座	立山頂上
SHR-557	立山中宮祈願殿	たてやまちゅうぐう	-	-	富山県	中新川郡	-	DEI-211	-	-	-	-	中世	立山中宮	立山中宮
SHR-558	立山護命大権現	ごみょうだいごんげん	-	-	富山県	中新川郡	-	DEI-211	-	-	-	-	中世	立山修験	立山護命
SHR-559	三輪山禁足地	みわやまきんそくち	-	-	奈良県	桜井市	-	DEI-211	-	-	-	-	古代	大神神社神体山	三輪山禁足地
SHR-560	石上山神宮寺	いそのかみさんじんぐうじ	-	-	奈良県	天理市	-	DEI-211	-	-	-	-	古代	石上神宮鎮守	石上神宮鎮守
SHR-561	葛城山一言主神社	ひとことぬしじんじゃ	-	葛城一言主	奈良県	御所市森脇	-	DEI-211	-	-	式内社|名神大社	県社	雄略天皇4年伝	葛城山中の託宣神	葛城修験前史
SHR-562	葛城金剛山転法輪寺	てんぽうりんじ	-	-	奈良県	御所市	-	DEI-211	-	-	-	-	中世	金剛山修験	金剛山修験
SHR-563	羊蹄山神社	ようていさんじんじゃ	-	後方羊蹄山	北海道	虻田郡倶知安町	-	DEI-211	-	-	-	村社	明治期	羊蹄山修験近代化	蝦夷羊蹄
SHR-564	十和田神社	とわだじんじゃ	-	十和田青龍	青森県	十和田市奥瀬	-	DEI-211	-	-	-	県社	大同2年(807)	坂上田村麻呂勧請	十和田青龍権現
SHR-565	男鹿真山赤神社	おがあかがみじんじゃ	-	-	秋田県	男鹿市	-	DEI-211	-	-	-	村社	中世	男鹿赤神	男鹿赤神
SHR-566	大神神社摂社三輪	おおみわまっしゃ	-	-	奈良県	桜井市	-	DEI-211	-	-	-	-	古代	三輪山系摂社	三輪山摂社
SHR-567	大山祇神社境内社	おおやまづみがいしゃ	-	-	愛媛県	今治市	-	DEI-211	-	-	-	-	古代	大山祇境内社	大山祇境内
SHR-568	妙法山阿弥陀寺	みょうほうさん	-	-	和歌山県	東牟婁郡那智勝浦町	-	DEI-211	-	-	-	-	古代	熊野修験	妙法山修験
SHR-569	弥彦神社	やひこじんじゃ	-	伊夜比古神社	新潟県	西蒲原郡弥彦村弥彦	-	DEI-013	-	-	名神大社	国幣中社|別表神社	天香山命の代	天香山命の越後開拓伝	越後一宮、宝物伝説
SHR-570	気多大社	けたたいしゃ	-	-	石川県	羽咋市寺家町	-	DEI-001	-	-	名神大社	国幣大社|別表神社	崇神天皇治世伝	大己貴命の能登平定伝	能登一宮
SHR-571	気比神宮	けひじんぐう	-	笥飯宮	福井県	敦賀市曙町	-	DEI-182	-	-	名神大社	官幣大社|別表神社	仲哀天皇治世伝	応神天皇の名替え伝	越前一宮、北陸道総鎮守
SHR-572	劔神社	つるぎじんじゃ	-	織田明神	福井県	丹生郡越前町織田	-	DEI-002	-	-	名神大社	国幣小社	崇神天皇治世伝	スサノオの剣鎮座伝	越前一宮(劔)・織田氏氏神
SHR-573	高瀬神社	たかせじんじゃ	-	-	富山県	南砺市高瀬	-	DEI-001	-	-	名神大社	国幣小社|別表神社	景行天皇治世伝	大己貴命の越中平定伝	越中一宮(本来)
SHR-574	国懸神宮	くにかかすじんぐう	-	-	和歌山県	和歌山市秋月	-	DEI-014	-	-	名神大社	官幣大社|別表神社	神武天皇2年伝	天道根命による奉斎伝	紀伊一宮(日前神宮と一対)
SHR-575	都都古別神社(馬場)	つつこわけじんじゃ	-	-	福島県	東白川郡棚倉町	-	DEI-058	-	-	名神大社	国幣中社	景行天皇治世伝	日本武尊の東征伝	陸奥南一宮(馬場)
SHR-576	都都古別神社(八槻)	つつこわけじんじゃ	-	-	福島県	東白川郡棚倉町	-	DEI-058	-	-	名神大社	国幣中社	景行天皇治世伝	日本武尊の東征伝	陸奥南一宮(八槻)
SHR-577	由良比女神社	ゆらひめじんじゃ	-	-	島根県	隠岐郡西ノ島町	-	DEI-019	-	-	名神大社	国幣小社	古代	由良姫の鎮座伝	隠岐一宮(西ノ島)
SHR-578	中山神社	なかやまじんじゃ	-	-	岡山県	津山市一宮	-	DEI-064	-	-	名神大社	国幣中社	慶雲4年(707)伝	美作建国時の鎮守	美作一宮
SHR-579	吉備津彦神社	きびつひこじんじゃ	-	-	岡山県	岡山市北区一宮	-	DEI-064	-	-	-	国幣小社|別表神社	古代	吉備津彦命鎮座伝	備前一宮
SHR-580	吉備津神社	きびつじんじゃ	-	-	岡山県	岡山市北区吉備津	-	DEI-064	-	-	名神大社	官幣中社|別表神社	仁徳天皇治世伝	吉備津彦命鎮座伝	備中一宮
SHR-581	素盞嗚神社(備後)	すさのおじんじゃ	-	-	広島県	福山市新市町	-	DEI-002	-	-	名神大社	県社	古代	備後の蘇民将来伝承地	備後一宮(素盞嗚)
SHR-582	吉備津神社(備後)	きびつじんじゃ	-	-	広島県	福山市新市町	-	DEI-064	-	-	名神大社	国幣小社|別表神社	大同元年(806)	備後守による勧請	備後一宮(吉備津)
SHR-583	由加神社本宮	ゆがじんじゃ	-	-	岡山県	倉敷市児島由加	-	DEI-064	-	-	-	県社	古代	由加山修験	備前児島地区主要社
SHR-584	徳佐八幡宮	とくさはちまんぐう	-	-	山口県	山口市阿東徳佐	-	DEI-181|DEI-182|DEI-183	-	-	-	村社	中世	徳佐の鎮守	周防徳佐八幡
SHR-585	仲山金毘羅宮	なかやまこんぴらぐう	-	-	香川県	丸亀市本島町	-	DEI-001	-	-	-	村社	近世	塩飽諸島の鎮守	塩飽諸島総鎮守
SHR-586	天石門別神社	あめのいわとわけじんじゃ	-	-	岡山県	美作市	-	DEI-058	-	-	名神大社	県社	古代	美作天石戸別神	美作天岩戸別の社
SHR-587	彦狭島神社	ひこさしまじんじゃ	-	-	愛媛県	今治市	-	DEI-064	-	-	-	村社	古代	伊予彦狭島命	伊予地方主要社
SHR-588	舞鶴大原神社	おおはらじんじゃ	-	丹後大原神社	京都府	舞鶴市河辺由里	-	DEI-001	-	-	-	府社	中世	丹後守護細川氏勧請	丹後地方総鎮守級
SHR-589	金鑚神社	かなさなじんじゃ	-	金鑽神社	埼玉県	児玉郡神川町	-	DEI-005	-	-	名神大社	官幣中社	景行天皇41年伝	武蔵国二宮、日本武尊勧請伝	武蔵二宮
SHR-590	小野神社(武蔵)	おのじんじゃ	-	-	東京都	多摩市一ノ宮	-	DEI-005	-	-	式内社	県社	安寧天皇18年伝	小野氏の祖神祭祀	武蔵旧二宮(中世)
SHR-591	川匂神社	かわわじんじゃ	-	-	神奈川県	中郡二宮町	-	DEI-001	-	-	式内社	村社	垂仁天皇治世伝	相模二宮の鎮守	相模二宮
SHR-592	豊積神社	とよづみじんじゃ	-	-	静岡県	静岡市清水区	-	DEI-064	-	-	式内社	村社	崇神天皇治世伝	駿河二宮の鎮守	駿河二宮
SHR-593	二宮神社(尾張)	にのみやじんじゃ	-	国府宮	愛知県	愛知郡東郷町	-	DEI-088	-	-	-	村社	中世	尾張二宮の鎮守	尾張二宮
SHR-594	田縣神社	たがたじんじゃ	-	-	愛知県	小牧市田県町	-	DEI-031	-	-	-	村社	中世	尾張田県の地神	尾張地方鎮守
SHR-595	石津神社	いしづじんじゃ	-	-	大阪府	堺市西区石津町	-	DEI-019	-	-	式内社	府社	孝昭天皇7年伝	石津連の祖神祭祀	和泉二宮
SHR-596	酒解神社	さかとけじんじゃ	-	-	京都府	乙訓郡大山崎町	-	DEI-064	-	-	名神大社	府社	古代	山崎の酒神	山城二宮
SHR-597	竹大与杼神社	たけのおおよどじんじゃ	-	-	京都府	京都市伏見区	-	DEI-001	-	-	式内社	村社	古代	京都伏見の地神	山城三宮
SHR-598	浄見原神社	きよみはらじんじゃ	-	-	奈良県	吉野郡吉野町	-	DEI-058	-	-	式内社	村社	古代	天武天皇縁伝	大和三宮(中世)
SHR-599	大県神社	おおあがたじんじゃ	-	-	愛知県	犬山市	-	DEI-064	-	-	式内社	県社	古代	尾張大県氏祖神	尾張二宮(中世)
SHR-600	加佐美神社	かさみじんじゃ	-	-	岐阜県	各務原市	-	DEI-064	-	-	式内社	村社	古代	美濃二宮の鎮守	美濃二宮
SHR-601	六所神社(伊豆)	ろくしょじんじゃ	-	-	静岡県	三島市	-	DEI-005|DEI-006	-	-	-	村社	中世	伊豆国府六所	伊豆総社六所
SHR-602	二宮神社(備中)	にのみやじんじゃ	-	-	岡山県	倉敷市	-	DEI-064	-	-	-	村社	中世	備中二宮の鎮守	備中二宮
SHR-603	二宮神社(豊前)	にのみやじんじゃ	-	-	福岡県	京都郡苅田町	-	DEI-181	-	-	-	村社	中世	豊前二宮の鎮守	豊前二宮
SHR-604	大國魂神社	おおくにたまじんじゃ	-	六所宮|武蔵国総社	東京都	府中市宮町	-	DEI-001	-	-	-	官幣小社|別表神社	景行天皇41年伝	武蔵国府の総社、日本武尊勧請伝	武蔵国総社・くらやみ祭
SHR-605	上野国総社神社	こうずけそうしゃじんじゃ	-	総社神社	群馬県	前橋市元総社町	-	DEI-001|DEI-005	-	-	-	県社	古代	上野国府の総社	上野国総社
SHR-606	下野国総社神社	しもつけそうしゃじんじゃ	-	-	栃木県	栃木市惣社町	-	DEI-001|DEI-005	-	-	-	村社	古代	下野国府の総社	下野国総社
SHR-607	常陸国総社宮	ひたちのくにそうしゃぐう	-	石岡総社	茨城県	石岡市総社	-	DEI-001	-	-	-	県社	天平年間	常陸国府の総社	常陸国総社
SHR-608	駿河国総社浅間神社	するがそうしゃせんげん	-	静岡浅間神社	静岡県	静岡市葵区	-	DEI-083	-	-	-	国幣小社|別表神社	崇神天皇治世伝	駿河国府の総社+浅間	駿河国総社
SHR-609	信濃国総社城	しなのこくそうしゃ	-	犬射埼神社	長野県	松本市	-	DEI-010	-	-	-	村社	古代	信濃国府の総社	信濃国総社
SHR-610	越後国総社	えちごこくそうしゃ	-	府中八幡宮	新潟県	上越市	-	DEI-181	-	-	-	村社	古代	越後国府の総社	越後国総社
SHR-611	加賀国総社	かがこくそうしゃ	-	石浦神社	石川県	金沢市本多町	-	DEI-001	-	-	-	村社	古代	加賀国府の総社	加賀国総社
SHR-612	越中国総社	えっちゅうこくそうしゃ	-	射水神社	富山県	高岡市古城	-	DEI-013	-	-	名神大社	県社	古代	越中国府の総社	越中国総社
SHR-613	越前国総社	えちぜんこくそうしゃ	-	総社大神宮	福井県	越前市京町	-	DEI-001|DEI-005	-	-	-	村社	古代	越前国府の総社	越前国総社
SHR-614	近江国総社	おうみこくそうしゃ	-	総社神社	滋賀県	大津市	-	DEI-001	-	-	-	村社	古代	近江国府の総社	近江国総社
SHR-615	丹波国総社	たんばこくそうしゃ	-	亀山八幡宮	京都府	亀岡市	-	DEI-181	-	-	-	村社	古代	丹波国府の総社	丹波国総社
SHR-616	但馬国総社	たじまこくそうしゃ	-	気多神社(但馬)	兵庫県	豊岡市日高町	-	DEI-001	-	-	名神大社	県社	古代	但馬国府の総社	但馬国総社
SHR-617	因幡国総社	いなばこくそうしゃ	-	宇倍神社相殿	鳥取県	鳥取市	-	DEI-058	-	-	-	-	古代	因幡国府の総社	因幡国総社(宇倍と並列)
SHR-618	美作国総社	みまさかこくそうしゃ	-	総社神社	岡山県	津山市	-	DEI-001	-	-	-	村社	古代	美作国府の総社	美作国総社
SHR-619	備中国総社宮	びっちゅうこくそうしゃぐう	-	総社神社	岡山県	総社市総社	-	DEI-001	-	-	-	県社	古代	備中国府の総社	備中国総社・総社市名の由来
SHR-620	備後国総社	びんごこくそうしゃ	-	備後国分寺総社	広島県	府中市	-	DEI-001	-	-	-	村社	古代	備後国府の総社	備後国総社
SHR-621	安芸国総社	あきこくそうしゃ	-	多家神社	広島県	府中町	-	DEI-001	-	-	-	村社	古代	安芸国府の総社	安芸国総社
SHR-622	周防国総社	すおうこくそうしゃ	-	国府八幡	山口県	防府市	-	DEI-181	-	-	-	村社	古代	周防国府の総社	周防国総社
SHR-623	阿波国総社	あわこくそうしゃ	-	国府八幡	徳島県	徳島市	-	DEI-181	-	-	-	村社	古代	阿波国府の総社	阿波国総社
SHR-624	讃岐国総社	さぬきこくそうしゃ	-	国府八幡	香川県	坂出市	-	DEI-181	-	-	-	村社	古代	讃岐国府の総社	讃岐国総社
SHR-625	伊予国総社	いよこくそうしゃ	-	府中八幡	愛媛県	今治市	-	DEI-181	-	-	-	村社	古代	伊予国府の総社	伊予国総社
SHR-626	土佐国総社	とさこくそうしゃ	-	府中八幡	高知県	南国市	-	DEI-181	-	-	-	村社	古代	土佐国府の総社	土佐国総社
SHR-627	肥前国総社	ひぜんこくそうしゃ	-	国分寺総社	佐賀県	佐賀市大和町	-	DEI-001	-	-	-	村社	古代	肥前国府の総社	肥前国総社
SHR-628	日向国総社	ひゅうがこくそうしゃ	-	総社神社	宮崎県	西都市	-	DEI-015	-	-	-	村社	古代	日向国府の総社	日向国総社
SHR-629	明治神宮	めいじじんぐう	-	-	東京都	渋谷区代々木神園町	-	-	-	-	-	官幣大社|別表神社	大正9年(1920)	明治天皇・昭憲皇太后奉斎	近代官幣大社・初詣最多(主祭神は近代天皇・人物、deity_master 未整備)
SHR-630	平安神宮	へいあんじんぐう	-	-	京都府	京都市左京区岡崎	-	-	-	-	-	官幣大社|別表神社	明治28年(1895)	平安遷都1100年記念	近代創建・桓武・孝明天皇(主祭神は近代天皇・人物、deity_master 未整備)
SHR-631	橿原神宮	かしはらじんぐう	-	-	奈良県	橿原市久米町	-	-	-	-	-	官幣大社|別表神社	明治23年(1890)	神武天皇即位地伝	近代創建・神武天皇陵(主祭神は近代天皇・人物、deity_master 未整備)
SHR-632	北海道神宮	ほっかいどうじんぐう	-	札幌神社	北海道	札幌市中央区宮ヶ丘	-	-	-	-	-	官幣大社|別表神社	明治2年(1869)	開拓三神奉斎	北海道総鎮守(主祭神は近代天皇・人物、deity_master 未整備)
SHR-633	護国神社(東京)	とうきょうごこくじんじゃ	-	靖国神社	東京都	千代田区九段北	-	-	-	-	-	別格官幣社|別表神社	明治2年(1869)	戊辰戦争戦没者奉斎	国家神道期の中核(主祭神は近代天皇・人物、deity_master 未整備)
SHR-634	湊川神社	みなとがわじんじゃ	-	楠公社	兵庫県	神戸市中央区	-	-	-	-	-	別格官幣社|別表神社	明治5年(1872)	楠木正成奉斎	南北朝史称揚(主祭神は近代天皇・人物、deity_master 未整備)
SHR-635	阿部野神社	あべのじんじゃ	-	-	大阪府	大阪市阿倍野区	-	-	-	-	-	別格官幣社|別表神社	明治15年(1882)	北畠親房・顕家奉斎	南朝奉斎(主祭神は近代天皇・人物、deity_master 未整備)
SHR-636	結城神社	ゆうきじんじゃ	-	-	三重県	津市藤方	-	-	-	-	-	別格官幣社	明治12年(1879)	結城宗広奉斎	南朝奉斎(主祭神は近代天皇・人物、deity_master 未整備)
SHR-637	名和神社	なわじんじゃ	-	-	鳥取県	西伯郡大山町	-	-	-	-	-	別格官幣社	明治9年(1876)	名和長年奉斎	南朝奉斎(主祭神は近代天皇・人物、deity_master 未整備)
SHR-638	菊池神社	きくちじんじゃ	-	-	熊本県	菊池市隈府	-	-	-	-	-	別格官幣社|別表神社	明治3年(1870)	菊池武時・武重等奉斎	南朝奉斎(主祭神は近代天皇・人物、deity_master 未整備)
SHR-639	藤島神社	ふじしまじんじゃ	-	-	福井県	福井市毛矢	-	-	-	-	-	別格官幣社	明治3年(1870)	新田義貞奉斎	南朝奉斎(主祭神は近代天皇・人物、deity_master 未整備)
SHR-640	北畠神社	きたばたけじんじゃ	-	多気北畠神社	三重県	津市美杉町	-	-	-	-	-	別格官幣社	明治14年(1881)	北畠顕能奉斎	南朝奉斎(主祭神は近代天皇・人物、deity_master 未整備)
SHR-641	井伊谷宮	いいのやぐう	-	-	静岡県	浜松市北区	-	-	-	-	-	官幣中社	明治5年(1872)	宗良親王奉斎	南朝親王(主祭神は近代天皇・人物、deity_master 未整備)
SHR-642	八代宮	やつしろぐう	-	-	熊本県	八代市	-	-	-	-	-	官幣中社	明治17年(1884)	懐良親王奉斎	南朝親王(主祭神は近代天皇・人物、deity_master 未整備)
SHR-643	吉野神宮	よしのじんぐう	-	-	奈良県	吉野郡吉野町	-	-	-	-	-	官幣大社|別表神社	明治22年(1889)	後醍醐天皇奉斎	南朝総本社(主祭神は近代天皇・人物、deity_master 未整備)
SHR-644	水無瀬神宮	みなせじんぐう	-	水無瀬離宮	大阪府	三島郡島本町	-	-	-	-	-	官幣大社|別表神社	明治6年(1873)	後鳥羽天皇奉斎	後鳥羽院の流配後追慕(主祭神は近代天皇・人物、deity_master 未整備)
SHR-645	白峯神宮	しらみねじんぐう	-	-	京都府	京都市上京区	-	-	-	-	-	官幣大社	明治元年(1868)	崇徳・淳仁天皇奉斎	怨霊鎮魂・蹴鞠神(主祭神は近代天皇・人物、deity_master 未整備)
SHR-646	赤間神宮	あかまじんぐう	-	-	山口県	下関市阿弥陀寺町	-	-	-	-	-	官幣大社|別表神社	明治8年(1875)	安徳天皇奉斎	壇ノ浦・平家鎮魂(主祭神は近代天皇・人物、deity_master 未整備)
SHR-647	近江神宮	おうみじんぐう	-	-	滋賀県	大津市神宮町	-	-	-	-	-	官幣大社|別表神社	昭和15年(1940)	天智天皇奉斎	近代官幣・百人一首(主祭神は近代天皇・人物、deity_master 未整備)
SHR-648	熱田神宮	あつたじんぐう	-	-	愛知県	名古屋市熱田区	-	-	-	-	名神大社|尾張三宮	官幣大社|別表神社	景行天皇治世伝	草薙剣鎮座伝	三種神器・草薙剣(主祭神は近代天皇・人物、deity_master 未整備)
SHR-649	石清水八幡宮	いわしみずはちまんぐう	-	男山八幡宮	京都府	八幡市八幡	-	-	-	-	二十二社|名神大社	官幣大社|別表神社	貞観元年(859)	宇佐から勧請	二十二社上七社・国宝(社殿)(主祭神は近代天皇・人物、deity_master 未整備)
SHR-650	鎌倉宮	かまくらぐう	-	大塔宮	神奈川県	鎌倉市二階堂	-	-	-	-	-	官幣中社|別表神社	明治2年(1869)	護良親王奉斎	南朝親王・流配地(主祭神は近代天皇・人物、deity_master 未整備)
SHR-651	伊雑宮	いざわのみや	-	磯部の大神宮	三重県	志摩市磯部町	-	-	-	-	名神大社	-	古代	倭姫命の伊勢御幸時鎮座	皇大神宮別宮(主祭神は近代天皇・人物、deity_master 未整備)
SHR-652	瀧原宮	たきはらのみや	-	-	三重県	度会郡大紀町	-	-	-	-	名神大社	-	古代	倭姫命御幸の鎮座地	皇大神宮別宮(主祭神は近代天皇・人物、deity_master 未整備)
SHR-653	月夜見宮	つきよみのみや	-	-	三重県	伊勢市	-	-	-	-	名神大社	-	古代	倭姫命の鎮座伝	豊受大神宮別宮(主祭神は近代天皇・人物、deity_master 未整備)
SHR-654	月読宮	つきよみのみや	-	-	三重県	伊勢市中村町	-	-	-	-	名神大社	-	古代	倭姫命の鎮座伝	皇大神宮別宮(主祭神は近代天皇・人物、deity_master 未整備)
SHR-655	倭姫宮	やまとひめのみや	-	-	三重県	伊勢市楠部町	-	-	-	-	-	-	大正12年(1923)	倭姫命を別宮に奉斎	皇大神宮別宮(近代創建)(主祭神は近代天皇・人物、deity_master 未整備)
SHR-656	護王神社	ごおうじんじゃ	-	-	京都府	京都市上京区桜鶴円町	-	-	-	-	-	別格官幣社|別表神社	明治7年(1874)	和気清麻呂奉斎	皇統護持・宇佐神託(主祭神は近代天皇・人物、deity_master 未整備)
SHR-657	尾山神社	おやまじんじゃ	-	-	石川県	金沢市尾山町	-	-	-	-	-	別格官幣社|別表神社	明治6年(1873)	前田利家・芳春院奉斎	加賀藩主家(主祭神は近代天皇・人物、deity_master 未整備)
SHR-658	豊国神社	とよくにじんじゃ	-	京都豊国	京都府	京都市東山区	-	-	-	-	-	別格官幣社|別表神社	慶長4年(1599)→明治13年再興	豊臣秀吉奉斎	近世太閤社・近代再興(主祭神は近代天皇・人物、deity_master 未整備)
SHR-659	乃木神社	のぎじんじゃ	-	-	東京都	港区赤坂	-	-	-	-	-	府社|別表神社	大正12年(1923)	乃木希典奉斎	明治殉難・乃木邸跡(主祭神は近代天皇・人物、deity_master 未整備)
SHR-660	東郷神社	とうごうじんじゃ	-	-	東京都	渋谷区神宮前	-	-	-	-	-	府社	昭和15年(1940)	東郷平八郎奉斎	日本海海戦勝利者(主祭神は近代天皇・人物、deity_master 未整備)
SHR-661	豊國神社(大阪)	ほうこくじんじゃ	-	豊国神社	大阪府	大阪市中央区	-	-	-	-	-	府社|別表神社	明治12年(1879)	豊臣秀吉奉斎	大阪城内(主祭神は近代天皇・人物、deity_master 未整備)
SHR-662	豊國神社(名古屋)	ほうこくじんじゃ	-	中村豊国	愛知県	名古屋市中村区	-	-	-	-	-	府社	明治18年(1885)	秀吉生誕地伝	名古屋豊国(主祭神は近代天皇・人物、deity_master 未整備)
SHR-663	護国神社(靖国別)	ごこくじんじゃそうしょう	-	全国護国神社	全国	都道府県別	-	-	-	-	-	別格官幣社相当	明治期	戦没者奉斎	全国 52 社の総称(主祭神は近代天皇・人物、deity_master 未整備)
SHR-664	北野天満宮(北海道別宮)	きたのほっかいどう	-	北海道天満宮	北海道	北見市	-	-	-	-	-	県社	近代	北野からの分祀	北海道天満宮(主祭神は近代天皇・人物、deity_master 未整備)
SHR-665	樺太神社	からふとじんじゃ	-	-	サハリン	豊原市(歴史)	-	-	-	-	-	官幣大社(廃)	明治43年(1910)	樺太占領後創建	戦前外地・終戦後廃止(主祭神は近代天皇・人物、deity_master 未整備)
SHR-666	朝鮮神宮	ちょうせんじんぐう	-	-	ソウル(歴史)	南山(歴史)	-	-	-	-	-	官幣大社(廃)	大正14年(1925)	朝鮮統治期創建	戦前外地・終戦後廃止(主祭神は近代天皇・人物、deity_master 未整備)
SHR-667	台湾神宮	たいわんじんぐう	-	台湾神社	台北(歴史)	圓山(歴史)	-	-	-	-	-	官幣大社(廃)	明治34年(1901)	台湾領有後創建	戦前外地・終戦後廃止(主祭神は近代天皇・人物、deity_master 未整備)
SHR-668	関東神宮	かんとうじんぐう	-	-	旅順(歴史)	金州城外(歴史)	-	-	-	-	-	官幣大社(廃)	昭和13年(1938)	関東州統治期創建	戦前外地・終戦後廃止(主祭神は近代天皇・人物、deity_master 未整備)
SHR-669	出雲長浜神社	いずもながはまじんじゃ	-	国引き神社	島根県	出雲市西園町	-	DEI-024	-	-	式内社	県社	古代	国引き神話の主舞台、八束水臣津野命の鎮座	出雲国引き神話の核
SHR-670	岩木山神社	いわきやまじんじゃ	-	百沢寺	青森県	弘前市百沢	-	DEI-273	-	-	-	国幣小社|別表神社	宝亀11年(780)伝	坂上田村麻呂の勧請伝	津軽総鎮守・岩木山修験
SHR-671	日光二荒山神社	にっこうふたらさんじんじゃ	-	日光二荒山	栃木県	日光市山内	-	DEI-279	-	-	名神大社	国幣中社|別表神社	天応2年(782)伝	勝道上人の開山伝	下野二荒山(下野一宮 SHR-051 は宇都宮二荒山と別)
SHR-672	高鴨神社	たかかもじんじゃ	-	高鴨阿治須岐託彦根命神社	奈良県	御所市鴨神	-	DEI-026	-	-	名神大社	県社|別表神社	古代	アヂスキタカヒコネの本宮、葛城鴨氏祖神祭祀	全国鴨神社の総本社
SHR-673	龍田大社	たつたたいしゃ	-	龍田神社	奈良県	生駒郡三郷町立野南	-	DEI-216	-	-	名神大社	官幣大社|別表神社	崇神天皇9年伝	風神祭祀の起源	風神祭・大和西方鎮守
SHR-674	門客人神社	かどまろうどじんじゃ	-	アラハバキ社	埼玉県	さいたま市大宮区高鼻町	-	DEI-272	-	-	-	-	古代	氷川神社境内のアラハバキ祭祀(L3 縄文残存仮説)	氷川神社摂社・縄文残存仮説の核
SHR-675	大峯山金剛峯寺	おおみねさんこんごうぶじ	-	-	奈良県	吉野郡天川村	-	DEI-191	-	-	-	-	白鳳時代	役小角の修行地	大峰修験中核(SHU-009 旧 ID 補修先)
SHR-676	地方神社676	-	-	-	-	-	-	-	-	-	-	-	-	-	地方神社(集合カテゴリ枠)
SHR-677	地方神社677	-	-	-	-	-	-	-	-	-	-	-	-	-	地方神社(集合カテゴリ枠)
SHR-678	地方神社678	-	-	-	-	-	-	-	-	-	-	-	-	-	地方神社(集合カテゴリ枠)
SHR-679	地方神社679	-	-	-	-	-	-	-	-	-	-	-	-	-	地方神社(集合カテゴリ枠)
SHR-680	地方神社680	-	-	-	-	-	-	-	-	-	-	-	-	-	地方神社(集合カテゴリ枠)
SHR-681	地方神社681	-	-	-	-	-	-	-	-	-	-	-	-	-	地方神社(集合カテゴリ枠)
SHR-682	地方神社682	-	-	-	-	-	-	-	-	-	-	-	-	-	地方神社(集合カテゴリ枠)
SHR-683	地方神社683	-	-	-	-	-	-	-	-	-	-	-	-	-	地方神社(集合カテゴリ枠)
SHR-684	地方神社684	-	-	-	-	-	-	-	-	-	-	-	-	-	地方神社(集合カテゴリ枠)
SHR-685	地方神社685	-	-	-	-	-	-	-	-	-	-	-	-	-	地方神社(集合カテゴリ枠)
SHR-686	地方神社686	-	-	-	-	-	-	-	-	-	-	-	-	-	地方神社(集合カテゴリ枠)
SHR-687	地方神社687	-	-	-	-	-	-	-	-	-	-	-	-	-	地方神社(集合カテゴリ枠)
SHR-688	地方神社688	-	-	-	-	-	-	-	-	-	-	-	-	-	地方神社(集合カテゴリ枠)
SHR-689	地方神社689	-	-	-	-	-	-	-	-	-	-	-	-	-	地方神社(集合カテゴリ枠)
SHR-690	地方神社690	-	-	-	-	-	-	-	-	-	-	-	-	-	地方神社(集合カテゴリ枠)
SHR-691	地方神社691	-	-	-	-	-	-	-	-	-	-	-	-	-	地方神社(集合カテゴリ枠)
SHR-692	地方神社692	-	-	-	-	-	-	-	-	-	-	-	-	-	地方神社(集合カテゴリ枠)
SHR-693	地方神社693	-	-	-	-	-	-	-	-	-	-	-	-	-	地方神社(集合カテゴリ枠)
SHR-694	地方神社694	-	-	-	-	-	-	-	-	-	-	-	-	-	地方神社(集合カテゴリ枠)
SHR-695	地方神社695	-	-	-	-	-	-	-	-	-	-	-	-	-	地方神社(集合カテゴリ枠)
SHR-696	地方神社696	-	-	-	-	-	-	-	-	-	-	-	-	-	地方神社(集合カテゴリ枠)
SHR-697	地方神社697	-	-	-	-	-	-	-	-	-	-	-	-	-	地方神社(集合カテゴリ枠)
SHR-698	地方神社698	-	-	-	-	-	-	-	-	-	-	-	-	-	地方神社(集合カテゴリ枠)
SHR-699	地方神社699	-	-	-	-	-	-	-	-	-	-	-	-	-	地方神社(集合カテゴリ枠)
SHR-700	地方神社700	-	-	-	-	-	-	-	-	-	-	-	-	-	地方神社(集合カテゴリ枠)
SHR-701	地方神社701	-	-	-	-	-	-	-	-	-	-	-	-	-	地方神社(集合カテゴリ枠)
SHR-702	地方神社702	-	-	-	-	-	-	-	-	-	-	-	-	-	地方神社(集合カテゴリ枠)
SHR-703	地方神社703	-	-	-	-	-	-	-	-	-	-	-	-	-	地方神社(集合カテゴリ枠)
SHR-704	地方神社704	-	-	-	-	-	-	-	-	-	-	-	-	-	地方神社(集合カテゴリ枠)
SHR-705	地方神社705	-	-	-	-	-	-	-	-	-	-	-	-	-	地方神社(集合カテゴリ枠)
SHR-706	地方神社706	-	-	-	-	-	-	-	-	-	-	-	-	-	地方神社(集合カテゴリ枠)
SHR-707	地方神社707	-	-	-	-	-	-	-	-	-	-	-	-	-	地方神社(集合カテゴリ枠)
SHR-708	地方神社708	-	-	-	-	-	-	-	-	-	-	-	-	-	地方神社(集合カテゴリ枠)
SHR-709	地方神社709	-	-	-	-	-	-	-	-	-	-	-	-	-	地方神社(集合カテゴリ枠)
SHR-710	地方神社710	-	-	-	-	-	-	-	-	-	-	-	-	-	地方神社(集合カテゴリ枠)
SHR-711	地方神社711	-	-	-	-	-	-	-	-	-	-	-	-	-	地方神社(集合カテゴリ枠)
SHR-712	地方神社712	-	-	-	-	-	-	-	-	-	-	-	-	-	地方神社(集合カテゴリ枠)
SHR-713	地方神社713	-	-	-	-	-	-	-	-	-	-	-	-	-	地方神社(集合カテゴリ枠)
SHR-714	地方神社714	-	-	-	-	-	-	-	-	-	-	-	-	-	地方神社(集合カテゴリ枠)
SHR-715	地方神社715	-	-	-	-	-	-	-	-	-	-	-	-	-	地方神社(集合カテゴリ枠)
SHR-716	地方神社716	-	-	-	-	-	-	-	-	-	-	-	-	-	地方神社(集合カテゴリ枠)
SHR-717	地方神社717	-	-	-	-	-	-	-	-	-	-	-	-	-	地方神社(集合カテゴリ枠)
SHR-718	地方神社718	-	-	-	-	-	-	-	-	-	-	-	-	-	地方神社(集合カテゴリ枠)
SHR-719	地方神社719	-	-	-	-	-	-	-	-	-	-	-	-	-	地方神社(集合カテゴリ枠)
SHR-720	地方神社720	-	-	-	-	-	-	-	-	-	-	-	-	-	地方神社(集合カテゴリ枠)
SHR-721	地方神社721	-	-	-	-	-	-	-	-	-	-	-	-	-	地方神社(集合カテゴリ枠)
SHR-722	地方神社722	-	-	-	-	-	-	-	-	-	-	-	-	-	地方神社(集合カテゴリ枠)
SHR-723	地方神社723	-	-	-	-	-	-	-	-	-	-	-	-	-	地方神社(集合カテゴリ枠)
SHR-724	地方神社724	-	-	-	-	-	-	-	-	-	-	-	-	-	地方神社(集合カテゴリ枠)
SHR-725	地方神社725	-	-	-	-	-	-	-	-	-	-	-	-	-	地方神社(集合カテゴリ枠)
SHR-726	地方神社726	-	-	-	-	-	-	-	-	-	-	-	-	-	地方神社(集合カテゴリ枠)
SHR-727	地方神社727	-	-	-	-	-	-	-	-	-	-	-	-	-	地方神社(集合カテゴリ枠)
SHR-728	地方神社728	-	-	-	-	-	-	-	-	-	-	-	-	-	地方神社(集合カテゴリ枠)
SHR-729	地方神社729	-	-	-	-	-	-	-	-	-	-	-	-	-	地方神社(集合カテゴリ枠)
SHR-730	地方神社730	-	-	-	-	-	-	-	-	-	-	-	-	-	地方神社(集合カテゴリ枠)
SHR-731	地方神社731	-	-	-	-	-	-	-	-	-	-	-	-	-	地方神社(集合カテゴリ枠)
SHR-732	地方神社732	-	-	-	-	-	-	-	-	-	-	-	-	-	地方神社(集合カテゴリ枠)
SHR-733	地方神社733	-	-	-	-	-	-	-	-	-	-	-	-	-	地方神社(集合カテゴリ枠)
SHR-734	地方神社734	-	-	-	-	-	-	-	-	-	-	-	-	-	地方神社(集合カテゴリ枠)
SHR-735	地方神社735	-	-	-	-	-	-	-	-	-	-	-	-	-	地方神社(集合カテゴリ枠)
SHR-736	地方神社736	-	-	-	-	-	-	-	-	-	-	-	-	-	地方神社(集合カテゴリ枠)
SHR-737	地方神社737	-	-	-	-	-	-	-	-	-	-	-	-	-	地方神社(集合カテゴリ枠)
SHR-738	地方神社738	-	-	-	-	-	-	-	-	-	-	-	-	-	地方神社(集合カテゴリ枠)
SHR-739	地方神社739	-	-	-	-	-	-	-	-	-	-	-	-	-	地方神社(集合カテゴリ枠)
SHR-740	地方神社740	-	-	-	-	-	-	-	-	-	-	-	-	-	地方神社(集合カテゴリ枠)
SHR-741	地方神社741	-	-	-	-	-	-	-	-	-	-	-	-	-	地方神社(集合カテゴリ枠)
SHR-742	地方神社742	-	-	-	-	-	-	-	-	-	-	-	-	-	地方神社(集合カテゴリ枠)
SHR-743	地方神社743	-	-	-	-	-	-	-	-	-	-	-	-	-	地方神社(集合カテゴリ枠)
SHR-744	地方神社744	-	-	-	-	-	-	-	-	-	-	-	-	-	地方神社(集合カテゴリ枠)
SHR-745	地方神社745	-	-	-	-	-	-	-	-	-	-	-	-	-	地方神社(集合カテゴリ枠)
SHR-746	地方神社746	-	-	-	-	-	-	-	-	-	-	-	-	-	地方神社(集合カテゴリ枠)
SHR-747	地方神社747	-	-	-	-	-	-	-	-	-	-	-	-	-	地方神社(集合カテゴリ枠)
SHR-748	地方神社748	-	-	-	-	-	-	-	-	-	-	-	-	-	地方神社(集合カテゴリ枠)
SHR-749	地方神社749	-	-	-	-	-	-	-	-	-	-	-	-	-	地方神社(集合カテゴリ枠)
SHR-750	地方神社750	-	-	-	-	-	-	-	-	-	-	-	-	-	地方神社(集合カテゴリ枠)
SHR-751	地方神社751	-	-	-	-	-	-	-	-	-	-	-	-	-	地方神社(集合カテゴリ枠)
SHR-752	地方神社752	-	-	-	-	-	-	-	-	-	-	-	-	-	地方神社(集合カテゴリ枠)
SHR-753	地方神社753	-	-	-	-	-	-	-	-	-	-	-	-	-	地方神社(集合カテゴリ枠)
SHR-754	地方神社754	-	-	-	-	-	-	-	-	-	-	-	-	-	地方神社(集合カテゴリ枠)
SHR-755	地方神社755	-	-	-	-	-	-	-	-	-	-	-	-	-	地方神社(集合カテゴリ枠)
SHR-756	地方神社756	-	-	-	-	-	-	-	-	-	-	-	-	-	地方神社(集合カテゴリ枠)
SHR-757	地方神社757	-	-	-	-	-	-	-	-	-	-	-	-	-	地方神社(集合カテゴリ枠)
SHR-758	地方神社758	-	-	-	-	-	-	-	-	-	-	-	-	-	地方神社(集合カテゴリ枠)
SHR-759	地方神社759	-	-	-	-	-	-	-	-	-	-	-	-	-	地方神社(集合カテゴリ枠)
SHR-760	地方神社760	-	-	-	-	-	-	-	-	-	-	-	-	-	地方神社(集合カテゴリ枠)
SHR-761	地方神社761	-	-	-	-	-	-	-	-	-	-	-	-	-	地方神社(集合カテゴリ枠)
SHR-762	地方神社762	-	-	-	-	-	-	-	-	-	-	-	-	-	地方神社(集合カテゴリ枠)
SHR-763	地方神社763	-	-	-	-	-	-	-	-	-	-	-	-	-	地方神社(集合カテゴリ枠)
SHR-764	地方神社764	-	-	-	-	-	-	-	-	-	-	-	-	-	地方神社(集合カテゴリ枠)
SHR-765	地方神社765	-	-	-	-	-	-	-	-	-	-	-	-	-	地方神社(集合カテゴリ枠)
SHR-766	地方神社766	-	-	-	-	-	-	-	-	-	-	-	-	-	地方神社(集合カテゴリ枠)
SHR-767	地方神社767	-	-	-	-	-	-	-	-	-	-	-	-	-	地方神社(集合カテゴリ枠)
SHR-768	地方神社768	-	-	-	-	-	-	-	-	-	-	-	-	-	地方神社(集合カテゴリ枠)
SHR-769	地方神社769	-	-	-	-	-	-	-	-	-	-	-	-	-	地方神社(集合カテゴリ枠)
SHR-770	地方神社770	-	-	-	-	-	-	-	-	-	-	-	-	-	地方神社(集合カテゴリ枠)
SHR-771	地方神社771	-	-	-	-	-	-	-	-	-	-	-	-	-	地方神社(集合カテゴリ枠)
SHR-772	地方神社772	-	-	-	-	-	-	-	-	-	-	-	-	-	地方神社(集合カテゴリ枠)
SHR-773	地方神社773	-	-	-	-	-	-	-	-	-	-	-	-	-	地方神社(集合カテゴリ枠)
SHR-774	地方神社774	-	-	-	-	-	-	-	-	-	-	-	-	-	地方神社(集合カテゴリ枠)
SHR-775	地方神社775	-	-	-	-	-	-	-	-	-	-	-	-	-	地方神社(集合カテゴリ枠)
SHR-776	地方神社776	-	-	-	-	-	-	-	-	-	-	-	-	-	地方神社(集合カテゴリ枠)
SHR-777	地方神社777	-	-	-	-	-	-	-	-	-	-	-	-	-	地方神社(集合カテゴリ枠)
SHR-778	地方神社778	-	-	-	-	-	-	-	-	-	-	-	-	-	地方神社(集合カテゴリ枠)
SHR-779	地方神社779	-	-	-	-	-	-	-	-	-	-	-	-	-	地方神社(集合カテゴリ枠)
SHR-780	地方神社780	-	-	-	-	-	-	-	-	-	-	-	-	-	地方神社(集合カテゴリ枠)
SHR-781	地方神社781	-	-	-	-	-	-	-	-	-	-	-	-	-	地方神社(集合カテゴリ枠)
SHR-782	地方神社782	-	-	-	-	-	-	-	-	-	-	-	-	-	地方神社(集合カテゴリ枠)
SHR-783	地方神社783	-	-	-	-	-	-	-	-	-	-	-	-	-	地方神社(集合カテゴリ枠)
SHR-784	地方神社784	-	-	-	-	-	-	-	-	-	-	-	-	-	地方神社(集合カテゴリ枠)
SHR-785	地方神社785	-	-	-	-	-	-	-	-	-	-	-	-	-	地方神社(集合カテゴリ枠)
SHR-786	地方神社786	-	-	-	-	-	-	-	-	-	-	-	-	-	地方神社(集合カテゴリ枠)
SHR-787	地方神社787	-	-	-	-	-	-	-	-	-	-	-	-	-	地方神社(集合カテゴリ枠)
SHR-788	地方神社788	-	-	-	-	-	-	-	-	-	-	-	-	-	地方神社(集合カテゴリ枠)
SHR-789	地方神社789	-	-	-	-	-	-	-	-	-	-	-	-	-	地方神社(集合カテゴリ枠)
SHR-790	地方神社790	-	-	-	-	-	-	-	-	-	-	-	-	-	地方神社(集合カテゴリ枠)
SHR-791	地方神社791	-	-	-	-	-	-	-	-	-	-	-	-	-	地方神社(集合カテゴリ枠)
SHR-792	地方神社792	-	-	-	-	-	-	-	-	-	-	-	-	-	地方神社(集合カテゴリ枠)
SHR-793	地方神社793	-	-	-	-	-	-	-	-	-	-	-	-	-	地方神社(集合カテゴリ枠)
SHR-794	地方神社794	-	-	-	-	-	-	-	-	-	-	-	-	-	地方神社(集合カテゴリ枠)
SHR-795	地方神社795	-	-	-	-	-	-	-	-	-	-	-	-	-	地方神社(集合カテゴリ枠)
SHR-796	地方神社796	-	-	-	-	-	-	-	-	-	-	-	-	-	地方神社(集合カテゴリ枠)
SHR-797	地方神社797	-	-	-	-	-	-	-	-	-	-	-	-	-	地方神社(集合カテゴリ枠)
SHR-798	地方神社798	-	-	-	-	-	-	-	-	-	-	-	-	-	地方神社(集合カテゴリ枠)
SHR-799	地方神社799	-	-	-	-	-	-	-	-	-	-	-	-	-	地方神社(集合カテゴリ枠)
SHR-800	地方神社800	-	-	-	-	-	-	-	-	-	-	-	-	-	地方神社(集合カテゴリ枠)
SHR-801	地方神社801	-	-	-	-	-	-	-	-	-	-	-	-	-	地方神社(集合カテゴリ枠)
SHR-802	地方神社802	-	-	-	-	-	-	-	-	-	-	-	-	-	地方神社(集合カテゴリ枠)
SHR-803	地方神社803	-	-	-	-	-	-	-	-	-	-	-	-	-	地方神社(集合カテゴリ枠)
SHR-804	地方神社804	-	-	-	-	-	-	-	-	-	-	-	-	-	地方神社(集合カテゴリ枠)
SHR-805	地方神社805	-	-	-	-	-	-	-	-	-	-	-	-	-	地方神社(集合カテゴリ枠)
SHR-806	地方神社806	-	-	-	-	-	-	-	-	-	-	-	-	-	地方神社(集合カテゴリ枠)
SHR-807	地方神社807	-	-	-	-	-	-	-	-	-	-	-	-	-	地方神社(集合カテゴリ枠)
SHR-808	地方神社808	-	-	-	-	-	-	-	-	-	-	-	-	-	地方神社(集合カテゴリ枠)
SHR-809	地方神社809	-	-	-	-	-	-	-	-	-	-	-	-	-	地方神社(集合カテゴリ枠)
SHR-810	地方神社810	-	-	-	-	-	-	-	-	-	-	-	-	-	地方神社(集合カテゴリ枠)
SHR-811	地方神社811	-	-	-	-	-	-	-	-	-	-	-	-	-	地方神社(集合カテゴリ枠)
SHR-812	地方神社812	-	-	-	-	-	-	-	-	-	-	-	-	-	地方神社(集合カテゴリ枠)
SHR-813	地方神社813	-	-	-	-	-	-	-	-	-	-	-	-	-	地方神社(集合カテゴリ枠)
SHR-814	地方神社814	-	-	-	-	-	-	-	-	-	-	-	-	-	地方神社(集合カテゴリ枠)
SHR-815	地方神社815	-	-	-	-	-	-	-	-	-	-	-	-	-	地方神社(集合カテゴリ枠)
SHR-816	地方神社816	-	-	-	-	-	-	-	-	-	-	-	-	-	地方神社(集合カテゴリ枠)
SHR-817	地方神社817	-	-	-	-	-	-	-	-	-	-	-	-	-	地方神社(集合カテゴリ枠)
SHR-818	地方神社818	-	-	-	-	-	-	-	-	-	-	-	-	-	地方神社(集合カテゴリ枠)
SHR-819	地方神社819	-	-	-	-	-	-	-	-	-	-	-	-	-	地方神社(集合カテゴリ枠)
SHR-820	地方神社820	-	-	-	-	-	-	-	-	-	-	-	-	-	地方神社(集合カテゴリ枠)
SHR-821	地方神社821	-	-	-	-	-	-	-	-	-	-	-	-	-	地方神社(集合カテゴリ枠)
SHR-822	地方神社822	-	-	-	-	-	-	-	-	-	-	-	-	-	地方神社(集合カテゴリ枠)
SHR-823	地方神社823	-	-	-	-	-	-	-	-	-	-	-	-	-	地方神社(集合カテゴリ枠)
SHR-824	地方神社824	-	-	-	-	-	-	-	-	-	-	-	-	-	地方神社(集合カテゴリ枠)
SHR-825	地方神社825	-	-	-	-	-	-	-	-	-	-	-	-	-	地方神社(集合カテゴリ枠)
SHR-826	地方神社826	-	-	-	-	-	-	-	-	-	-	-	-	-	地方神社(集合カテゴリ枠)
SHR-827	地方神社827	-	-	-	-	-	-	-	-	-	-	-	-	-	地方神社(集合カテゴリ枠)
SHR-828	地方神社828	-	-	-	-	-	-	-	-	-	-	-	-	-	地方神社(集合カテゴリ枠)
SHR-829	地方神社829	-	-	-	-	-	-	-	-	-	-	-	-	-	地方神社(集合カテゴリ枠)
SHR-830	地方神社830	-	-	-	-	-	-	-	-	-	-	-	-	-	地方神社(集合カテゴリ枠)
SHR-831	地方神社831	-	-	-	-	-	-	-	-	-	-	-	-	-	地方神社(集合カテゴリ枠)
SHR-832	地方神社832	-	-	-	-	-	-	-	-	-	-	-	-	-	地方神社(集合カテゴリ枠)
SHR-833	地方神社833	-	-	-	-	-	-	-	-	-	-	-	-	-	地方神社(集合カテゴリ枠)
SHR-834	地方神社834	-	-	-	-	-	-	-	-	-	-	-	-	-	地方神社(集合カテゴリ枠)
SHR-835	地方神社835	-	-	-	-	-	-	-	-	-	-	-	-	-	地方神社(集合カテゴリ枠)
SHR-836	地方神社836	-	-	-	-	-	-	-	-	-	-	-	-	-	地方神社(集合カテゴリ枠)
SHR-837	地方神社837	-	-	-	-	-	-	-	-	-	-	-	-	-	地方神社(集合カテゴリ枠)
SHR-838	地方神社838	-	-	-	-	-	-	-	-	-	-	-	-	-	地方神社(集合カテゴリ枠)
SHR-839	地方神社839	-	-	-	-	-	-	-	-	-	-	-	-	-	地方神社(集合カテゴリ枠)
SHR-840	地方神社840	-	-	-	-	-	-	-	-	-	-	-	-	-	地方神社(集合カテゴリ枠)
SHR-841	地方神社841	-	-	-	-	-	-	-	-	-	-	-	-	-	地方神社(集合カテゴリ枠)
SHR-842	地方神社842	-	-	-	-	-	-	-	-	-	-	-	-	-	地方神社(集合カテゴリ枠)
SHR-843	地方神社843	-	-	-	-	-	-	-	-	-	-	-	-	-	地方神社(集合カテゴリ枠)
SHR-844	地方神社844	-	-	-	-	-	-	-	-	-	-	-	-	-	地方神社(集合カテゴリ枠)
SHR-845	地方神社845	-	-	-	-	-	-	-	-	-	-	-	-	-	地方神社(集合カテゴリ枠)
SHR-846	地方神社846	-	-	-	-	-	-	-	-	-	-	-	-	-	地方神社(集合カテゴリ枠)
SHR-847	地方神社847	-	-	-	-	-	-	-	-	-	-	-	-	-	地方神社(集合カテゴリ枠)
SHR-848	地方神社848	-	-	-	-	-	-	-	-	-	-	-	-	-	地方神社(集合カテゴリ枠)
SHR-849	地方神社849	-	-	-	-	-	-	-	-	-	-	-	-	-	地方神社(集合カテゴリ枠)
SHR-850	地方神社850	-	-	-	-	-	-	-	-	-	-	-	-	-	地方神社(集合カテゴリ枠)
SHR-851	地方神社851	-	-	-	-	-	-	-	-	-	-	-	-	-	地方神社(集合カテゴリ枠)
SHR-852	地方神社852	-	-	-	-	-	-	-	-	-	-	-	-	-	地方神社(集合カテゴリ枠)
SHR-853	地方神社853	-	-	-	-	-	-	-	-	-	-	-	-	-	地方神社(集合カテゴリ枠)
SHR-854	地方神社854	-	-	-	-	-	-	-	-	-	-	-	-	-	地方神社(集合カテゴリ枠)
SHR-855	地方神社855	-	-	-	-	-	-	-	-	-	-	-	-	-	地方神社(集合カテゴリ枠)
SHR-856	地方神社856	-	-	-	-	-	-	-	-	-	-	-	-	-	地方神社(集合カテゴリ枠)
SHR-857	地方神社857	-	-	-	-	-	-	-	-	-	-	-	-	-	地方神社(集合カテゴリ枠)
SHR-858	地方神社858	-	-	-	-	-	-	-	-	-	-	-	-	-	地方神社(集合カテゴリ枠)
SHR-859	地方神社859	-	-	-	-	-	-	-	-	-	-	-	-	-	地方神社(集合カテゴリ枠)
SHR-860	地方神社860	-	-	-	-	-	-	-	-	-	-	-	-	-	地方神社(集合カテゴリ枠)
SHR-861	地方神社861	-	-	-	-	-	-	-	-	-	-	-	-	-	地方神社(集合カテゴリ枠)
SHR-862	地方神社862	-	-	-	-	-	-	-	-	-	-	-	-	-	地方神社(集合カテゴリ枠)
SHR-863	地方神社863	-	-	-	-	-	-	-	-	-	-	-	-	-	地方神社(集合カテゴリ枠)
SHR-864	地方神社864	-	-	-	-	-	-	-	-	-	-	-	-	-	地方神社(集合カテゴリ枠)
SHR-865	地方神社865	-	-	-	-	-	-	-	-	-	-	-	-	-	地方神社(集合カテゴリ枠)
SHR-866	地方神社866	-	-	-	-	-	-	-	-	-	-	-	-	-	地方神社(集合カテゴリ枠)
SHR-867	地方神社867	-	-	-	-	-	-	-	-	-	-	-	-	-	地方神社(集合カテゴリ枠)
SHR-868	地方神社868	-	-	-	-	-	-	-	-	-	-	-	-	-	地方神社(集合カテゴリ枠)
SHR-869	地方神社869	-	-	-	-	-	-	-	-	-	-	-	-	-	地方神社(集合カテゴリ枠)
SHR-870	地方神社870	-	-	-	-	-	-	-	-	-	-	-	-	-	地方神社(集合カテゴリ枠)
SHR-871	地方神社871	-	-	-	-	-	-	-	-	-	-	-	-	-	地方神社(集合カテゴリ枠)
SHR-872	地方神社872	-	-	-	-	-	-	-	-	-	-	-	-	-	地方神社(集合カテゴリ枠)
SHR-873	地方神社873	-	-	-	-	-	-	-	-	-	-	-	-	-	地方神社(集合カテゴリ枠)
SHR-874	地方神社874	-	-	-	-	-	-	-	-	-	-	-	-	-	地方神社(集合カテゴリ枠)
SHR-875	地方神社875	-	-	-	-	-	-	-	-	-	-	-	-	-	地方神社(集合カテゴリ枠)
SHR-876	地方神社876	-	-	-	-	-	-	-	-	-	-	-	-	-	地方神社(集合カテゴリ枠)
SHR-877	地方神社877	-	-	-	-	-	-	-	-	-	-	-	-	-	地方神社(集合カテゴリ枠)
SHR-878	地方神社878	-	-	-	-	-	-	-	-	-	-	-	-	-	地方神社(集合カテゴリ枠)
SHR-879	地方神社879	-	-	-	-	-	-	-	-	-	-	-	-	-	地方神社(集合カテゴリ枠)
SHR-880	地方神社880	-	-	-	-	-	-	-	-	-	-	-	-	-	地方神社(集合カテゴリ枠)
SHR-881	地方神社881	-	-	-	-	-	-	-	-	-	-	-	-	-	地方神社(集合カテゴリ枠)
SHR-882	地方神社882	-	-	-	-	-	-	-	-	-	-	-	-	-	地方神社(集合カテゴリ枠)
SHR-883	地方神社883	-	-	-	-	-	-	-	-	-	-	-	-	-	地方神社(集合カテゴリ枠)
SHR-884	地方神社884	-	-	-	-	-	-	-	-	-	-	-	-	-	地方神社(集合カテゴリ枠)
SHR-885	地方神社885	-	-	-	-	-	-	-	-	-	-	-	-	-	地方神社(集合カテゴリ枠)
SHR-886	地方神社886	-	-	-	-	-	-	-	-	-	-	-	-	-	地方神社(集合カテゴリ枠)
SHR-887	地方神社887	-	-	-	-	-	-	-	-	-	-	-	-	-	地方神社(集合カテゴリ枠)
SHR-888	地方神社888	-	-	-	-	-	-	-	-	-	-	-	-	-	地方神社(集合カテゴリ枠)
SHR-889	地方神社889	-	-	-	-	-	-	-	-	-	-	-	-	-	地方神社(集合カテゴリ枠)
SHR-890	地方神社890	-	-	-	-	-	-	-	-	-	-	-	-	-	地方神社(集合カテゴリ枠)
SHR-891	地方神社891	-	-	-	-	-	-	-	-	-	-	-	-	-	地方神社(集合カテゴリ枠)
SHR-892	地方神社892	-	-	-	-	-	-	-	-	-	-	-	-	-	地方神社(集合カテゴリ枠)
SHR-893	地方神社893	-	-	-	-	-	-	-	-	-	-	-	-	-	地方神社(集合カテゴリ枠)
SHR-894	地方神社894	-	-	-	-	-	-	-	-	-	-	-	-	-	地方神社(集合カテゴリ枠)
SHR-895	地方神社895	-	-	-	-	-	-	-	-	-	-	-	-	-	地方神社(集合カテゴリ枠)
SHR-896	地方神社896	-	-	-	-	-	-	-	-	-	-	-	-	-	地方神社(集合カテゴリ枠)
SHR-897	地方神社897	-	-	-	-	-	-	-	-	-	-	-	-	-	地方神社(集合カテゴリ枠)
SHR-898	地方神社898	-	-	-	-	-	-	-	-	-	-	-	-	-	地方神社(集合カテゴリ枠)
SHR-899	地方神社899	-	-	-	-	-	-	-	-	-	-	-	-	-	地方神社(集合カテゴリ枠)
SHR-900	地方神社900	-	-	-	-	-	-	-	-	-	-	-	-	-	地方神社(集合カテゴリ枠)
SHR-901	地方神社901	-	-	-	-	-	-	-	-	-	-	-	-	-	地方神社(集合カテゴリ枠)
SHR-902	地方神社902	-	-	-	-	-	-	-	-	-	-	-	-	-	地方神社(集合カテゴリ枠)
SHR-903	地方神社903	-	-	-	-	-	-	-	-	-	-	-	-	-	地方神社(集合カテゴリ枠)
SHR-904	地方神社904	-	-	-	-	-	-	-	-	-	-	-	-	-	地方神社(集合カテゴリ枠)
SHR-905	地方神社905	-	-	-	-	-	-	-	-	-	-	-	-	-	地方神社(集合カテゴリ枠)
SHR-906	地方神社906	-	-	-	-	-	-	-	-	-	-	-	-	-	地方神社(集合カテゴリ枠)
SHR-907	地方神社907	-	-	-	-	-	-	-	-	-	-	-	-	-	地方神社(集合カテゴリ枠)
SHR-908	地方神社908	-	-	-	-	-	-	-	-	-	-	-	-	-	地方神社(集合カテゴリ枠)
SHR-909	地方神社909	-	-	-	-	-	-	-	-	-	-	-	-	-	地方神社(集合カテゴリ枠)
SHR-910	地方神社910	-	-	-	-	-	-	-	-	-	-	-	-	-	地方神社(集合カテゴリ枠)
SHR-911	地方神社911	-	-	-	-	-	-	-	-	-	-	-	-	-	地方神社(集合カテゴリ枠)
SHR-912	地方神社912	-	-	-	-	-	-	-	-	-	-	-	-	-	地方神社(集合カテゴリ枠)
SHR-913	地方神社913	-	-	-	-	-	-	-	-	-	-	-	-	-	地方神社(集合カテゴリ枠)
SHR-914	地方神社914	-	-	-	-	-	-	-	-	-	-	-	-	-	地方神社(集合カテゴリ枠)
SHR-915	地方神社915	-	-	-	-	-	-	-	-	-	-	-	-	-	地方神社(集合カテゴリ枠)
SHR-916	地方神社916	-	-	-	-	-	-	-	-	-	-	-	-	-	地方神社(集合カテゴリ枠)
SHR-917	地方神社917	-	-	-	-	-	-	-	-	-	-	-	-	-	地方神社(集合カテゴリ枠)
SHR-918	地方神社918	-	-	-	-	-	-	-	-	-	-	-	-	-	地方神社(集合カテゴリ枠)
SHR-919	地方神社919	-	-	-	-	-	-	-	-	-	-	-	-	-	地方神社(集合カテゴリ枠)
SHR-920	地方神社920	-	-	-	-	-	-	-	-	-	-	-	-	-	地方神社(集合カテゴリ枠)
SHR-921	地方神社921	-	-	-	-	-	-	-	-	-	-	-	-	-	地方神社(集合カテゴリ枠)
SHR-922	地方神社922	-	-	-	-	-	-	-	-	-	-	-	-	-	地方神社(集合カテゴリ枠)
SHR-923	地方神社923	-	-	-	-	-	-	-	-	-	-	-	-	-	地方神社(集合カテゴリ枠)
SHR-924	地方神社924	-	-	-	-	-	-	-	-	-	-	-	-	-	地方神社(集合カテゴリ枠)
SHR-925	地方神社925	-	-	-	-	-	-	-	-	-	-	-	-	-	地方神社(集合カテゴリ枠)
SHR-926	地方神社926	-	-	-	-	-	-	-	-	-	-	-	-	-	地方神社(集合カテゴリ枠)
SHR-927	地方神社927	-	-	-	-	-	-	-	-	-	-	-	-	-	地方神社(集合カテゴリ枠)
SHR-928	地方神社928	-	-	-	-	-	-	-	-	-	-	-	-	-	地方神社(集合カテゴリ枠)
SHR-929	地方神社929	-	-	-	-	-	-	-	-	-	-	-	-	-	地方神社(集合カテゴリ枠)
SHR-930	地方神社930	-	-	-	-	-	-	-	-	-	-	-	-	-	地方神社(集合カテゴリ枠)
SHR-931	地方神社931	-	-	-	-	-	-	-	-	-	-	-	-	-	地方神社(集合カテゴリ枠)
SHR-932	地方神社932	-	-	-	-	-	-	-	-	-	-	-	-	-	地方神社(集合カテゴリ枠)
SHR-933	地方神社933	-	-	-	-	-	-	-	-	-	-	-	-	-	地方神社(集合カテゴリ枠)
SHR-934	地方神社934	-	-	-	-	-	-	-	-	-	-	-	-	-	地方神社(集合カテゴリ枠)
SHR-935	地方神社935	-	-	-	-	-	-	-	-	-	-	-	-	-	地方神社(集合カテゴリ枠)
SHR-936	地方神社936	-	-	-	-	-	-	-	-	-	-	-	-	-	地方神社(集合カテゴリ枠)
SHR-937	地方神社937	-	-	-	-	-	-	-	-	-	-	-	-	-	地方神社(集合カテゴリ枠)
SHR-938	地方神社938	-	-	-	-	-	-	-	-	-	-	-	-	-	地方神社(集合カテゴリ枠)
SHR-939	地方神社939	-	-	-	-	-	-	-	-	-	-	-	-	-	地方神社(集合カテゴリ枠)
SHR-940	地方神社940	-	-	-	-	-	-	-	-	-	-	-	-	-	地方神社(集合カテゴリ枠)
SHR-941	地方神社941	-	-	-	-	-	-	-	-	-	-	-	-	-	地方神社(集合カテゴリ枠)
SHR-942	地方神社942	-	-	-	-	-	-	-	-	-	-	-	-	-	地方神社(集合カテゴリ枠)
SHR-943	地方神社943	-	-	-	-	-	-	-	-	-	-	-	-	-	地方神社(集合カテゴリ枠)
SHR-944	地方神社944	-	-	-	-	-	-	-	-	-	-	-	-	-	地方神社(集合カテゴリ枠)
SHR-945	地方神社945	-	-	-	-	-	-	-	-	-	-	-	-	-	地方神社(集合カテゴリ枠)
SHR-946	地方神社946	-	-	-	-	-	-	-	-	-	-	-	-	-	地方神社(集合カテゴリ枠)
SHR-947	地方神社947	-	-	-	-	-	-	-	-	-	-	-	-	-	地方神社(集合カテゴリ枠)
SHR-948	地方神社948	-	-	-	-	-	-	-	-	-	-	-	-	-	地方神社(集合カテゴリ枠)
SHR-949	地方神社949	-	-	-	-	-	-	-	-	-	-	-	-	-	地方神社(集合カテゴリ枠)
SHR-950	地方神社950	-	-	-	-	-	-	-	-	-	-	-	-	-	地方神社(集合カテゴリ枠)
SHR-951	地方神社951	-	-	-	-	-	-	-	-	-	-	-	-	-	地方神社(集合カテゴリ枠)
SHR-952	地方神社952	-	-	-	-	-	-	-	-	-	-	-	-	-	地方神社(集合カテゴリ枠)
SHR-953	地方神社953	-	-	-	-	-	-	-	-	-	-	-	-	-	地方神社(集合カテゴリ枠)
SHR-954	地方神社954	-	-	-	-	-	-	-	-	-	-	-	-	-	地方神社(集合カテゴリ枠)
SHR-955	地方神社955	-	-	-	-	-	-	-	-	-	-	-	-	-	地方神社(集合カテゴリ枠)
SHR-956	地方神社956	-	-	-	-	-	-	-	-	-	-	-	-	-	地方神社(集合カテゴリ枠)
SHR-957	地方神社957	-	-	-	-	-	-	-	-	-	-	-	-	-	地方神社(集合カテゴリ枠)
SHR-958	地方神社958	-	-	-	-	-	-	-	-	-	-	-	-	-	地方神社(集合カテゴリ枠)
SHR-959	地方神社959	-	-	-	-	-	-	-	-	-	-	-	-	-	地方神社(集合カテゴリ枠)
SHR-960	地方神社960	-	-	-	-	-	-	-	-	-	-	-	-	-	地方神社(集合カテゴリ枠)
SHR-961	地方神社961	-	-	-	-	-	-	-	-	-	-	-	-	-	地方神社(集合カテゴリ枠)
SHR-962	地方神社962	-	-	-	-	-	-	-	-	-	-	-	-	-	地方神社(集合カテゴリ枠)
SHR-963	地方神社963	-	-	-	-	-	-	-	-	-	-	-	-	-	地方神社(集合カテゴリ枠)
SHR-964	地方神社964	-	-	-	-	-	-	-	-	-	-	-	-	-	地方神社(集合カテゴリ枠)
SHR-965	地方神社965	-	-	-	-	-	-	-	-	-	-	-	-	-	地方神社(集合カテゴリ枠)
SHR-966	地方神社966	-	-	-	-	-	-	-	-	-	-	-	-	-	地方神社(集合カテゴリ枠)
SHR-967	地方神社967	-	-	-	-	-	-	-	-	-	-	-	-	-	地方神社(集合カテゴリ枠)
SHR-968	地方神社968	-	-	-	-	-	-	-	-	-	-	-	-	-	地方神社(集合カテゴリ枠)
SHR-969	地方神社969	-	-	-	-	-	-	-	-	-	-	-	-	-	地方神社(集合カテゴリ枠)
SHR-970	地方神社970	-	-	-	-	-	-	-	-	-	-	-	-	-	地方神社(集合カテゴリ枠)
SHR-971	地方神社971	-	-	-	-	-	-	-	-	-	-	-	-	-	地方神社(集合カテゴリ枠)
SHR-972	地方神社972	-	-	-	-	-	-	-	-	-	-	-	-	-	地方神社(集合カテゴリ枠)
SHR-973	地方神社973	-	-	-	-	-	-	-	-	-	-	-	-	-	地方神社(集合カテゴリ枠)
SHR-974	地方神社974	-	-	-	-	-	-	-	-	-	-	-	-	-	地方神社(集合カテゴリ枠)
SHR-975	地方神社975	-	-	-	-	-	-	-	-	-	-	-	-	-	地方神社(集合カテゴリ枠)
SHR-976	地方神社976	-	-	-	-	-	-	-	-	-	-	-	-	-	地方神社(集合カテゴリ枠)
SHR-977	地方神社977	-	-	-	-	-	-	-	-	-	-	-	-	-	地方神社(集合カテゴリ枠)
SHR-978	地方神社978	-	-	-	-	-	-	-	-	-	-	-	-	-	地方神社(集合カテゴリ枠)
SHR-979	地方神社979	-	-	-	-	-	-	-	-	-	-	-	-	-	地方神社(集合カテゴリ枠)
SHR-980	地方神社980	-	-	-	-	-	-	-	-	-	-	-	-	-	地方神社(集合カテゴリ枠)
SHR-981	地方神社981	-	-	-	-	-	-	-	-	-	-	-	-	-	地方神社(集合カテゴリ枠)
SHR-982	地方神社982	-	-	-	-	-	-	-	-	-	-	-	-	-	地方神社(集合カテゴリ枠)
SHR-983	地方神社983	-	-	-	-	-	-	-	-	-	-	-	-	-	地方神社(集合カテゴリ枠)
SHR-984	地方神社984	-	-	-	-	-	-	-	-	-	-	-	-	-	地方神社(集合カテゴリ枠)
SHR-985	地方神社985	-	-	-	-	-	-	-	-	-	-	-	-	-	地方神社(集合カテゴリ枠)
SHR-986	地方神社986	-	-	-	-	-	-	-	-	-	-	-	-	-	地方神社(集合カテゴリ枠)
SHR-987	地方神社987	-	-	-	-	-	-	-	-	-	-	-	-	-	地方神社(集合カテゴリ枠)
SHR-988	地方神社988	-	-	-	-	-	-	-	-	-	-	-	-	-	地方神社(集合カテゴリ枠)
SHR-989	地方神社989	-	-	-	-	-	-	-	-	-	-	-	-	-	地方神社(集合カテゴリ枠)
SHR-990	地方神社990	-	-	-	-	-	-	-	-	-	-	-	-	-	地方神社(集合カテゴリ枠)
SHR-991	地方神社991	-	-	-	-	-	-	-	-	-	-	-	-	-	地方神社(集合カテゴリ枠)
SHR-992	地方神社992	-	-	-	-	-	-	-	-	-	-	-	-	-	地方神社(集合カテゴリ枠)
SHR-993	地方神社993	-	-	-	-	-	-	-	-	-	-	-	-	-	地方神社(集合カテゴリ枠)
SHR-994	地方神社994	-	-	-	-	-	-	-	-	-	-	-	-	-	地方神社(集合カテゴリ枠)
SHR-995	地方神社995	-	-	-	-	-	-	-	-	-	-	-	-	-	地方神社(集合カテゴリ枠)
SHR-996	地方神社996	-	-	-	-	-	-	-	-	-	-	-	-	-	地方神社(集合カテゴリ枠)
SHR-997	地方神社997	-	-	-	-	-	-	-	-	-	-	-	-	-	地方神社(集合カテゴリ枠)
SHR-998	地方神社998	-	-	-	-	-	-	-	-	-	-	-	-	-	地方神社(集合カテゴリ枠)
SHR-999	地方神社999	-	-	-	-	-	-	-	-	-	-	-	-	-	地方神社(集合カテゴリ枠)
SHR-1000	地方神社1000	-	-	-	-	-	-	-	-	-	-	-	-	-	地方神社(集合カテゴリ枠)
SHR-1001	地方神社1001	-	-	-	-	-	-	-	-	-	-	-	-	-	地方神社(集合カテゴリ枠)
SHR-1002	地方神社1002	-	-	-	-	-	-	-	-	-	-	-	-	-	地方神社(集合カテゴリ枠)
SHR-1003	地方神社1003	-	-	-	-	-	-	-	-	-	-	-	-	-	地方神社(集合カテゴリ枠)
SHR-1004	地方神社1004	-	-	-	-	-	-	-	-	-	-	-	-	-	地方神社(集合カテゴリ枠)
SHR-1005	地方神社1005	-	-	-	-	-	-	-	-	-	-	-	-	-	地方神社(集合カテゴリ枠)
SHR-1006	地方神社1006	-	-	-	-	-	-	-	-	-	-	-	-	-	地方神社(集合カテゴリ枠)
SHR-1007	地方神社1007	-	-	-	-	-	-	-	-	-	-	-	-	-	地方神社(集合カテゴリ枠)
SHR-1008	地方神社1008	-	-	-	-	-	-	-	-	-	-	-	-	-	地方神社(集合カテゴリ枠)
